StartDate,EndDate,Status,IPAddress,Progress,Duration (in seconds),Finished,RecordedDate,ResponseId,RecipientLastName,RecipientFirstName,RecipientEmail,ExternalReference,LocationLatitude,LocationLongitude,DistributionChannel,UserLanguage,Last Seen Flow Element ID,Last Seen Question IDs,consent,eng_screener_1,eng_screener_2,prod_1_2,prod_2_2,prod_2_3,prod_2_4,prod_2_5,prod_2_6,prod_2_7,prod_2_8,prod_2_9,prod_2_10,prod_2_11,prod_2_12,prod_2_13,prod_2_14,prod_2_15,prod_2_16,prod_2_17,prod_2_18,prod_2_19,prod_2_20,prod_2_21,rt_prod_1_First Click,rt_prod_1_Last Click,rt_prod_1_Page Submit,rt_prod_1_Click Count,prod_1_painful_1,prod_1_typ_charge,prod_1_fair_price,prod_1_value_1,prod_1_purchased,prod_1_2,prod_2_2,prod_2_3,prod_2_4,prod_2_5,prod_2_6,prod_2_7,prod_2_8,prod_2_9,prod_2_10,prod_2_11,prod_2_12,prod_2_13,prod_2_14,prod_2_15,prod_2_16,prod_2_17,prod_2_18,prod_2_19,prod_2_20,prod_2_21,Q586_First Click,Q586_Last Click,Q586_Page Submit,Q586_Click Count,Q587_1,Q589,Q590,Q592_1,Q593,shark_screeners_1,shark_screeners_2,shark_screeners_3,shark_screeners_4,prod_1_2,prod_2_2,prod_2_3,prod_2_4,prod_2_5,prod_2_6,prod_2_7,prod_2_8,prod_2_9,prod_2_10,prod_2_11,prod_2_12,prod_2_13,prod_2_14,prod_2_15,prod_2_16,prod_2_17,prod_2_18,prod_2_19,prod_2_20,prod_2_21,Q596_First Click,Q596_Last Click,Q596_Page Submit,Q596_Click Count,Q597_1,Q599,Q600,Q602_1,Q603,age,gender,comments,mTurkCode,PROLIFIC_PID,STUDY_ID,SESSION_ID,Item,Description,Item2,Description2,Item3,Description3
Start Date,End Date,Response Type,IP Address,Progress,Duration (in seconds),Finished,Recorded Date,Response ID,Recipient Last Name,Recipient First Name,Recipient Email,External Data Reference,Location Latitude,Location Longitude,Distribution Channel,User Language,Last Seen Flow Element ID,Last Seen Question IDs,Do you agree to participate in the research study described above?,"Please select the response whose meaning is closest to the bolded word.
PERIOD: It was a difficult period.","Please select the response whose meaning is closest to the bolded word.
FRACTURE: They found a fracture.","Product 1 / 3

 

Think about how it feels to purchase the following item. If you have never purchased this item, try to imagine how it would feel:

 

[Field-Description]

 
Please respond to each statement below regarding that purchase: - This item is greatly overpriced.","Product 1 / 3

 

Think about how it feels to purchase the following item. If you have never purchased this item, try to imagine how it would feel:

 

[Field-Description]

 
Please respond to each statement below regarding that purchase: - The price of this item is more than I’d expect to pay for it.","Product 1 / 3

 

Think about how it feels to purchase the following item. If you have never purchased this item, try to imagine how it would feel:

 

[Field-Description]

 
Please respond to each statement below regarding that purchase: - This item is very expensive.","Product 1 / 3

 

Think about how it feels to purchase the following item. If you have never purchased this item, try to imagine how it would feel:

 

[Field-Description]

 
Please respond to each statement below regarding that purchase: - Without other items, this item is pretty much worthless.","Product 1 / 3

 

Think about how it feels to purchase the following item. If you have never purchased this item, try to imagine how it would feel:

 

[Field-Description]

 
Please respond to each statement below regarding that purchase: - I only get value from this when I use it with other products.","Product 1 / 3

 

Think about how it feels to purchase the following item. If you have never purchased this item, try to imagine how it would feel:

 

[Field-Description]

 
Please respond to each statement below regarding that purchase: - This product is something I pay for in order to enable something else, not because I value it for its own sake.","Product 1 / 3

 

Think about how it feels to purchase the following item. If you have never purchased this item, try to imagine how it would feel:

 

[Field-Description]

 
Please respond to each statement below regarding that purchase: - This product allows me to do something, rather than being enjoyable in itself.","Product 1 / 3

 

Think about how it feels to purchase the following item. If you have never purchased this item, try to imagine how it would feel:

 

[Field-Description]

 
Please respond to each statement below regarding that purchase: - I feel like I have a choice of whether to buy this item.","Product 1 / 3

 

Think about how it feels to purchase the following item. If you have never purchased this item, try to imagine how it would feel:

 

[Field-Description]

 
Please respond to each statement below regarding that purchase: - I have other options if I choose not to buy this thing.","Product 1 / 3

 

Think about how it feels to purchase the following item. If you have never purchased this item, try to imagine how it would feel:

 

[Field-Description]

 
Please respond to each statement below regarding that purchase: - I can't really control when I have to buy this.","Product 1 / 3

 

Think about how it feels to purchase the following item. If you have never purchased this item, try to imagine how it would feel:

 

[Field-Description]

 
Please respond to each statement below regarding that purchase: - Paying for this product feels like an unavoidable requirement, not a free choice.","Product 1 / 3

 

Think about how it feels to purchase the following item. If you have never purchased this item, try to imagine how it would feel:

 

[Field-Description]

 
Please respond to each statement below regarding that purchase: - I feel like I have no real choice but to pay for this product in situations where I need it.","Product 1 / 3

 

Think about how it feels to purchase the following item. If you have never purchased this item, try to imagine how it would feel:

 

[Field-Description]

 
Please respond to each statement below regarding that purchase: - I can hold or touch this item in my hands.","Product 1 / 3

 

Think about how it feels to purchase the following item. If you have never purchased this item, try to imagine how it would feel:

 

[Field-Description]

 
Please respond to each statement below regarding that purchase: - This is a physical product.","Product 1 / 3

 

Think about how it feels to purchase the following item. If you have never purchased this item, try to imagine how it would feel:

 

[Field-Description]

 
Please respond to each statement below regarding that purchase: - This product is tangible/concrete.","Product 1 / 3

 

Think about how it feels to purchase the following item. If you have never purchased this item, try to imagine how it would feel:

 

[Field-Description]

 
Please respond to each statement below regarding that purchase: - If I buy this product, I can use it over a long period of time.","Product 1 / 3

 

Think about how it feels to purchase the following item. If you have never purchased this item, try to imagine how it would feel:

 

[Field-Description]

 
Please respond to each statement below regarding that purchase: - This product lasts a while.","Product 1 / 3

 

Think about how it feels to purchase the following item. If you have never purchased this item, try to imagine how it would feel:

 

[Field-Description]

 
Please respond to each statement below regarding that purchase: - Most businesses give this away for free.","Product 1 / 3

 

Think about how it feels to purchase the following item. If you have never purchased this item, try to imagine how it would feel:

 

[Field-Description]

 
Please respond to each statement below regarding that purchase: - People usually don't pay money for this.","Product 1 / 3

 

Think about how it feels to purchase the following item. If you have never purchased this item, try to imagine how it would feel:

 

[Field-Description]

 
Please respond to each statement below regarding that purchase: - I expect this item to be free.","Product 1 / 3

 

Think about how it feels to purchase the following item. If you have never purchased this item, try to imagine how it would feel:

 

[Field-Description]

 
Please respond to each statement below regarding that purchase: - This item feels like it should be free.",Timing - First Click,Timing - Last Click,Timing - Page Submit,Timing - Click Count,How painful is it to purchase [Field-Description]? - not at all painful:very painful,"On average, how much does a typical establishment charge for [Field-Description]?",What do you believe is a fair price for [Field-Description]?,How much value do you get from [Field-Description]? - None:A whole lot,Have you purchased [Field-Description] in the past six months?,"Product 2 / 3

 

Think about how it feels to purchase the following item. If you have never purchased this item, try to imagine how it would feel:

 

[Field-Description2]

 
Please respond to each statement below regarding that purchase: - This item is greatly overpriced.","Product 2 / 3

 

Think about how it feels to purchase the following item. If you have never purchased this item, try to imagine how it would feel:

 

[Field-Description2]

 
Please respond to each statement below regarding that purchase: - The price of this item is more than I’d expect to pay for it.","Product 2 / 3

 

Think about how it feels to purchase the following item. If you have never purchased this item, try to imagine how it would feel:

 

[Field-Description2]

 
Please respond to each statement below regarding that purchase: - This item is very expensive.","Product 2 / 3

 

Think about how it feels to purchase the following item. If you have never purchased this item, try to imagine how it would feel:

 

[Field-Description2]

 
Please respond to each statement below regarding that purchase: - Without other items, this item is pretty much worthless.","Product 2 / 3

 

Think about how it feels to purchase the following item. If you have never purchased this item, try to imagine how it would feel:

 

[Field-Description2]

 
Please respond to each statement below regarding that purchase: - I only get value from this when I use it with other products.","Product 2 / 3

 

Think about how it feels to purchase the following item. If you have never purchased this item, try to imagine how it would feel:

 

[Field-Description2]

 
Please respond to each statement below regarding that purchase: - This product is something I pay for in order to enable something else, not because I value it for its own sake.","Product 2 / 3

 

Think about how it feels to purchase the following item. If you have never purchased this item, try to imagine how it would feel:

 

[Field-Description2]

 
Please respond to each statement below regarding that purchase: - This product allows me to do something, rather than being enjoyable in itself.","Product 2 / 3

 

Think about how it feels to purchase the following item. If you have never purchased this item, try to imagine how it would feel:

 

[Field-Description2]

 
Please respond to each statement below regarding that purchase: - I feel like I have a choice of whether to buy this item.","Product 2 / 3

 

Think about how it feels to purchase the following item. If you have never purchased this item, try to imagine how it would feel:

 

[Field-Description2]

 
Please respond to each statement below regarding that purchase: - I have other options if I choose not to buy this thing.","Product 2 / 3

 

Think about how it feels to purchase the following item. If you have never purchased this item, try to imagine how it would feel:

 

[Field-Description2]

 
Please respond to each statement below regarding that purchase: - I can't really control when I have to buy this.","Product 2 / 3

 

Think about how it feels to purchase the following item. If you have never purchased this item, try to imagine how it would feel:

 

[Field-Description2]

 
Please respond to each statement below regarding that purchase: - Paying for this product feels like an unavoidable requirement, not a free choice.","Product 2 / 3

 

Think about how it feels to purchase the following item. If you have never purchased this item, try to imagine how it would feel:

 

[Field-Description2]

 
Please respond to each statement below regarding that purchase: - I feel like I have no real choice but to pay for this product in situations where I need it.","Product 2 / 3

 

Think about how it feels to purchase the following item. If you have never purchased this item, try to imagine how it would feel:

 

[Field-Description2]

 
Please respond to each statement below regarding that purchase: - I can hold or touch this item in my hands.","Product 2 / 3

 

Think about how it feels to purchase the following item. If you have never purchased this item, try to imagine how it would feel:

 

[Field-Description2]

 
Please respond to each statement below regarding that purchase: - This is a physical product.","Product 2 / 3

 

Think about how it feels to purchase the following item. If you have never purchased this item, try to imagine how it would feel:

 

[Field-Description2]

 
Please respond to each statement below regarding that purchase: - This product is tangible/concrete.","Product 2 / 3

 

Think about how it feels to purchase the following item. If you have never purchased this item, try to imagine how it would feel:

 

[Field-Description2]

 
Please respond to each statement below regarding that purchase: - If I buy this product, I can use it over a long period of time.","Product 2 / 3

 

Think about how it feels to purchase the following item. If you have never purchased this item, try to imagine how it would feel:

 

[Field-Description2]

 
Please respond to each statement below regarding that purchase: - This product lasts a while.","Product 2 / 3

 

Think about how it feels to purchase the following item. If you have never purchased this item, try to imagine how it would feel:

 

[Field-Description2]

 
Please respond to each statement below regarding that purchase: - Most businesses give this away for free.","Product 2 / 3

 

Think about how it feels to purchase the following item. If you have never purchased this item, try to imagine how it would feel:

 

[Field-Description2]

 
Please respond to each statement below regarding that purchase: - People usually don't pay money for this.","Product 2 / 3

 

Think about how it feels to purchase the following item. If you have never purchased this item, try to imagine how it would feel:

 

[Field-Description2]

 
Please respond to each statement below regarding that purchase: - I expect this item to be free.","Product 2 / 3

 

Think about how it feels to purchase the following item. If you have never purchased this item, try to imagine how it would feel:

 

[Field-Description2]

 
Please respond to each statement below regarding that purchase: - This item feels like it should be free.",Timing - First Click,Timing - Last Click,Timing - Page Submit,Timing - Click Count,How painful is it to purchase [Field-Description2]? - not at all painful:very painful,"On average, how much does a typical establishment charge for [Field-Description2]?",What do you believe is a fair price for [Field-Description2]?,How much value do you get from [Field-Description2]? - None:A whole lot,Have you purchased [Field-Description2] in the past six months?,Please respond truthfully to the items below. - Have you ever been bitten by an insect?,Please respond truthfully to the items below. - Have you ever been bitten by a dog?,Please respond truthfully to the items below. - Have you ever been bitten by a great white shark?,Please respond truthfully to the items below. - Have you ever suffered a fatal heart attack?,"Product 3 / 3

 

Think about how it feels to purchase the following item. If you have never purchased this item, try to imagine how it would feel:

 

[Field-Description3]

 
Please respond to each statement below regarding that purchase: - This item is greatly overpriced.","Product 3 / 3

 

Think about how it feels to purchase the following item. If you have never purchased this item, try to imagine how it would feel:

 

[Field-Description3]

 
Please respond to each statement below regarding that purchase: - The price of this item is more than I’d expect to pay for it.","Product 3 / 3

 

Think about how it feels to purchase the following item. If you have never purchased this item, try to imagine how it would feel:

 

[Field-Description3]

 
Please respond to each statement below regarding that purchase: - This item is very expensive.","Product 3 / 3

 

Think about how it feels to purchase the following item. If you have never purchased this item, try to imagine how it would feel:

 

[Field-Description3]

 
Please respond to each statement below regarding that purchase: - Without other items, this item is pretty much worthless.","Product 3 / 3

 

Think about how it feels to purchase the following item. If you have never purchased this item, try to imagine how it would feel:

 

[Field-Description3]

 
Please respond to each statement below regarding that purchase: - I only get value from this when I use it with other products.","Product 3 / 3

 

Think about how it feels to purchase the following item. If you have never purchased this item, try to imagine how it would feel:

 

[Field-Description3]

 
Please respond to each statement below regarding that purchase: - This product is something I pay for in order to enable something else, not because I value it for its own sake.","Product 3 / 3

 

Think about how it feels to purchase the following item. If you have never purchased this item, try to imagine how it would feel:

 

[Field-Description3]

 
Please respond to each statement below regarding that purchase: - This product allows me to do something, rather than being enjoyable in itself.","Product 3 / 3

 

Think about how it feels to purchase the following item. If you have never purchased this item, try to imagine how it would feel:

 

[Field-Description3]

 
Please respond to each statement below regarding that purchase: - I feel like I have a choice of whether to buy this item.","Product 3 / 3

 

Think about how it feels to purchase the following item. If you have never purchased this item, try to imagine how it would feel:

 

[Field-Description3]

 
Please respond to each statement below regarding that purchase: - I have other options if I choose not to buy this thing.","Product 3 / 3

 

Think about how it feels to purchase the following item. If you have never purchased this item, try to imagine how it would feel:

 

[Field-Description3]

 
Please respond to each statement below regarding that purchase: - I can't really control when I have to buy this.","Product 3 / 3

 

Think about how it feels to purchase the following item. If you have never purchased this item, try to imagine how it would feel:

 

[Field-Description3]

 
Please respond to each statement below regarding that purchase: - Paying for this product feels like an unavoidable requirement, not a free choice.","Product 3 / 3

 

Think about how it feels to purchase the following item. If you have never purchased this item, try to imagine how it would feel:

 

[Field-Description3]

 
Please respond to each statement below regarding that purchase: - I feel like I have no real choice but to pay for this product in situations where I need it.","Product 3 / 3

 

Think about how it feels to purchase the following item. If you have never purchased this item, try to imagine how it would feel:

 

[Field-Description3]

 
Please respond to each statement below regarding that purchase: - I can hold or touch this item in my hands.","Product 3 / 3

 

Think about how it feels to purchase the following item. If you have never purchased this item, try to imagine how it would feel:

 

[Field-Description3]

 
Please respond to each statement below regarding that purchase: - This is a physical product.","Product 3 / 3

 

Think about how it feels to purchase the following item. If you have never purchased this item, try to imagine how it would feel:

 

[Field-Description3]

 
Please respond to each statement below regarding that purchase: - This product is tangible/concrete.","Product 3 / 3

 

Think about how it feels to purchase the following item. If you have never purchased this item, try to imagine how it would feel:

 

[Field-Description3]

 
Please respond to each statement below regarding that purchase: - If I buy this product, I can use it over a long period of time.","Product 3 / 3

 

Think about how it feels to purchase the following item. If you have never purchased this item, try to imagine how it would feel:

 

[Field-Description3]

 
Please respond to each statement below regarding that purchase: - This product lasts a while.","Product 3 / 3

 

Think about how it feels to purchase the following item. If you have never purchased this item, try to imagine how it would feel:

 

[Field-Description3]

 
Please respond to each statement below regarding that purchase: - Most businesses give this away for free.","Product 3 / 3

 

Think about how it feels to purchase the following item. If you have never purchased this item, try to imagine how it would feel:

 

[Field-Description3]

 
Please respond to each statement below regarding that purchase: - People usually don't pay money for this.","Product 3 / 3

 

Think about how it feels to purchase the following item. If you have never purchased this item, try to imagine how it would feel:

 

[Field-Description3]

 
Please respond to each statement below regarding that purchase: - I expect this item to be free.","Product 3 / 3

 

Think about how it feels to purchase the following item. If you have never purchased this item, try to imagine how it would feel:

 

[Field-Description3]

 
Please respond to each statement below regarding that purchase: - This item feels like it should be free.",Timing - First Click,Timing - Last Click,Timing - Page Submit,Timing - Click Count,How painful is it to purchase [Field-Description3]? - not at all painful:very painful,"On average, how much does a typical establishment charge for [Field-Description3]?",What do you believe is a fair price for [Field-Description3]?,How much value do you get from [Field-Description3]? - None:A whole lot,Have you purchased [Field-Description3] in the past six months?,How old are you?,What is your gender?,Please feel free to write any comments you may have about this survey.,mTurkCode,PROLIFIC_PID,STUDY_ID,SESSION_ID,Item,Description,Item2,Description2,Item3,Description3
"{""ImportId"":""startDate"",""timeZone"":""America/Denver""}","{""ImportId"":""endDate"",""timeZone"":""America/Denver""}","{""ImportId"":""status""}","{""ImportId"":""ipAddress""}","{""ImportId"":""progress""}","{""ImportId"":""duration""}","{""ImportId"":""finished""}","{""ImportId"":""recordedDate"",""timeZone"":""America/Denver""}","{""ImportId"":""_recordId""}","{""ImportId"":""recipientLastName""}","{""ImportId"":""recipientFirstName""}","{""ImportId"":""recipientEmail""}","{""ImportId"":""externalDataReference""}","{""ImportId"":""locationLatitude""}","{""ImportId"":""locationLongitude""}","{""ImportId"":""distributionChannel""}","{""ImportId"":""userLanguage""}","{""ImportId"":""LastSeenFlowID""}","{""ImportId"":""LastSeenQuestions""}","{""ImportId"":""QID115""}","{""ImportId"":""QID549""}","{""ImportId"":""QID551""}","{""ImportId"":""QID605_1""}","{""ImportId"":""QID605_2""}","{""ImportId"":""QID605_3""}","{""ImportId"":""QID605_4""}","{""ImportId"":""QID605_5""}","{""ImportId"":""QID605_6""}","{""ImportId"":""QID605_7""}","{""ImportId"":""QID605_8""}","{""ImportId"":""QID605_9""}","{""ImportId"":""QID605_10""}","{""ImportId"":""QID605_11""}","{""ImportId"":""QID605_12""}","{""ImportId"":""QID605_13""}","{""ImportId"":""QID605_14""}","{""ImportId"":""QID605_15""}","{""ImportId"":""QID605_16""}","{""ImportId"":""QID605_17""}","{""ImportId"":""QID605_18""}","{""ImportId"":""QID605_19""}","{""ImportId"":""QID605_20""}","{""ImportId"":""QID605_21""}","{""ImportId"":""QID528_FIRST_CLICK""}","{""ImportId"":""QID528_LAST_CLICK""}","{""ImportId"":""QID528_PAGE_SUBMIT""}","{""ImportId"":""QID528_CLICK_COUNT""}","{""ImportId"":""QID522_1""}","{""ImportId"":""QID525_TEXT""}","{""ImportId"":""QID555_TEXT""}","{""ImportId"":""QID556_8""}","{""ImportId"":""QID524""}","{""ImportId"":""QID585_1""}","{""ImportId"":""QID585_2""}","{""ImportId"":""QID585_3""}","{""ImportId"":""QID585_4""}","{""ImportId"":""QID585_5""}","{""ImportId"":""QID585_6""}","{""ImportId"":""QID585_7""}","{""ImportId"":""QID585_8""}","{""ImportId"":""QID585_9""}","{""ImportId"":""QID585_10""}","{""ImportId"":""QID585_11""}","{""ImportId"":""QID585_12""}","{""ImportId"":""QID585_13""}","{""ImportId"":""QID585_14""}","{""ImportId"":""QID585_15""}","{""ImportId"":""QID585_16""}","{""ImportId"":""QID585_17""}","{""ImportId"":""QID585_18""}","{""ImportId"":""QID585_19""}","{""ImportId"":""QID585_20""}","{""ImportId"":""QID585_21""}","{""ImportId"":""QID586_FIRST_CLICK""}","{""ImportId"":""QID586_LAST_CLICK""}","{""ImportId"":""QID586_PAGE_SUBMIT""}","{""ImportId"":""QID586_CLICK_COUNT""}","{""ImportId"":""QID587_1""}","{""ImportId"":""QID589_TEXT""}","{""ImportId"":""QID590_TEXT""}","{""ImportId"":""QID592_8""}","{""ImportId"":""QID593""}","{""ImportId"":""QID505_1""}","{""ImportId"":""QID505_2""}","{""ImportId"":""QID505_3""}","{""ImportId"":""QID505_4""}","{""ImportId"":""QID606_1""}","{""ImportId"":""QID606_2""}","{""ImportId"":""QID606_3""}","{""ImportId"":""QID606_4""}","{""ImportId"":""QID606_5""}","{""ImportId"":""QID606_6""}","{""ImportId"":""QID606_7""}","{""ImportId"":""QID606_8""}","{""ImportId"":""QID606_9""}","{""ImportId"":""QID606_10""}","{""ImportId"":""QID606_11""}","{""ImportId"":""QID606_12""}","{""ImportId"":""QID606_13""}","{""ImportId"":""QID606_14""}","{""ImportId"":""QID606_15""}","{""ImportId"":""QID606_16""}","{""ImportId"":""QID606_17""}","{""ImportId"":""QID606_18""}","{""ImportId"":""QID606_19""}","{""ImportId"":""QID606_20""}","{""ImportId"":""QID606_21""}","{""ImportId"":""QID596_FIRST_CLICK""}","{""ImportId"":""QID596_LAST_CLICK""}","{""ImportId"":""QID596_PAGE_SUBMIT""}","{""ImportId"":""QID596_CLICK_COUNT""}","{""ImportId"":""QID597_1""}","{""ImportId"":""QID599_TEXT""}","{""ImportId"":""QID600_TEXT""}","{""ImportId"":""QID602_8""}","{""ImportId"":""QID603""}","{""ImportId"":""QID491_TEXT""}","{""ImportId"":""QID492""}","{""ImportId"":""QID553_TEXT""}","{""ImportId"":""mTurkCode""}","{""ImportId"":""PROLIFIC_PID""}","{""ImportId"":""STUDY_ID""}","{""ImportId"":""SESSION_ID""}","{""ImportId"":""Item""}","{""ImportId"":""Description""}","{""ImportId"":""Item2""}","{""ImportId"":""Description2""}","{""ImportId"":""Item3""}","{""ImportId"":""Description3""}"
8/4/2026 6:49,8/4/2026 6:53,0,24.231.140.243,100,249,1,8/4/2026 6:53,R_5s6LxIjuZZJ6lw5,,,,,45.8249,-88.066,anonymous,EN,FL_EOS_ID,,1,2,1,3,3,4,1,1,7,5,7,4,4,6,5,7,7,7,6,6,1,1,1,1,4.512,56.799,57.436,26,4,760,600,7,0,5,6,5,1,1,1,2,7,7,1,4,5,5,5,6,1,1,1,1,1,1,2.983,47.686,48.372,28,3,15,10,5,1,1,1,0,0,7,7,7,7,7,7,7,2,2,7,7,7,1,2,1,4,1,1,1,1,1,1.838,42.885,43.68,25,7,200,100,7,1,51,1,n/a,,5ecaf0fa5c1f7f6599d959ff,6a717b1f4315ca0c46f51534,6a71dfb4b6220d6c1435ab2a,Laptop,a laptop,Restaurant dinner,a restaurant dinner,Electricity bill,an electricity bill
8/4/2026 6:49,8/4/2026 6:53,0,172.56.33.115,100,243,1,8/4/2026 6:53,R_11TvMTDgd72mBKQ,,,,,39.037,-77.0412,anonymous,EN,FL_EOS_ID,,1,2,2,5,4,3,1,1,1,1,5,6,1,2,2,1,1,1,7,6,1,1,1,1,7.966,59.774,60.291,22,5,45,30,4,0,4,4,3,1,1,1,1,6,6,1,2,1,1,1,1,5,6,1,1,1,1,4.707,41.25,41.783,21,4,45,30,4,0,1,1,0,0,4,2,2,1,1,6,1,1,6,1,2,2,1,1,2,7,7,1,1,1,1,4.402,42.85,43.525,21,3,30,15,4,1,43,2,,,69f6a49df0d884e1a35cea37,6a717b1f4315ca0c46f51534,6a71dfcb939342fecde5cbea,Gym membership,a gym membership,Gym membership,a gym membership,Netflix,a Netflix subscription
8/4/2026 6:49,8/4/2026 6:53,0,66.213.123.46,100,268,1,8/4/2026 6:53,R_61F8tDHwQRsrrJh,,,,,41.1682,-81.2398,anonymous,EN,FL_EOS_ID,,1,2,1,3,2,3,2,2,3,5,6,6,2,1,3,6,6,6,4,3,2,1,2,3,14.119,49.208,49.759,24,2,10,10,5,0,5,6,5,2,4,6,6,6,3,5,6,6,4,4,6,2,2,1,1,1,2,4.755,32.322,32.856,21,5,100,100,4,0,1,1,0,0,4,4,3,4,3,2,2,5,5,3,2,2,2,1,4,6,6,1,1,1,1,3.644,49.228,49.865,24,4,10,10,5,0,35,1,,,60d3740f31606cb50e49f00c,6a717b1f4315ca0c46f51534,6a71dfcaba8dad6e23523f24,Bottle of wine,a bottle of wine,Uber or Lyft,Uber or Lyft,Digital book,a digital book
8/4/2026 6:49,8/4/2026 6:53,0,75.232.40.45,100,271,1,8/4/2026 6:53,R_5uqlZc4Vr9uMV8Z,,,,,41.6475,-88.0895,anonymous,EN,FL_EOS_ID,,1,2,1,3,3,2,1,1,1,1,7,7,1,1,1,7,7,7,1,1,1,1,1,1,7.92,54.731,55.757,21,3,12,9,3,1,1,1,2,1,1,1,1,7,7,1,1,1,7,7,7,3,3,1,1,1,1,6.266,43.503,44.918,21,1,4,4,5,1,1,1,0,0,1,1,1,1,1,1,1,7,5,1,1,5,7,7,7,7,7,1,1,1,1,7.297,42.892,43.849,21,1,12,8,5,1,68,2,,,69b1a380d1a73b12ea3dff15,6a717b1f4315ca0c46f51534,6a71dfcf919b0ca977b22314,Fast food meal,a fast food meal,Ice Cream,ice cream,Shampoo,shampoo
8/4/2026 6:50,8/4/2026 6:54,0,170.85.76.176,100,252,1,8/4/2026 6:54,R_7F58bO9NIOMRy5j,,,,,40.7126,-74.0066,anonymous,EN,FL_EOS_ID,,1,2,1,5,7,5,6,7,7,6,6,6,3,5,4,1,1,2,4,5,7,6,7,7,8.004,64.021,64.545,24,4,8,0,5,0,5,5,4,1,1,1,2,6,5,1,1,5,5,5,5,1,3,1,1,1,1,4.951,50.013,50.609,24,3,40,30,5,1,1,0,0,0,5,6,5,2,4,6,7,5,3,4,6,5,1,3,4,1,2,1,1,1,1,4.836,46.415,47.048,25,3,25,15,5,1,33,2,,,6a01c564b93faab6dc383fbc,6a717b1f4315ca0c46f51534,6a71dff8095d9b87c8c40b59,Hotel Wifi,hotel wifi,Restaurant dinner,a restaurant dinner,Uber or Lyft,Uber or Lyft
8/4/2026 6:50,8/4/2026 6:54,0,69.148.189.1,100,263,1,8/4/2026 6:54,R_6diRiOVFki8jjmJ,,,,,29.8323,-95.736,anonymous,EN,FL_EOS_ID,,1,2,1,7,7,7,7,7,7,7,1,1,7,7,7,1,7,7,1,1,1,1,1,7,9.935,70.185,70.771,23,7,50,20,5,1,7,7,7,1,1,1,1,7,7,1,1,1,7,7,7,7,7,1,1,1,1,3.609,39.934,40.628,21,7,1000,200,1,0,1,0,0,0,7,7,7,7,7,7,7,1,4,7,7,7,1,1,1,1,1,7,1,7,7,4.178,48.827,49.611,21,7,20,0,1,1,24,2,,,6a04bb8d89ca054e84cf57b3,6a717b1f4315ca0c46f51534,6a71dff406be8d2ded9689e4,Tank of Gas,a tank of gas,Designer watch,a designer watch,Parking,parking
8/4/2026 6:49,8/4/2026 6:54,0,142.147.51.131,100,307,1,8/4/2026 6:54,R_74iVxTh8t73oq2F,,,,,33.238,-97.1134,anonymous,EN,FL_EOS_ID,,1,2,1,4,4,1,1,1,4,4,7,4,1,1,2,4,2,4,7,6,1,1,1,1,7.007,72.47,73.585,24,1,12,10,4,1,7,5,7,1,1,1,1,7,5,1,1,1,5,6,5,5,5,1,1,1,1,6.973,41.526,42.404,21,5,65,50,4,0,1,1,0,0,5,5,5,4,4,5,4,7,7,2,1,1,2,5,4,6,4,1,1,1,1,4.174,41.023,41.666,22,5,50,50,5,0,50,1,No comments at this time.,,662d57d09714cf1c25756326,6a717b1f4315ca0c46f51534,6a71dfcdc3c287e62e15393f,Digital book,a digital book,Perfume,perfume,Meal kit subscription,a meal kit subscription
8/4/2026 6:49,8/4/2026 6:54,0,100.8.214.132,100,298,1,8/4/2026 6:54,R_5s5yEWlb7dmUn4U,,,,,40.7467,-74.0574,anonymous,EN,FL_EOS_ID,,1,2,1,3,2,3,1,1,4,2,7,7,2,1,2,7,7,7,1,2,1,1,1,1,7.261,69.959,70.634,23,2,7,6,4,0,3,5,3,1,1,2,1,7,1,1,1,1,7,7,7,7,7,1,1,1,1,9.967,46.802,47.422,22,2,30,18,6,1,1,0,0,0,2,2,2,2,1,6,6,6,6,2,2,3,1,1,1,7,6,1,1,1,1,8.042,55.064,55.781,23,2,35,30,7,0,24,1,,,69948b283242a34d06d8e9e0,6a717b1f4315ca0c46f51534,6a71dfc0581a7fabb5d69e8e,Starbucks,Starbucks,Board Game,a board game,Gym membership,a gym membership
8/4/2026 6:49,8/4/2026 6:54,0,208.38.236.25,100,292,1,8/4/2026 6:54,R_5aLIGvS9QbavIBZ,,,,,40.0435,-86.4594,anonymous,EN,FL_EOS_ID,,1,2,1,7,6,6,4,1,5,6,7,7,5,2,2,6,6,5,4,4,1,1,1,1,5.961,56.831,58.182,23,4,20,10,3,0,7,7,2,7,7,5,2,7,7,1,1,1,1,1,1,1,2,4,5,7,7,3.905,39.709,41.073,22,5,14,2,4,0,1,0,0,0,1,1,6,2,1,2,3,7,3,1,4,1,7,7,7,6,7,1,1,1,1,3.53,34.871,35.717,23,2,50,45,7,1,37,2,"for meal subscription, I put the price I thought was fair for one meal, there wasn't a way to specify if it was per meal per week or per month",,57ae30a960a25a000195c802,6a717b1f4315ca0c46f51534,6a71dfdd5fc949d245e59d9e,Meal kit subscription,a meal kit subscription,Digital book,a digital book,Board Game,a board game
8/4/2026 6:49,8/4/2026 6:54,0,174.101.134.118,100,318,1,8/4/2026 6:54,R_6g55G67oP1YQTOB,,,,,39.139,-84.4296,anonymous,EN,FL_EOS_ID,,1,2,1,7,7,3,7,7,7,7,1,5,5,7,7,7,7,7,7,5,1,1,1,5,6.229,71.587,72.473,23,5,20,5,3,0,7,7,7,7,7,7,7,3,5,3,7,7,5,7,7,3,3,1,1,1,3,8.705,63.892,64.898,21,7,3.99,1.5,5,0,1,1,0,0,7,7,1,1,1,1,1,1,7,1,1,1,7,7,7,1,1,5,1,1,7,3.566,49.06,50.154,22,3,4,1,3,1,54,2,,,695ff87dfddb037c6d3b65fa,6a717b1f4315ca0c46f51534,6a71dfd36ff94419416744be,Cartridge of Printer Ink,a cartridge of printer ink,Tank of Gas,a tank of gas,Starbucks,Starbucks
8/4/2026 6:48,8/4/2026 6:54,0,107.131.93.196,100,353,1,8/4/2026 6:54,R_7DSfukY5OpUO5Ut,,,,,35.199,-101.8951,anonymous,EN,FL_EOS_ID,,1,2,1,6,6,5,4,3,7,4,7,6,1,1,3,5,5,4,1,1,1,1,1,3,11.866,87.018,87.652,23,1,100,35,4,0,5,5,5,7,7,6,6,7,6,1,1,1,7,7,5,6,6,1,1,1,1,4.937,63.923,64.573,21,1,50,30,4,0,1,0,0,0,5,6,5,1,2,3,3,7,7,1,3,3,7,7,5,6,5,1,1,1,1,5.859,75.575,76.411,23,1,60,30,4,0,44,1,,,57d70b2247180e0001f100e3,6a717b1f4315ca0c46f51534,6a71dfb100a446b429ea439a,Concert ticket,a concert ticket,Physical video game,a physical video game,Perfume,perfume
8/4/2026 6:50,8/4/2026 6:54,0,73.212.35.71,100,236,1,8/4/2026 6:54,R_5P8M4gBo7c68ZGh,,,,,38.9034,-76.9882,anonymous,EN,FL_EOS_ID,,1,2,4,2,2,2,6,2,3,6,5,2,3,4,2,1,1,1,1,1,1,1,1,1,2.9,45.039,46,43,3,20,15,4,1,2,3,2,1,2,2,3,7,7,1,1,2,5,5,6,1,1,1,1,1,1,3.45,25.123,25.6,30,2,7,5,3,1,1,1,0,0,1,2,2,4,1,2,1,6,6,4,1,1,1,1,4,5,6,2,2,1,1,1.997,26.88,27.581,36,2,10,5,4,1,39,1,n/a,,69fff128b90dd09ce3001d97,6a717b1f4315ca0c46f51534,6a71e02573ae98cfad28a537,Uber or Lyft,Uber or Lyft,Starbucks,Starbucks,Digital book,a digital book
8/4/2026 6:50,8/4/2026 6:54,0,172.56.79.26,100,236,1,8/4/2026 6:54,R_5iC0wV0d0EsZ054,,,,,28.4932,-81.2878,anonymous,EN,FL_EOS_ID,,1,2,1,5,3,3,2,1,5,7,7,7,1,7,1,7,7,7,7,7,1,1,1,1,3.182,48.7,50.13,26,1,200,200,7,0,7,7,7,1,1,1,6,7,7,1,1,1,7,7,7,6,6,1,1,1,1,3.786,41.528,42.443,24,2,50,20,5,0,1,1,0,0,1,1,1,7,7,7,7,3,6,6,6,7,1,1,1,2,3,7,6,7,7,3.798,47.563,48.347,29,3,0,0,5,0,29,3,,,69d3a8135dad4152d874f8ec,6a717b1f4315ca0c46f51534,6a71e0240c18745ae6326e41,Bike,a bike,Meal kit subscription,a meal kit subscription,Hotel Wifi,hotel wifi
8/4/2026 6:50,8/4/2026 6:54,0,66.188.204.77,100,250,1,8/4/2026 6:54,R_7FX3396goEyi25M,,,,,44.0484,-92.4948,anonymous,EN,FL_EOS_ID,,1,2,1,4,4,5,4,2,2,2,6,4,2,2,2,6,6,5,4,4,2,2,2,2,1.519,46.868,47.498,27,3,20,15,2,0,5,5,6,4,3,5,5,2,1,7,7,7,3,5,4,4,4,1,1,1,1,0.868,58.703,59.382,27,6,400,400,4,0,1,1,0,0,6,6,5,2,2,2,3,6,6,2,2,2,6,6,5,2,2,2,2,2,2,1.126,41.116,42.133,25,4,15,5,3,1,33,2,,,629638416146d56a43e5e028,6a717b1f4315ca0c46f51534,6a71e0178b1ea7d51615eb46,Perfume,perfume,Monthly car payment,monthly car payment,Fast food meal,a fast food meal
8/4/2026 6:49,8/4/2026 6:54,0,73.75.215.208,100,319,1,8/4/2026 6:54,R_5mUv1quseWUgCdF,,,,,41.7886,-89.6962,anonymous,EN,FL_EOS_ID,,1,2,1,4,5,6,7,6,2,2,7,7,1,1,7,7,7,7,7,7,1,1,1,1,23.54,97.981,98.568,25,1,50,50,5,0,5,4,6,1,1,6,7,7,7,1,1,1,1,1,1,6,5,1,1,1,1,0,0,35.733,0,2,100,50,6,0,1,1,0,0,3,2,2,1,1,1,1,7,7,1,1,1,7,7,7,7,7,1,1,1,1,0,0,26.092,0,1,20,20,4,0,38,2,,,5f218f86a3a5b05784d9d371,6a717b1f4315ca0c46f51534,6a71dfd4416e621c05281a79,Physical video game,a physical video game,Gym membership,a gym membership,Basic T-Shirt,a basic t-shirt
8/4/2026 6:50,8/4/2026 6:55,0,96.236.210.133,100,301,1,8/4/2026 6:55,R_5QQCSkcobAP7bxV,,,,,40.3472,-80.1153,anonymous,EN,FL_EOS_ID,,1,2,1,3,2,4,1,1,1,3,1,7,1,1,3,7,7,7,2,3,1,1,1,3,4.943,60.789,61.556,25,2,29,20,4,0,5,5,5,1,1,7,7,7,3,4,1,6,4,3,2,1,2,2,1,1,1,3.309,60.271,60.873,27,5,95,50,6,1,1,0,0,0,5,5,5,2,2,7,4,7,7,1,1,1,3,3,4,3,2,1,1,2,1,3.36,61.835,62.291,33,5,50,35,4,0,29,2,N/A,,6984da6cb846c1e93f39bb52,6a717b1f4315ca0c46f51534,6a71dfe8e9d21dd8f0450495,Bottle of wine,a bottle of wine,Concert ticket,a concert ticket,Meal kit subscription,a meal kit subscription
8/4/2026 6:50,8/4/2026 6:55,0,47.231.18.134,100,307,1,8/4/2026 6:55,R_7JeIwYZdAEmOJlK,,,,,37.0914,-81.758,anonymous,EN,FL_EOS_ID,,1,2,1,3,2,2,5,4,2,2,5,6,2,4,4,1,1,2,6,6,3,4,2,2,5.404,70.116,71.115,28,2,15,15,6,1,3,3,2,6,7,6,6,5,2,3,4,6,1,1,1,2,2,7,6,6,6,5.436,58.682,59.702,27,6,25,0,4,0,1,0,0,0,4,4,5,1,1,5,6,7,7,2,2,2,1,1,2,5,4,2,1,1,2,8.211,52.845,53.916,26,2,30,50,4,0,31,2,,,6644b750f83b1ad48d9ce14f,6a717b1f4315ca0c46f51534,6a71dfef179ed049b3ca8969,Digital book,a digital book,Hotel Wifi,hotel wifi,Gym membership,a gym membership
8/4/2026 6:51,8/4/2026 6:55,0,47.12.195.162,100,231,1,8/4/2026 6:55,R_6IT66OA7ZUfa4g9,,,,,42.417,-88.9995,anonymous,EN,FL_EOS_ID,,1,2,1,5,6,6,1,4,4,2,3,3,4,4,5,7,7,7,6,6,1,1,1,1,7.278,50.666,51.832,22,4,100,80,5,1,5,6,5,4,4,7,7,6,6,2,2,3,1,1,1,4,3,1,1,1,1,5.01,40.731,41.236,23,6,75,40,5,0,1,0,0,0,4,4,3,1,3,7,7,1,7,1,1,4,1,1,1,4,3,1,1,1,1,5.66,44.437,45.114,27,4,14,7,4,1,39,2,,,699b61ec0493a88c9df16ff4,6a717b1f4315ca0c46f51534,6a71e041e91afb90adea28d1,Pair of sneakers,a pair of sneakers,Gym membership,a gym membership,Netflix,a Netflix subscription
8/4/2026 6:50,8/4/2026 6:55,0,99.11.177.125,100,289,1,8/4/2026 6:55,R_65LcE8WwC3wN2wy,,,,,29.6288,-95.4369,anonymous,EN,FL_EOS_ID,,1,2,1,4,6,2,6,6,3,4,7,2,1,1,6,7,7,7,7,7,1,2,1,4,7.24,66.862,68.112,22,1,50,30,6,0,1,2,1,1,1,2,6,7,7,1,1,1,7,7,6,7,7,1,4,4,3,3.232,47.945,48.797,21,1,20,15,7,0,1,1,0,0,1,2,1,1,1,1,5,7,7,4,1,1,7,7,4,7,7,1,1,2,1,5.185,43.053,43.779,21,1,50,25,4,0,33,2,,,69ffdb44d3987a9bb3f3c571,6a717b1f4315ca0c46f51534,6a71e009ad88eb2fdeeed3a7,Physical video game,a physical video game,Digital book,a digital book,Physical video game,a physical video game
8/4/2026 6:49,8/4/2026 6:55,0,66.191.205.109,100,354,1,8/4/2026 6:55,R_5MmRbRM3hWzhlFD,,,,,34.895,-81.9204,anonymous,EN,FL_EOS_ID,,1,2,1,5,4,5,2,3,3,7,7,2,2,4,3,7,7,7,7,7,1,1,1,2,1.844,70.181,71.622,24,2,150,75,7,1,7,5,6,1,1,2,1,7,5,2,2,7,7,7,4,1,1,1,1,1,1,1.355,61.37,62.784,24,5,15,10,5,1,1,0,0,0,5,6,6,1,2,2,4,4,7,1,2,3,7,7,7,6,5,1,1,1,1,1.878,66.781,68.241,24,6,75,50,6,0,52,2,,,5cd1a619240bc80013310b4e,6a717b1f4315ca0c46f51534,6a71dfc57e8d104ad12aee94,Bike,a bike,Fast food meal,a fast food meal,Bottle of wine,a bottle of wine
8/4/2026 6:51,8/4/2026 6:55,0,98.116.209.218,100,239,1,8/4/2026 6:55,R_67A9cDmN8Y2f4k1,,,,,40.598,-73.9467,anonymous,EN,FL_EOS_ID,,1,2,1,6,7,6,2,1,2,7,3,2,4,6,6,2,1,2,1,1,5,2,6,6,6.576,66.302,67.222,25,7,40,5,6,1,1,7,1,1,1,2,1,7,2,1,2,1,7,7,7,7,7,1,1,1,1,6.512,44.707,45.679,40,2,100,50,7,0,1,0,0,0,6,7,6,5,1,4,3,1,2,3,6,2,1,2,2,1,2,6,1,6,7,2.467,34.927,35.743,36,7,40,5,6,1,32,2,,,6a17230d60e2a318a8073ab6,6a717b1f4315ca0c46f51534,6a71dffebac810f800933264,Parking,parking,Bike,a bike,Parking,parking
8/4/2026 6:50,8/4/2026 6:55,0,24.196.236.17,100,302,1,8/4/2026 6:55,R_7QMFsquC2rvRpds,,,,,33.5757,-83.1824,anonymous,EN,FL_EOS_ID,,1,2,1,4,1,1,1,1,6,3,7,6,1,1,1,6,6,6,1,5,1,7,1,3,8.107,76.698,77.7,22,1,3,3,4,1,4,4,3,3,5,4,6,7,6,1,7,1,6,7,7,5,6,1,7,1,1,5.733,51.702,52.828,23,1,50,50,6,0,1,0,0,0,7,7,7,3,3,4,4,7,7,1,7,1,7,7,7,6,5,1,7,1,1,7.246,47.332,48.109,21,1,11000,1000,4,0,77,1,,,628f572a2d1304a34b9e1a37,6a717b1f4315ca0c46f51534,6a71dfff462071cc5e9770cb,Ice Cream,ice cream,Pair of sneakers,a pair of sneakers,Designer watch,a designer watch
8/4/2026 6:49,8/4/2026 6:55,0,107.5.231.28,100,336,1,8/4/2026 6:55,R_5FFi7fzDpixotZt,,,,,42.8899,-85.6148,anonymous,EN,FL_EOS_ID,,1,2,1,7,6,6,7,7,7,7,1,3,7,7,7,6,7,7,1,1,1,1,1,2,6.946,67.996,69.313,22,6,55,30,6,1,7,6,7,3,1,1,1,7,7,1,1,1,7,7,7,7,6,1,1,1,1,5.076,55.094,57.844,23,6,1000,150,3,0,1,1,0,0,6,5,7,2,2,6,6,6,7,6,5,6,6,7,7,7,7,1,1,1,1,8.918,58.301,59.191,22,7,500,300,5,0,63,2,,,6637b21240220c2517fffa1a,6a717b1f4315ca0c46f51534,6a71dfdf5fe8271ef3c502c6,Tank of Gas,a tank of gas,Designer watch,a designer watch,Monthly car payment,monthly car payment
8/4/2026 6:49,8/4/2026 6:55,0,24.123.105.115,100,360,1,8/4/2026 6:55,R_1nH1KiXve1CZZ5p,,,,,39.0381,-94.5739,anonymous,EN,FL_EOS_ID,,1,2,1,2,3,2,2,1,1,5,6,1,6,6,7,7,7,7,6,6,1,1,1,1,69.027,121.595,122.718,25,1,6,4,6,1,7,7,7,1,4,5,7,7,7,2,1,4,4,2,4,1,2,1,1,1,1,3.08,55.64,56.589,27,5,159,50,5,1,1,1,0,0,2,1,2,2,2,7,7,7,4,2,4,5,4,4,4,4,4,1,1,1,3,2.203,49.033,50.123,27,3,10,5,6,1,43,1,,,614e6f4f00a9e94b123316d3,6a717b1f4315ca0c46f51534,6a71dfc984e556a014241b5a,Shampoo,shampoo,Concert ticket,a concert ticket,Public Transit Pass,a public transit pass
8/4/2026 6:49,8/4/2026 6:55,0,137.26.81.222,100,359,1,8/4/2026 6:55,R_1qKZYSN6RKEhxDc,,,,,46.8472,-114.1755,anonymous,EN,FL_EOS_ID,,1,2,1,6,6,5,7,7,7,7,7,7,4,1,1,1,1,1,2,2,7,7,7,7,10.618,99.018,99.774,21,6,5,0,5,0,5,5,5,7,1,2,2,7,7,3,4,4,7,7,7,7,7,1,1,1,1,5.255,93.255,93.834,31,5,100,25,5,0,1,0,0,0,7,6,7,1,1,3,2,7,7,1,1,1,7,7,7,7,7,1,1,1,1,3.857,53.145,53.755,21,7,1000,100,3,0,49,1,,,691f1c963ab988379a94b975,6a717b1f4315ca0c46f51534,6a71dfcd5fc949d245e59d9c,Hotel Wifi,hotel wifi,Textbook,a textbook,Designer watch,a designer watch
8/4/2026 6:49,8/4/2026 6:55,0,96.249.146.197,100,347,1,8/4/2026 6:55,R_7CChdLnMfjG6gsl,,,,,40.1788,-77.0047,anonymous,EN,FL_EOS_ID,,1,2,1,4,4,4,2,2,2,1,6,5,2,1,2,7,7,7,5,5,1,2,2,2,12.845,92.809,94.15,27,1,50,30,3,1,6,5,5,4,4,6,7,1,2,7,7,7,1,1,1,1,1,2,3,5,6,10.343,71.395,72.108,25,5,5,0,4,1,1,0,0,0,6,6,6,5,4,6,6,2,2,6,7,7,1,1,1,1,1,4,3,5,6,5.441,58.13,58.744,27,5,5,0,4,1,40,2,,,697c9de865873cf1d14b8be1,6a717b1f4315ca0c46f51534,6a71dfcc50c7812d0807e392,Perfume,perfume,Highway Toll,a highway toll,Highway Toll,a highway toll
8/4/2026 6:50,8/4/2026 6:55,0,74.167.52.2,100,286,1,8/4/2026 6:55,R_7ipNZkTaNnGt65H,,,,,37.1661,-93.2458,anonymous,EN,FL_EOS_ID,,1,2,1,2,2,2,3,3,4,5,4,7,3,4,4,7,7,7,5,5,2,2,2,2,6.122,69.756,71.441,21,1,12,12,5,1,4,5,3,1,1,1,1,7,7,1,1,1,7,7,7,1,1,1,1,1,1,5.558,38.655,39.693,22,1,5,5,2,1,1,1,0,0,6,5,6,2,2,1,4,7,7,1,1,1,1,4,4,1,1,1,1,1,1,9.708,62.297,64.09,27,2,15,12,2,1,37,1,,,69b2a363f00cd8806e313755,6a717b1f4315ca0c46f51534,6a71e01a887733420fcf7f7c,Basic T-Shirt,a basic t-shirt,Ice Cream,ice cream,Restaurant dinner,a restaurant dinner
8/4/2026 6:49,8/4/2026 6:55,0,129.171.150.187,100,355,1,8/4/2026 6:55,R_7QhKG9m0fyIfevx,,,,,25.7869,-80.2021,anonymous,EN,FL_EOS_ID,,1,2,1,2,2,2,1,1,4,1,7,7,1,1,1,7,7,7,6,5,2,1,1,1,20.342,97.35,101.549,25,1,35,30,5,0,5,5,5,1,2,5,4,7,7,1,1,1,7,7,7,2,2,1,1,1,1,3.767,90.765,92.207,23,4,50,25,2,0,1,0,0,0,4,5,5,1,1,5,7,7,7,1,1,1,7,7,7,7,5,1,1,1,1,21.388,64.404,65.63,24,5,450,200,7,0,25,2,,,5baec6c108a10b000139cce8,6a717b1f4315ca0c46f51534,6a71dfd9b40f94cf2cecb4da,Board Game,a board game,Bottle of wine,a bottle of wine,Bike,a bike
8/4/2026 6:50,8/4/2026 6:55,0,66.56.10.72,100,275,1,8/4/2026 6:55,R_58SRXap9wAJUNbt,,,,,33.6163,-84.2945,anonymous,EN,FL_EOS_ID,,1,2,1,3,5,3,7,1,1,4,7,7,1,4,1,1,1,1,4,4,1,4,3,3,6.621,72.277,73.006,23,1,5,2,1,0,4,4,4,1,1,1,7,4,7,1,4,1,7,7,7,6,7,1,1,1,1,3.252,47.82,48.497,21,1,30,20,7,1,1,1,0,0,5,4,5,1,1,1,7,7,7,1,1,1,7,7,7,7,7,1,1,1,1,5.135,38.927,39.669,23,1,200,150,7,0,39,2,none,,69a6eb2bc679065ed1cecc51,6a717b1f4315ca0c46f51534,6a71e02ee8b4ee0c62576f09,Digital book,a digital book,Pair of sneakers,a pair of sneakers,Bike,a bike
8/4/2026 6:49,8/4/2026 6:55,0,71.187.248.47,100,338,1,8/4/2026 6:55,R_7GvmY5xPDBnQDvd,,,,,40.4992,-74.4996,anonymous,EN,FL_EOS_ID,,1,2,1,2,2,1,3,3,2,2,5,7,1,3,3,7,7,7,7,6,4,3,2,6,10.336,79.566,80.301,30,1,10,10,4,1,6,7,5,7,7,7,7,2,2,6,7,7,3,7,7,4,3,1,1,1,1,20.891,78.229,79.129,29,6,4,25,6,1,1,1,0,0,7,7,7,7,7,7,7,1,2,6,7,7,1,4,3,6,7,1,1,1,6,3.155,44.724,45.536,24,7,100,60,7,1,35,1,No added feedback,,607dc630d2d30aa7e8699c23,6a717b1f4315ca0c46f51534,6a71dfefc250192a6c450e90,Basic T-Shirt,a basic t-shirt,Tank of Gas,a tank of gas,Electricity bill,an electricity bill
8/4/2026 6:49,8/4/2026 6:55,0,47.20.245.182,100,362,1,8/4/2026 6:55,R_7wc0UYB1RQ1GKKh,,,,,40.7864,-73.193,anonymous,EN,FL_EOS_ID,,1,2,1,4,3,3,7,2,6,7,5,6,2,3,3,7,4,5,2,4,1,1,1,2,7.663,60.319,61.762,21,3,5,5,5,1,3,3,3,7,7,6,7,5,4,3,5,5,1,1,2,3,3,2,2,3,3,4.74,42.715,43.231,21,3,10,5,5,0,1,0,0,0,4,4,4,2,2,7,7,5,3,2,4,6,3,3,4,2,2,1,1,1,1,6.058,40.563,41.165,21,2,20,20,4,1,54,1,,,5c2fae74d76cde0001c11590,6a717b1f4315ca0c46f51534,6a71dfdc614ee1da4a189b41,Public Transit Pass,a public transit pass,Hotel Wifi,hotel wifi,Uber or Lyft,Uber or Lyft
8/4/2026 6:50,8/4/2026 6:55,0,98.165.128.58,100,342,1,8/4/2026 6:55,R_7pdwVw8eEZFS3OF,,,,,32.1453,-110.9456,anonymous,EN,FL_EOS_ID,,1,2,1,6,6,6,4,7,4,4,5,5,5,5,7,3,5,7,6,3,2,3,4,6,14.509,44.6,45.811,32,3,50,10,7,0,6,4,5,5,3,4,3,6,5,4,6,5,5,5,4,5,4,4,6,3,3,1.157,15.248,16.973,23,3,50,15,7,0,1,0,0,0,6,4,5,6,6,6,7,6,4,6,6,5,5,6,5,5,4,5,5,4,4,3.26,23.525,24.877,36,7,5,1,7,1,26,1,,,5fb156d6e16ee65ed2558d7c,6a717b1f4315ca0c46f51534,6a71dfae3e98491485b5fc87,Physical video game,a physical video game,Physical video game,a physical video game,Basic T-Shirt,a basic t-shirt
8/4/2026 6:51,8/4/2026 6:55,0,67.211.150.141,100,285,1,8/4/2026 6:55,R_7GBNZCOegsoPjVf,,,,,38.0685,-78.8895,anonymous,EN,FL_EOS_ID,,1,2,1,4,3,4,1,1,2,2,7,7,1,7,1,7,7,7,1,1,1,1,1,1,13.647,64.681,73.763,21,3,20,15,4,1,2,3,4,1,1,1,1,7,7,1,7,1,7,7,7,2,2,1,1,1,1,5.622,45.254,49.229,22,2,30,20,4,1,1,1,0,0,3,3,3,1,1,1,1,7,7,1,4,1,7,7,7,2,3,1,1,1,1,3.659,52.545,55.765,26,3,100,80,4,1,26,1,Very fun and interesting study.,,6966ac229ebe58dedd51cb54,6a717b1f4315ca0c46f51534,6a71e032455d08798493324a,Restaurant dinner,a restaurant dinner,Bottle of wine,a bottle of wine,Meal kit subscription,a meal kit subscription
8/4/2026 6:50,8/4/2026 6:55,0,38.178.53.180,100,331,1,8/4/2026 6:55,R_6Ynx8AXgp1fTpnz,,,,,35.334,-81.8651,anonymous,EN,FL_EOS_ID,,1,2,1,2,4,3,1,1,4,2,7,7,1,1,1,7,7,7,1,2,1,1,1,1,11.657,63.808,64.518,22,2,3,3,5,1,6,6,6,7,7,7,7,3,3,5,6,6,7,7,7,3,4,1,1,1,1,6.136,63.814,64.474,23,6,4,25,5,1,1,0,0,0,6,6,6,7,7,7,7,1,3,6,7,7,1,1,1,6,6,1,1,1,1,11.815,74.165,74.603,24,6,150,120,6,1,42,1,some parts phrased oddly and hard to respond to as is ,,5ec542bc1ee4a74b9b196c7b,6a717b1f4315ca0c46f51534,6a71e00aef166e0e3ad7ec62,Ice Cream,ice cream,Tank of Gas,a tank of gas,Electricity bill,an electricity bill
8/4/2026 6:50,8/4/2026 6:56,0,108.17.10.77,100,350,1,8/4/2026 6:56,R_64vn2m7pDfgtSLa,,,,,42.9752,-78.8816,anonymous,EN,FL_EOS_ID,,1,2,1,4,4,5,4,2,6,6,7,6,1,1,3,2,3,3,7,6,2,1,1,2,9.048,85.81,86.79,22,4,30,20,6,0,4,4,4,5,3,2,4,7,7,3,3,3,7,7,7,7,7,1,1,1,1,5.725,64.746,65.933,21,1,10,5,6,1,1,0,0,0,6,6,6,5,7,6,6,7,7,5,6,4,7,7,7,7,6,1,1,1,1,9.273,58.728,59.685,21,1,8,4,7,1,43,2,,,6a08b966c2858ddb629d187b,6a717b1f4315ca0c46f51534,6a71dffb7b5681bca38e968b,Gym membership,a gym membership,Basic T-Shirt,a basic t-shirt,Shampoo,shampoo
8/4/2026 6:51,8/4/2026 6:56,0,108.241.31.21,100,281,1,8/4/2026 6:56,R_6OLFhSVkhNBD5lL,,,,,36.0964,-86.8212,anonymous,EN,FL_EOS_ID,,1,2,1,6,6,6,7,7,6,6,7,5,3,2,1,7,7,7,7,7,1,1,1,1,9.153,67.853,68.622,23,3,50,30,7,0,5,5,5,7,7,7,7,5,3,7,5,5,7,7,7,4,5,1,1,1,1,4.331,51.232,52.073,23,5,30,15,5,0,1,0,0,0,6,7,6,7,7,7,7,1,1,7,7,7,1,4,4,1,2,1,1,1,1,6.592,46.475,47.161,22,7,45,26,5,1,27,2,,,666f2488909bc0331b8563e6,6a717b1f4315ca0c46f51534,6a71e043aa7b5da29d69bb7f,Physical video game,a physical video game,Cartridge of Printer Ink,a cartridge of printer ink,Tank of Gas,a tank of gas
8/4/2026 6:50,8/4/2026 6:56,0,131.93.67.24,100,335,1,8/4/2026 6:56,R_7mlq1zJVI1t0mg1,,,,,44.3929,-88.7573,anonymous,EN,FL_EOS_ID,,1,2,1,3,5,4,2,2,4,3,4,4,4,5,5,7,7,7,5,5,2,2,1,2,6.638,63.384,64.275,30,4,60,35,4,0,4,4,4,2,1,3,5,1,2,6,5,7,5,3,3,2,2,2,2,2,2,4.74,72.511,73.843,33,5,150,75,4,1,1,1,0,0,6,6,4,4,5,6,7,4,2,5,5,6,2,3,2,2,2,5,4,5,6,4.306,60.841,61.685,30,5,15,5,3,1,37,2,,,6405feae7d6321bfaaf793e8,6a717b1f4315ca0c46f51534,6a71e00c943e8efbdffefbcc,Textbook,a textbook,Electricity bill,an electricity bill,Parking,parking
8/4/2026 6:51,8/4/2026 6:56,0,76.30.53.237,100,299,1,8/4/2026 6:56,R_64u95Xv1v7OAtUd,,,,,29.5718,-95.1305,anonymous,EN,FL_EOS_ID,,1,2,1,3,3,5,2,4,4,3,6,5,3,5,3,5,6,6,3,2,1,1,1,1,8.458,60.358,62.019,23,3,20,20,5,0,1,1,2,3,5,4,2,2,6,2,2,2,6,6,6,2,1,2,2,1,1,7.128,53.49,53.803,24,1,5,5,5,1,1,0,0,0,5,5,6,4,5,6,5,2,1,5,7,6,1,1,1,3,5,1,1,1,1,6.534,56.136,56.844,25,6,200,150,5,1,47,2,,,66323f16b05df4403391861c,6a717b1f4315ca0c46f51534,6a71e0332da3d80d6648b958,Bottle of wine,a bottle of wine,Ice Cream,ice cream,Electricity bill,an electricity bill
8/4/2026 6:50,8/4/2026 6:56,0,172.56.166.24,100,314,1,8/4/2026 6:56,R_7QxnxRVDcBKqo6p,,,,,40.6764,-73.8753,anonymous,EN,FL_EOS_ID,,1,2,1,3,3,2,2,3,2,2,6,4,3,2,2,5,7,7,1,2,2,1,1,2,5.891,73.363,73.867,33,1,6,4,5,1,2,2,1,1,1,4,2,5,6,2,1,1,7,7,7,7,7,1,1,1,1,1.999,45.508,45.802,29,1,15,15,5,1,0,0,0,0,2,2,1,5,1,4,1,4,3,3,2,1,6,7,7,1,1,1,1,3,1,7.918,56.212,57,33,1,6,5,6,1,40,2,,,69a6ff98b75d30774fa1930d,6a717b1f4315ca0c46f51534,6a71dff840241e16cde79d19,Ice Cream,ice cream,Board Game,a board game,Ice Cream,ice cream
8/4/2026 6:51,8/4/2026 6:56,0,76.23.168.210,100,288,1,8/4/2026 6:56,R_6ozlDad8spc9Qp2,,,,,41.3079,-72.9268,anonymous,EN,FL_EOS_ID,,1,2,1,4,3,4,7,3,3,5,7,5,7,1,4,7,6,7,7,7,1,1,1,2,6.627,74.293,75.075,22,2,120,120,5,0,6,6,6,4,1,7,7,1,1,7,7,7,4,4,5,2,1,1,1,6,7,4.832,46.236,47.236,21,6,5,1,3,0,1,0,0,0,5,6,5,4,3,3,6,7,4,1,1,1,6,7,7,6,6,1,1,1,1,5.712,45.77,46.447,21,6,250,200,5,0,47,2,,,5fc502cb4583150009dc8a66,6a717b1f4315ca0c46f51534,6a71e0407a0f847cabaacaa4,Gym membership,a gym membership,Highway Toll,a highway toll,Meal kit subscription,a meal kit subscription
8/4/2026 6:50,8/4/2026 6:56,0,172.56.0.154,100,348,1,8/4/2026 6:56,R_3gHcWvNHmYSQ9Y9,,,,,26.6681,-81.7646,anonymous,EN,FL_EOS_ID,,1,2,1,3,3,2,1,1,4,5,1,2,7,6,7,1,1,1,7,4,1,1,4,7,1.123,75.228,75.903,41,2,3,1,2,1,3,3,3,2,2,1,1,7,7,1,1,2,7,7,7,2,2,1,1,1,1,1.248,82.367,83.507,68,2,10,5,2,1,1,0,0,0,7,6,7,2,6,3,1,2,7,3,1,7,7,7,7,7,7,1,7,1,1,4.257,76.358,77.456,68,5,100,25,4,0,32,1,,,69c2f48067acc64eb4a3aa26,6a717b1f4315ca0c46f51534,6a71e006939342fecde5cbef,Highway Toll,a highway toll,Fast food meal,a fast food meal,Perfume,perfume
8/4/2026 6:50,8/4/2026 6:56,0,136.226.60.245,100,333,1,8/4/2026 6:56,R_7a2HfGUaPOQC5ZD,,,,,40.7126,-74.0066,anonymous,EN,FL_EOS_ID,,1,2,1,3,4,2,5,4,5,7,6,4,6,3,2,3,3,3,6,5,2,3,5,6,8.225,90.434,91.189,25,1,20,0,6,0,7,7,6,2,3,3,5,3,3,6,6,6,5,5,5,3,5,2,3,6,5,28.179,79.112,79.791,29,1,100,15,6,0,1,0,0,0,4,6,3,5,2,5,5,7,6,1,2,1,1,1,1,3,2,1,2,2,3,4.967,56.37,57.03,24,1,20,5,5,0,26,2,,,69cebd63ca869639e1230ccd,6a717b1f4315ca0c46f51534,6a71e018fc0dfe3bc2f81dce,Public Transit Pass,a public transit pass,Textbook,a textbook,Netflix,a Netflix subscription
8/4/2026 6:51,8/4/2026 6:56,0,70.44.250.211,100,286,1,8/4/2026 6:56,R_61bYtBGTdCkFzxW,,,,,40.8011,-75.9774,anonymous,EN,FL_EOS_ID,,1,2,1,7,6,5,7,7,7,5,1,4,3,7,7,4,4,4,4,3,1,1,1,1,5.189,69.927,70.935,27,3,80,40,4,1,1,1,1,7,7,7,4,6,3,4,4,7,1,1,4,1,1,4,2,3,4,4.101,47.258,47.931,24,1,10,5,4,0,1,0,0,0,2,4,4,1,1,4,7,7,5,1,1,1,1,1,4,7,7,1,1,1,1,4.123,51.331,52.315,26,1,100,100,7,0,35,1,,,5b72d3f8afce7600019fe275,6a717b1f4315ca0c46f51534,6a71e02d69be03267ffb7e27,Tank of Gas,a tank of gas,Hotel Wifi,hotel wifi,Life insurance,life insurance
8/4/2026 6:49,8/4/2026 6:56,0,86.109.85.139,100,435,1,8/4/2026 6:56,R_7lIqZ5aI15dvrfb,,,,,35.2945,-78.0283,anonymous,EN,FL_EOS_ID,,1,2,1,1,1,1,1,1,1,1,1,1,1,1,1,1,1,6,1,1,1,1,1,1,90.874,137.296,139.206,23,7,99,99,7,0,1,1,1,1,1,1,1,1,1,1,1,1,1,1,1,7,1,1,1,1,1,5.519,28.665,45.306,23,1,150,150,7,0,0,0,0,0,1,1,1,1,1,1,1,1,1,1,1,1,1,1,1,7,1,1,1,1,1,3.032,46.723,51.336,25,1,60,60,7,1,35,1,,,67f029e22e5e1c69ddbd02a7,6a717b1f4315ca0c46f51534,6a71dfb326ec2872384ca61e,Monthly car payment,monthly car payment,Laptop,a laptop,Restaurant dinner,a restaurant dinner
8/4/2026 6:50,8/4/2026 6:56,0,24.211.138.103,100,334,1,8/4/2026 6:56,R_7P050Z7sZGYdqWO,,,,,35.9182,-79.0035,anonymous,EN,FL_EOS_ID,,1,2,1,5,6,4,4,5,6,5,2,2,6,6,6,1,4,5,5,3,1,1,4,4,25.711,86.743,87.585,21,4,3.89,2,3,1,5,5,5,3,3,4,4,6,4,2,2,3,7,7,6,6,6,1,1,3,3,3.908,48.926,49.628,21,5,100,45,4,0,1,0,0,0,5,5,5,4,4,4,4,6,4,2,2,3,7,6,6,6,6,1,1,2,2,11.517,49.034,49.937,21,5,100,45,5,0,53,2,,,6014213c77aab7396ca3e5a7,6a717b1f4315ca0c46f51534,6a71e01c25861460a6fb7e38,Tank of Gas,a tank of gas,Perfume,perfume,Perfume,perfume
8/4/2026 6:49,8/4/2026 6:56,0,71.3.65.94,100,381,1,8/4/2026 6:56,R_5CkxZCaLauYDf3m,,,,,26.6292,-81.968,anonymous,EN,FL_EOS_ID,,1,2,1,3,3,3,7,5,7,7,1,2,6,7,7,3,1,1,6,5,1,1,1,4,10.666,87.713,89.578,21,1,20,20,7,0,7,7,7,7,7,7,7,1,1,7,7,7,7,7,7,4,6,1,1,4,3,6.904,54.01,55.176,21,7,30,5,5,1,1,1,0,0,1,2,4,1,1,1,1,7,7,1,1,7,7,7,7,1,1,1,1,1,1,7.567,64.642,66.377,22,2,40,20,5,1,57,2,,,6985ee56357dfd84f3ac110d,6a717b1f4315ca0c46f51534,6a71dfee3636d3b1372c2bff,Public Transit Pass,a public transit pass,Cartridge of Printer Ink,a cartridge of printer ink,Restaurant dinner,a restaurant dinner
8/4/2026 6:51,8/4/2026 6:56,0,167.142.114.28,100,310,1,8/4/2026 6:56,R_6q1zGzDRBlVyP5y,,,,,41.0191,-92.4218,anonymous,EN,FL_EOS_ID,,1,2,1,3,4,4,1,1,4,7,6,5,2,2,7,7,7,7,6,6,1,1,1,1,9.433,67.721,71.753,28,2,200,200,5,0,4,2,3,1,1,1,2,7,7,1,4,1,1,1,1,2,1,2,2,1,1,3.429,42.181,44.026,28,5,20,10,2,0,1,0,0,0,5,6,4,7,7,7,7,1,2,7,7,7,1,1,1,1,1,5,3,5,6,2.709,55.928,60.653,30,5,4,1,5,1,37,1,no comments,,5e937e8e4d246b6b4162ae72,6a717b1f4315ca0c46f51534,6a71e034473686a51f3e770f,Bike,a bike,Netflix,a Netflix subscription,Highway Toll,a highway toll
8/4/2026 6:51,8/4/2026 6:56,0,198.49.140.10,100,305,1,8/4/2026 6:56,R_5QLi7PxsbSRuUUK,,,,,33.238,-97.1134,anonymous,EN,FL_EOS_ID,,1,2,1,2,2,3,6,4,5,7,4,5,4,3,5,4,4,5,6,6,1,3,3,6,30.091,122.436,122.903,24,3,20,0,5,0,6,6,6,1,1,7,7,1,1,7,7,7,7,7,7,7,7,1,1,1,2,6.983,47.952,48.654,22,3,25,15,6,1,1,0,0,0,5,7,5,1,1,1,3,7,7,1,1,1,7,7,7,7,7,1,1,1,1,4.357,40.425,41.129,24,5,45,20,5,0,27,2,,,6a0b01ba1d662e1a08cbdd0f,6a717b1f4315ca0c46f51534,6a71e03f6f7692ed7faec7e1,Public Transit Pass,a public transit pass,Shampoo,shampoo,Perfume,perfume
8/4/2026 6:49,8/4/2026 6:56,0,76.94.173.202,100,416,1,8/4/2026 6:56,R_7nGmE8bgY2mVEaJ,,,,,34.1211,-117.4362,anonymous,EN,FL_EOS_ID,,1,2,1,6,6,6,1,1,1,2,6,2,4,5,5,1,1,2,5,5,1,2,1,7,4.966,71.077,72.017,31,4,320,100,5,0,5,5,5,7,7,6,5,4,4,4,5,5,3,4,4,6,6,1,1,2,3,1.545,59.562,60.776,27,3,250,100,5,1,1,0,0,0,4,4,4,6,5,5,5,6,4,3,3,4,2,3,2,2,2,4,4,6,6,1.764,51.484,53.294,26,4,30,5,4,1,38,1,None. Everything was fine and I had no issues.,,55d35447da14d7000e95318f,6a717b1f4315ca0c46f51534,6a71dfd28b1ea7d51615eb3e,Life insurance,life insurance,Monthly car payment,monthly car payment,Hotel Wifi,hotel wifi
8/4/2026 6:50,8/4/2026 6:56,0,50.40.163.187,100,346,1,8/4/2026 6:56,R_75uXZFWFOovljyB,,,,,37.7241,-88.9301,anonymous,EN,FL_EOS_ID,,1,2,1,1,1,4,1,1,7,1,7,7,1,1,1,7,7,7,4,4,1,1,1,1,8.978,64.221,64.987,22,1,50,50,5,0,4,4,4,1,1,7,7,1,1,1,1,7,7,7,1,7,7,1,1,1,1,5.537,58.778,59.347,24,4,300,300,4,0,1,0,0,0,5,5,5,7,7,7,7,1,1,7,6,7,1,1,4,4,1,1,1,6,7,6.405,61.166,61.673,27,4,200,0,7,1,45,1,thanks!,,699e34aff8af247c3aa29bf4,6a717b1f4315ca0c46f51534,6a71e00732da4210286744ca,Bottle of wine,a bottle of wine,Monthly car payment,monthly car payment,Electricity bill,an electricity bill
8/4/2026 6:52,8/4/2026 6:56,0,24.19.9.84,100,246,1,8/4/2026 6:56,R_3ROJG6KpFiYNRQR,,,,,47.3845,-122.0582,anonymous,EN,FL_EOS_ID,,1,2,1,5,6,6,6,5,6,6,7,7,1,2,1,7,7,7,2,6,1,1,1,1,13.668,59.715,60.61,21,6,120,90,5,0,1,1,1,1,1,4,7,7,7,1,1,1,7,7,7,7,7,1,1,1,1,3.764,54.234,55.611000000000004,22,1,25,25,7,1,1,1,0,0,7,6,5,1,1,1,1,7,7,1,1,1,7,7,7,1,1,1,1,1,1,3.485,33.776,34.731,22,5,6,4,3,1,45,2,,,57db16a1a4e40600014e9040,6a717b1f4315ca0c46f51534,6a71e041dc564be260b34cb1,Meal kit subscription,a meal kit subscription,Board Game,a board game,Starbucks,Starbucks
8/4/2026 6:50,8/4/2026 6:56,0,64.121.54.41,100,350,1,8/4/2026 6:56,R_6f424cRIriqInAW,,,,,40.605,-75.4817,anonymous,EN,FL_EOS_ID,,1,2,1,4,4,3,3,2,2,6,4,4,4,3,2,7,7,7,6,4,1,1,1,2,5.493,75.753,76.331,24,2,6,4,6,1,4,5,5,6,7,2,3,7,7,1,1,1,2,3,5,6,6,1,1,1,1,4.269,65.555,65.843,24,1,70,60,6,0,1,0,0,0,5,6,5,6,5,6,2,6,7,1,1,1,4,5,5,1,2,1,1,1,1,3.028,70.994,71.402,30,4,50,30,4,0,28,1,,,5eadd3cf13f83a483b5b8c04,6a717b1f4315ca0c46f51534,6a71e017b6abd63be3573a8e,Shampoo,shampoo,Physical video game,a physical video game,Meal kit subscription,a meal kit subscription
8/4/2026 6:50,8/4/2026 6:56,0,172.58.115.40,100,342,1,8/4/2026 6:56,R_6exkC6YwdyY0ggl,,,,,33.816,-117.9692,anonymous,EN,FL_EOS_ID,,1,2,1,5,5,6,5,2,2,3,7,6,1,1,1,7,7,7,7,7,1,1,1,1,10.864,75.729,78.288,22,2,800,600,4,0,7,6,3,7,7,6,6,7,6,2,5,6,1,1,1,2,3,5,5,7,6,5.899,63.993,65.15,21,6,12,5,5,0,1,0,0,0,6,6,2,1,2,2,5,7,7,1,1,1,7,7,7,2,2,1,1,1,1,8.75,51.297,52.131,22,1,6,5,2,0,68,1,,,628778b9bd0dbcd8fa2eeb3a,6a717b1f4315ca0c46f51534,6a71e01dad88eb2fdeeed3aa,Designer watch,a designer watch,Hotel Wifi,hotel wifi,Starbucks,Starbucks
8/4/2026 6:49,8/4/2026 6:56,0,96.61.221.210,100,406,1,8/4/2026 6:56,R_63Y2j2kcaRzD7aN,,,,,46.575,-122.7077,anonymous,EN,FL_EOS_ID,,1,2,1,6,6,4,1,1,7,7,7,4,4,3,4,7,7,7,7,7,1,1,1,1,13.661,97.934,99.296,21,4,100,70,5,0,4,4,4,1,1,7,4,7,6,1,1,1,1,1,1,2,1,1,1,7,5,6.768,69.891,71.231,21,5,20,5,6,1,1,0,0,0,4,7,7,7,7,7,7,1,1,7,7,7,1,1,7,1,1,1,1,1,4,7.927,69.676,70.744,21,6,100,40,5,1,40,2,,,66ba6e8efd806c868953a6f6,6a717b1f4315ca0c46f51534,6a71dfde7ea1f78635a1e48a,Pair of sneakers,a pair of sneakers,Netflix,a Netflix subscription,Tank of Gas,a tank of gas
8/4/2026 6:51,8/4/2026 6:56,0,24.127.11.79,100,305,1,8/4/2026 6:56,R_6NcvrWX35b8GgQF,,,,,42.2859,-83.3714,anonymous,EN,FL_EOS_ID,,1,2,1,7,5,5,7,7,6,7,6,2,6,7,7,7,7,7,6,6,1,1,1,1,11.413,63.342,64.114,22,3,20,10,6,1,3,4,4,1,1,2,1,7,6,1,1,1,4,6,5,1,1,1,1,1,1,5.934,53.945,54.95,21,1,25,15,6,1,1,1,0,0,4,2,3,1,1,6,7,7,6,2,5,5,6,4,6,6,6,1,1,1,1,6.201,60.907,61.705,23,2,5,2,6,0,67,1,,,62fbeca46caf4abaaf74b5f1,6a717b1f4315ca0c46f51534,6a71e0487955639cd7d5fda4,Cartridge of Printer Ink,a cartridge of printer ink,Restaurant dinner,a restaurant dinner,Public Transit Pass,a public transit pass
8/4/2026 6:50,8/4/2026 6:56,0,73.145.10.78,100,368,1,8/4/2026 6:56,R_7PdcmDwnnL9FIGn,,,,,42.3475,-83.096,anonymous,EN,FL_EOS_ID,,1,2,1,6,6,6,4,4,4,6,2,4,4,7,7,5,7,4,6,6,1,1,1,4,12.715,53.241,53.853,27,7,400,100,3,0,4,3,3,3,2,6,2,2,4,2,4,3,1,1,1,6,5,1,1,1,3,6.371,37.179,37.843,22,4,100,50,4,0,1,0,0,0,6,7,5,5,1,7,7,7,7,1,1,3,3,5,2,1,1,1,1,2,2,41.218,86.054,86.285,27,5,100,20,6,0,32,3,,,5397a6bbfdf99b1ccc3f1219,6a717b1f4315ca0c46f51534,6a71e00cba8dad6e23523f32,Monthly car payment,monthly car payment,Life insurance,life insurance,Concert ticket,a concert ticket
8/4/2026 6:50,8/4/2026 6:56,0,69.170.237.186,100,369,1,8/4/2026 6:56,R_66l3Sr9FbaWOOgs,,,,,34.7838,-96.6938,anonymous,EN,FL_EOS_ID,,1,2,1,4,4,5,7,7,6,7,1,2,1,6,6,7,7,7,5,6,1,1,1,1,0,0,59.103,0,3,15,10,5,0,3,2,5,6,6,2,6,7,6,1,1,1,7,5,6,7,7,1,1,1,1,0,0,58.151,0,2,59,59,6,0,1,1,0,0,1,1,2,7,6,7,6,6,6,1,5,6,6,4,6,6,6,1,1,1,1,0,0,50.269,0,2,10,10,6,0,49,1,,,589b97a23968420001373136,6a717b1f4315ca0c46f51534,6a71e00b188b7b9fc55b0510,Cartridge of Printer Ink,a cartridge of printer ink,Physical video game,a physical video game,Public Transit Pass,a public transit pass
8/4/2026 6:52,8/4/2026 6:56,0,172.59.79.42,100,263,1,8/4/2026 6:56,R_70xiJfNBLztaGMA,,,,,39.0679,-94.713,anonymous,EN,FL_EOS_ID,,1,2,1,7,7,7,1,1,1,5,7,7,1,1,1,7,7,7,7,7,1,1,1,1,11.133,61.883,62.359,56,6,199,45,4,0,5,5,4,1,1,1,1,7,7,1,1,1,3,3,3,1,1,1,1,1,1,1.239,37.944,38.701,44,2,5,3,5,1,1,0,0,0,1,1,1,1,1,7,7,1,1,1,7,7,1,1,1,1,1,1,1,1,1,1.466,32.744,33.253,44,5,2,0,3,0,51,2,,,66200b032829f40f3664afdf,6a717b1f4315ca0c46f51534,6a71e01fe9c8f6c30cd5c296,Designer watch,a designer watch,Starbucks,Starbucks,Highway Toll,a highway toll
8/4/2026 6:49,8/4/2026 6:56,0,158.62.167.79,100,397,1,8/4/2026 6:56,R_3Ecbxp4AMAkyHZd,,,,,35.2338,-97.4095,anonymous,EN,FL_EOS_ID,,1,2,1,4,4,4,1,4,7,4,7,7,1,1,1,7,7,7,1,1,1,1,1,1,28.135,111.549,112.943,21,3,20,20,4,1,4,4,4,7,7,7,7,7,7,1,1,1,4,4,4,7,7,1,1,1,1,4.137,73.041,74.786,21,4,25,25,5,0,1,0,0,0,4,4,4,1,4,4,7,2,1,4,5,5,7,7,7,4,4,1,1,1,1,4.275,65.537,67.087,23,5,10,10,4,1,32,1,,,629082739390703f993b12bd,6a717b1f4315ca0c46f51534,6a71dfedbdefadac5fe663a5,Restaurant dinner,a restaurant dinner,Gym membership,a gym membership,Shampoo,shampoo
8/4/2026 6:49,8/4/2026 6:56,0,93.187.141.166,100,423,1,8/4/2026 6:56,R_1YnRqYbHBDgUaK5,,,,,43.1277,-92.7363,anonymous,EN,FL_EOS_ID,,1,2,1,2,2,2,2,2,5,6,7,4,2,1,2,7,7,5,7,7,1,1,1,2,15.582,109.35,110.993,21,1,20,20,7,0,2,2,1,2,2,1,1,7,1,1,2,5,5,7,6,3,4,1,1,1,2,5.499,74.747,75.966,24,1,10,10,5,1,1,1,0,0,7,7,4,5,6,7,2,1,7,1,4,6,1,1,5,7,7,1,1,1,1,4.908,72.179,73.703,22,5,10,7,3,0,34,2,,,69af325ab00a2c61b1485ac4,6a717b1f4315ca0c46f51534,6a71dfd5a7c27f37612fc3b9,Board Game,a board game,Ice Cream,ice cream,Netflix,a Netflix subscription
8/4/2026 6:50,8/4/2026 6:56,0,73.194.125.209,100,346,1,8/4/2026 6:56,R_3hZ3wqSxNpDgQ93,,,,,40.734,-74.0712,anonymous,EN,FL_EOS_ID,,1,2,1,4,5,3,4,5,4,4,4,4,3,4,3,4,6,4,2,4,3,4,4,5,57.718,117.562,118.172,23,2,9,4,3,1,4,5,3,4,5,4,4,6,4,3,5,5,7,7,6,6,6,4,2,4,4,5.801,51.043,52.002,23,2,5,3,6,1,1,0,0,0,5,4,5,5,5,6,4,6,4,4,4,3,6,6,7,6,5,2,2,2,4,3.666,48.55,49.92,23,2,9,5,5,0,25,1,,,69fafe84a693e8a4744c9213,6a717b1f4315ca0c46f51534,6a71e0236419963bbfe9b2f2,Fast food meal,a fast food meal,Basic T-Shirt,a basic t-shirt,Bottle of wine,a bottle of wine
8/4/2026 6:51,8/4/2026 6:56,0,24.214.49.227,100,336,1,8/4/2026 6:56,R_62nntTOniv4r4XZ,,,,,27.7363,-82.6654,anonymous,EN,FL_EOS_ID,,1,2,1,1,2,1,1,1,1,1,7,6,1,1,1,7,7,7,6,6,4,1,2,1,8.829,79.899,80.739,22,1,25,25,5,1,7,7,7,1,1,1,1,7,7,1,1,1,7,7,7,7,7,1,1,1,1,5.107,51.094,51.932,21,7,500,250,3,0,1,1,0,0,3,1,2,7,7,7,7,7,7,1,1,1,4,5,4,6,6,1,1,3,1,4.672,67.18,67.732,22,4,70,60,5,1,43,1,,,6647d385a03fca12ce7acc45,6a717b1f4315ca0c46f51534,6a71e02f3b1ba47b8e6f4ee5,Basic T-Shirt,a basic t-shirt,Designer watch,a designer watch,Physical video game,a physical video game
8/4/2026 6:50,8/4/2026 6:56,0,35.147.48.176,100,342,1,8/4/2026 6:56,R_6ri6kAU2CUs3dgt,,,,,29.8737,-97.9361,anonymous,EN,FL_EOS_ID,,1,2,1,2,3,5,2,1,1,4,7,7,1,2,6,7,7,7,1,1,1,1,1,1,12.525,101.131,102.324,22,1,15,15,5,1,7,7,7,7,7,7,7,1,1,7,7,7,1,6,6,6,4,1,1,1,1,6.749,64.072,65.23,21,7,50,25,6,1,1,1,0,0,1,1,1,1,1,1,1,7,7,1,1,1,7,7,7,1,1,1,1,1,1,3.893,46.179,47.571,21,1,3,3,7,1,36,2,,,61153c071ccdfd766abb5980,6a717b1f4315ca0c46f51534,6a71e02a0fd32038aaa0b2de,Restaurant dinner,a restaurant dinner,Tank of Gas,a tank of gas,Ice Cream,ice cream
8/4/2026 6:51,8/4/2026 6:56,0,71.128.163.7,100,301,1,8/4/2026 6:56,R_1dwkqESxIgVmEeJ,,,,,35.8693,-86.4184,anonymous,EN,FL_EOS_ID,,1,2,1,7,7,7,4,4,4,4,1,2,3,5,7,1,1,1,1,1,7,7,7,7,5.275,66.07,69.033,24,7,10,0,4,0,6,7,7,7,7,7,7,1,1,7,7,7,1,1,1,6,6,1,1,2,6,4.773,56.68,57.043,23,6,150,100,7,1,1,1,0,0,7,7,7,1,1,7,1,7,7,1,1,1,7,7,7,7,4,1,1,1,3,4.067,53.17,53.638,25,7,50,20,1,0,42,1,,,580d5d1f357e890001dd14ce,6a717b1f4315ca0c46f51534,6a71e0531d88e8b2dc1e7af6,Parking,parking,Electricity bill,an electricity bill,Perfume,perfume
8/4/2026 6:49,8/4/2026 6:56,0,107.202.17.50,100,416,1,8/4/2026 6:56,R_6DSSnQ7uMg8PZcx,,,,,35.5825,-82.6115,anonymous,EN,FL_EOS_ID,,1,2,1,4,6,4,5,5,5,3,6,2,2,4,5,6,6,5,6,6,1,2,2,2,16.216,92.232,93.2,21,4,25,25,3,0,4,4,3,4,6,2,2,7,7,5,5,6,2,4,3,3,5,1,1,2,2,9.751,87.534,88.374,22,2,10,10,6,1,1,0,0,0,4,4,4,2,2,2,2,6,5,1,6,2,7,7,6,1,1,1,1,2,2,7.27,79.52,80.306,22,2,8,8,4,1,53,2,,,670b348a06bf8e0e89cde836,6a717b1f4315ca0c46f51534,6a71dfe3f3a841f50098f151,Physical video game,a physical video game,Shampoo,shampoo,Ice Cream,ice cream
8/4/2026 6:51,8/4/2026 6:56,0,184.19.230.26,100,307,1,8/4/2026 6:56,R_6trKwRoiTlWDCmD,,,,,38.8948,-81.9335,anonymous,EN,FL_EOS_ID,,1,2,1,6,7,6,1,3,6,7,2,3,5,7,7,6,7,7,6,5,1,1,1,1,9.299,73.46,73.981,22,7,550,400,4,0,3,5,3,1,5,5,7,7,6,1,1,1,1,1,2,4,4,1,1,1,1,4.932,59.62,60.205,21,3,50,40,6,0,1,0,0,0,7,7,6,1,1,4,4,7,5,4,1,1,1,1,1,1,1,1,1,1,1,7.159,60.76,61.306,22,6,300,50,5,1,49,2,,,66293dd4c51422edb482d223,6a717b1f4315ca0c46f51534,6a71e0541991fdd43e3d1759,Monthly car payment,monthly car payment,Gym membership,a gym membership,Concert ticket,a concert ticket
8/4/2026 6:49,8/4/2026 6:56,0,73.23.254.178,100,440,1,8/4/2026 6:56,R_1itnDdwdMHy08Ie,,,,,26.3771,-81.7334,anonymous,EN,FL_EOS_ID,,1,2,1,6,7,6,2,3,2,3,5,7,1,7,7,7,7,7,7,6,1,1,1,2,1.888,93.282,93.849,30,4,5000,2000,3,0,2,4,2,1,4,6,6,7,6,1,5,5,7,7,7,7,6,2,2,3,4,6.144,79.791,81.583,29,1,20,12,5,0,1,1,0,0,4,4,5,1,4,4,6,7,7,2,7,7,6,7,7,2,2,3,3,2,1,2.546,81.734,82.4,32,4,30,15,3,1,61,2,,,6483f9ebf7986bdbdbc0598c,6a717b1f4315ca0c46f51534,6a71dfcda51a4983c4afd57e,Designer watch,a designer watch,Board Game,a board game,Bottle of wine,a bottle of wine
8/4/2026 6:50,8/4/2026 6:56,0,99.189.3.100,100,358,1,8/4/2026 6:56,R_672yoeon8xAS21z,,,,,34.1576,-118.2675,anonymous,EN,FL_EOS_ID,,1,2,1,1,7,7,1,7,4,1,7,7,7,1,7,7,7,7,1,5,1,1,1,1,7.759,69.864,71.59,31,1,15,8,7,1,7,7,7,1,7,1,1,7,4,1,7,7,7,7,7,7,7,1,1,1,1,3.118,51.952,52.771,25,1,180,75,7,1,1,0,0,0,7,7,7,1,4,7,7,7,7,7,7,7,1,1,7,1,1,1,1,7,7,3.052,52.153,53,26,1,50,20,7,1,57,1,No comment.,,5e9ca054511e7a1c5c5640e5,6a717b1f4315ca0c46f51534,6a71e026f4a59a23b10919e8,Fast food meal,a fast food meal,Pair of sneakers,a pair of sneakers,Uber or Lyft,Uber or Lyft
8/4/2026 6:50,8/4/2026 6:56,0,71.126.99.235,100,407,1,8/4/2026 6:56,R_1Q5f2ExKq0Wq2xA,,,,,40.6632,-76.3285,anonymous,EN,FL_EOS_ID,,1,2,1,5,5,5,5,4,6,6,6,5,2,2,6,7,7,7,6,6,1,1,1,2,14.036,110.505,112.835,23,5,1500,350,5,0,6,7,6,3,3,6,5,2,3,7,7,7,7,7,7,6,6,2,2,6,4,19.892,94.295,95.175,22,7,120,15,4,0,1,1,0,0,5,5,5,5,5,6,6,6,4,3,4,5,7,7,7,6,6,2,2,1,2,9.13,64.786,65.918,22,5,1500,350,5,0,56,1,,,67dd78fc6e1a73e4ab982151,6a717b1f4315ca0c46f51534,6a71dff1a82a4eb3e333677c,Laptop,a laptop,Textbook,a textbook,Laptop,a laptop
8/4/2026 6:50,8/4/2026 6:56,0,74.209.112.145,100,369,1,8/4/2026 6:56,R_5AqF1afxPmFw9qh,,,,,34.2153,-83.4503,anonymous,EN,FL_EOS_ID,,1,2,1,4,4,7,4,4,4,4,4,4,4,4,4,1,4,4,4,1,1,1,1,1,3.547,37.542,41.245,42,4,200,100,7,1,4,4,4,1,1,4,4,7,4,4,4,1,7,7,7,4,4,1,1,1,1,4.936,40.789,43.141,21,1,10,10,4,1,1,1,0,0,4,4,4,4,7,7,4,4,4,4,4,4,4,4,4,4,4,4,4,4,4,45.432,71.056,73.216,23,4,25,0,4,1,31,1,,,5d7085f70a426200186bc676,6a717b1f4315ca0c46f51534,6a71e02069df863d4ec73176,Electricity bill,an electricity bill,Shampoo,shampoo,Parking,parking
8/4/2026 6:50,8/4/2026 6:56,0,98.163.222.89,100,404,1,8/4/2026 6:56,R_6ff6KrX07VjXnI2,,,,,29.9375,-90.0848,anonymous,EN,FL_EOS_ID,,1,2,1,3,6,6,1,1,7,6,7,7,1,5,5,3,5,6,2,3,1,1,2,2,14.846,94.941,96.522,25,6,300,50,6,0,4,3,4,1,1,7,4,7,6,4,6,6,1,1,6,6,6,1,1,1,1,9.722,67.713,68.464,23,3,100,25,6,0,1,1,0,0,3,5,3,1,1,7,4,7,7,1,1,1,2,1,1,6,6,2,2,2,2,6.466,57.505,59.047,23,2,19,6,7,1,63,2,I said I did purchase a digital book because I considered a free download from Gutenberg as a purchase.,,644a53ac09de69785b70ec16,6a717b1f4315ca0c46f51534,6a71dfc7ac8a129db46f0b93,Concert ticket,a concert ticket,Life insurance,life insurance,Digital book,a digital book
8/4/2026 6:49,8/4/2026 6:56,0,172.59.210.136,100,423,1,8/4/2026 6:56,R_611QgNgwipjOrEA,,,,,40.793,-74.0247,anonymous,EN,FL_EOS_ID,,1,2,1,7,7,6,3,5,4,5,6,3,7,5,7,1,6,7,1,6,2,3,5,7,13.577,116.126,117.03,22,6,20,5,5,1,7,7,7,2,3,3,5,7,6,3,2,3,7,7,7,3,2,3,1,1,2,5.075,89.487,90.107,25,6,120,50,5,0,1,0,0,0,5,7,6,2,7,4,4,7,7,2,1,4,6,7,6,6,3,1,1,1,1,16.659,104.509,105.283,22,5,80,50,6,0,35,3,,,69cae87c011ffb45829641f8,6a717b1f4315ca0c46f51534,6a71dfe7abfaf7a5934df72b,Parking,parking,Meal kit subscription,a meal kit subscription,Physical video game,a physical video game
8/4/2026 6:51,8/4/2026 6:57,0,71.74.121.81,100,327,1,8/4/2026 6:57,R_30peZc3NNUAmu4k,,,,,41.11,-81.5004,anonymous,EN,FL_EOS_ID,,1,2,1,2,3,5,1,5,3,6,4,6,5,7,7,7,7,7,7,7,1,1,1,1,5.783,69.628,70.735,32,5,100,75,7,1,7,7,7,1,1,1,6,7,7,1,1,1,7,7,7,7,7,1,1,1,1,4.936,50.928,52.07,36,7,500,150,5,0,1,1,0,0,1,1,1,7,5,1,7,7,7,1,1,5,1,1,1,3,7,2,2,1,2,4.083,58.392,59.561,24,1,15,15,7,1,45,2,,,66f7e8f5a7ee4726c04942de,6a717b1f4315ca0c46f51534,6a71e035060de87433922c9e,Pair of sneakers,a pair of sneakers,Designer watch,a designer watch,Digital book,a digital book
8/4/2026 6:51,8/4/2026 6:57,0,104.181.213.79,100,341,1,8/4/2026 6:57,R_3QxLD6YuFvIK7fz,,,,,43.0475,-87.8964,anonymous,EN,FL_EOS_ID,,1,2,1,4,4,5,6,6,6,7,6,6,1,1,5,1,3,2,6,5,1,1,1,4,9.594,86.393,87.256,24,2,50,20,5,0,4,5,3,6,7,5,7,6,4,6,2,4,7,7,4,4,4,1,1,1,2,3.928,61.925,62.899,25,2,15,5,5,0,1,1,0,0,3,4,3,2,2,2,2,6,6,4,2,3,7,7,4,4,4,2,1,2,3,6.842,67.689,68.75,24,1,10,5,6,1,31,2,,,69b4d2526cb22ee3d846b951,6a717b1f4315ca0c46f51534,6a71e0424b79b147ad42c92d,Gym membership,a gym membership,Cartridge of Printer Ink,a cartridge of printer ink,Shampoo,shampoo
8/4/2026 6:50,8/4/2026 6:57,0,208.104.58.68,100,406,1,8/4/2026 6:57,R_6lrJ05JyT7fUoAN,,,,,34.9672,-81.0491,anonymous,EN,FL_EOS_ID,,1,2,1,6,5,6,1,2,4,1,5,5,3,6,5,7,7,7,6,6,3,1,1,1,8.914,95.801,96.682,26,5,80,40,3,0,5,4,5,1,1,6,4,7,7,2,6,6,7,7,7,4,3,1,1,1,1,7.225,81.119,81.811,22,6,99,50,6,0,1,1,0,0,5,5,5,1,2,6,5,7,7,2,3,7,7,7,7,1,1,1,1,1,1,9.232,80.713,81.523,25,6,12,8,5,1,47,1,,,6983bd1fba34fab696d263f3,6a717b1f4315ca0c46f51534,6a71e00112d8c2e6b81f85ab,Perfume,perfume,Meal kit subscription,a meal kit subscription,Fast food meal,a fast food meal
8/4/2026 6:48,8/4/2026 6:57,0,149.75.129.12,100,494,1,8/4/2026 6:57,R_5J3re3Aivy7Yz3Q,,,,,41.6904,-87.6157,anonymous,EN,FL_EOS_ID,,1,2,1,4,5,2,5,2,6,4,3,7,2,2,6,7,1,6,6,1,6,4,4,4,3.786,29.06,32.07,25,6,122,90,4,0,5,5,6,7,5,3,3,6,6,4,5,6,3,4,5,5,6,1,4,4,1,2.947,24.658,25.38,26,2,11,3,6,1,1,0,0,0,5,3,5,5,4,5,5,4,3,3,6,6,2,1,2,6,6,5,7,4,3,2.48,12.468,20.368,21,2,10,10,5,1,42,1,,,60c12fe6ca8c4aa6d0185190,6a717b1f4315ca0c46f51534,6a71dfb106c91a146beed5ac,Electricity bill,an electricity bill,Parking,parking,Basic T-Shirt,a basic t-shirt
8/4/2026 6:49,8/4/2026 6:57,0,50.38.228.211,100,440,1,8/4/2026 6:57,R_6F9bnTsw9fWB3HI,,,,,33.837,-109.9643,anonymous,EN,FL_EOS_ID,,1,2,1,5,7,5,4,5,6,5,6,7,1,1,1,6,6,6,2,2,1,4,1,1,7.444,77.855,78.757,29,1,100,50,5,1,5,6,5,2,2,6,6,7,6,1,4,2,1,1,3,2,1,1,1,1,1,3.226,68.473,69.443,32,1,35,20,5,0,1,0,0,0,4,6,5,5,6,7,7,7,5,5,6,5,7,7,7,7,7,1,1,1,1,2.294,47.924,48.99,25,2,40,20,6,1,47,2,None thanks ,,662973533159df515afdd606,6a717b1f4315ca0c46f51534,6a71dfe66cebd0cf9775d68b,Meal kit subscription,a meal kit subscription,Uber or Lyft,Uber or Lyft,Shampoo,shampoo
8/4/2026 6:50,8/4/2026 6:57,0,98.227.50.150,100,404,1,8/4/2026 6:57,R_6PzIT21WzHUJm3O,,,,,41.8486,-87.6288,anonymous,EN,FL_EOS_ID,,1,2,1,4,5,2,2,4,6,6,5,2,1,5,6,7,6,6,5,5,1,1,1,2,5.23,76.807,77.705,33,2,7,5,6,1,5,5,5,1,1,3,4,7,6,1,1,3,7,7,7,7,7,1,1,1,1,4.279,53.927,54.623,34,5,450,300,7,0,1,0,0,0,5,5,5,1,1,5,5,1,3,3,7,7,1,1,1,1,1,1,1,1,7,5.547,105.545,105.908,34,6,0.75,0.25,1,1,26,1,,,665b7b047373d8da553237a6,6a717b1f4315ca0c46f51534,6a71dfe2c3c287e62e153941,Shampoo,shampoo,Bike,a bike,Highway Toll,a highway toll
8/4/2026 6:52,8/4/2026 6:57,0,74.50.221.201,100,303,1,8/4/2026 6:57,R_3iispgZg6KbNq9j,,,,,40.4086,-111.9308,anonymous,EN,FL_EOS_ID,,1,2,1,6,5,2,1,1,6,1,2,1,6,6,7,7,7,7,1,1,1,1,1,5,16.299,69.178,69.934,21,5,15,10,2,1,5,4,2,7,7,7,7,1,2,7,7,7,2,7,7,6,6,1,1,1,6,5.967,63.543,64.265,22,6,90,50,5,1,1,0,0,0,7,7,6,7,7,7,7,1,1,7,7,7,1,4,5,1,1,1,2,2,7,4.375,51.534,52.265,22,7,20,0,2,1,30,1,,,65f8d23136abafe80c61998a,6a717b1f4315ca0c46f51534,6a71e03ce9132bc3a3ac45fa,Fast food meal,a fast food meal,Tank of Gas,a tank of gas,Parking,parking
8/4/2026 6:51,8/4/2026 6:57,0,67.241.170.153,100,332,1,8/4/2026 6:57,R_3E0WYDgBHARlLyG,,,,,42.9005,-78.6726,anonymous,EN,FL_EOS_ID,,1,2,1,5,6,5,1,1,1,6,7,6,1,1,1,7,7,7,7,7,1,1,1,2,8.527,66.876,67.932,21,5,500,200,6,0,4,4,4,6,5,1,5,7,7,1,1,1,7,7,6,6,6,1,1,1,1,5.74,54.723,57.013,21,4,150,50,5,0,1,1,0,0,5,7,6,1,1,5,6,7,6,1,1,1,7,7,7,7,6,1,1,1,1,4.89,50.707,51.611,21,6,500,200,6,0,61,2,I evaluated the purchase of a bike twice in this survey.,,6a20484598c739d1d691a6e7,6a717b1f4315ca0c46f51534,6a71e03c5880634a11ca8981,Bike,a bike,Physical video game,a physical video game,Bike,a bike
8/4/2026 6:50,8/4/2026 6:57,0,98.144.210.224,100,427,1,8/4/2026 6:57,R_6eTp0QXgAe6TWbn,,,,,42.8886,-88.0384,anonymous,EN,FL_EOS_ID,,1,2,1,6,5,5,2,1,2,1,7,7,1,1,1,7,7,3,1,2,1,1,1,2,10.199,86.552,87.354,23,3,9,6,3,1,4,5,4,6,4,7,7,3,3,4,6,7,1,1,1,3,4,4,4,4,4,7.356,96.142,98.353,26,4,20,15,5,0,1,1,0,0,4,4,4,2,2,4,5,6,4,2,4,5,7,7,7,7,7,1,2,1,1,9.168,80.133,82.918,24,4,40,40,6,0,33,3,no comments,,699e42aa92d078d3b64b4a72,6a717b1f4315ca0c46f51534,6a71dffa30f6032586e4e754,Starbucks,Starbucks,Parking,parking,Textbook,a textbook
8/4/2026 6:52,8/4/2026 6:57,0,205.133.240.75,100,272,1,8/4/2026 6:57,R_3yuwTJWSL3eZ5pn,,,,,39.4214,-81.4664,anonymous,EN,FL_EOS_ID,,1,2,1,7,7,5,1,1,4,4,1,1,4,7,7,7,7,7,5,4,1,1,1,2,5.462,58.848,59.466,23,2,100,50,6,0,1,1,1,1,1,1,1,7,7,1,1,1,7,7,7,1,2,1,1,1,1,4.929,37.821,38.59,21,1,5,5,4,1,1,1,0,0,5,6,3,4,4,4,7,7,7,1,1,1,1,1,1,7,4,1,1,1,1,4.593,53.539,53.901,24,2,20,10,6,1,54,1,n/a,,63614899ad49a91f1ef09067,6a717b1f4315ca0c46f51534,6a71e00759e12781089800a7,Textbook,a textbook,Ice Cream,ice cream,Netflix,a Netflix subscription
8/4/2026 6:50,8/4/2026 6:57,0,70.160.208.42,100,382,1,8/4/2026 6:57,R_73866h33YyTE6tt,,,,,36.9886,-76.4143,anonymous,EN,FL_EOS_ID,,1,2,1,4,4,4,6,6,6,6,6,1,4,5,6,1,4,2,4,2,4,4,6,5,36.907,86.629,87.637,21,1,10,0,4,0,7,7,7,7,6,6,4,2,2,7,6,6,1,1,5,2,2,1,1,7,6,5.047,118.637,119.279,21,5,15,5,1,0,1,0,0,0,4,4,4,6,6,6,6,2,1,6,6,6,4,6,6,3,3,1,1,2,2,3.757,49.652,50.348,21,2,50,20,5,1,30,2,,,655fa55ae220887674baf9d6,6a717b1f4315ca0c46f51534,6a71e02f6eb6f101d245c3cc,Hotel Wifi,hotel wifi,Highway Toll,a highway toll,Tank of Gas,a tank of gas
8/4/2026 6:50,8/4/2026 6:57,0,173.41.8.46,100,404,1,8/4/2026 6:57,R_7G1xh27RrtxTMBC,,,,,32.7507,-97.2095,anonymous,EN,FL_EOS_ID,,1,2,1,7,7,6,5,6,7,7,1,2,5,7,1,4,1,2,6,4,1,1,1,7,30.529,104.785,105.527,23,2,200,80,6,1,4,4,4,1,1,1,1,7,7,1,1,5,7,6,1,1,1,1,1,1,1,11.547,111.555,112.379,21,1,80,60,5,1,1,0,0,0,2,4,2,7,7,6,7,6,5,6,1,4,7,7,6,5,6,1,1,1,1,5.385,59.54,60.398,23,2,30,20,5,1,29,2,,,69f39df5fdef5b2e2a84011b,6a717b1f4315ca0c46f51534,6a71e00dbdefadac5fe663a9,Electricity bill,an electricity bill,Restaurant dinner,a restaurant dinner,Cartridge of Printer Ink,a cartridge of printer ink
8/4/2026 6:49,8/4/2026 6:57,0,73.45.124.138,100,450,1,8/4/2026 6:57,R_6OprJqaQsE81jjP,,,,,41.4959,-87.8487,anonymous,EN,FL_EOS_ID,,1,2,1,1,4,1,1,1,4,1,7,7,1,1,1,7,7,5,7,7,1,1,1,1,55.707,109.138,109.782,27,1,15,12,7,1,1,1,1,1,1,1,1,7,4,1,1,1,7,7,6,7,7,1,1,1,1,1.753,48.206,48.559,26,1,120,115,7,0,1,0,0,0,1,1,1,7,1,1,7,4,1,1,2,1,1,1,4,1,1,7,1,7,5,2.817,46.886,48.265,25,1,0,0,7,0,38,2,,,65e33239b5fa3ca93950aa67,6a717b1f4315ca0c46f51534,6a71dfecad20345ef2d8eb1b,Board Game,a board game,Bike,a bike,Hotel Wifi,hotel wifi
8/4/2026 6:51,8/4/2026 6:57,0,173.70.147.12,100,376,1,8/4/2026 6:57,R_6D6Ob52PtyyUYeZ,,,,,40.6853,-74.4516,anonymous,EN,FL_EOS_ID,,1,2,1,6,5,7,1,1,2,3,7,7,3,1,2,7,7,7,6,6,3,1,1,2,12.562,72.476,73.886,30,5,2000,350,1,0,1,3,2,4,5,3,5,7,6,6,1,2,1,3,4,6,5,2,2,2,3,10.649,71.57,71.96,29,2,15,10,4,0,1,0,0,0,3,4,2,1,1,6,2,6,7,2,2,3,7,7,6,1,1,1,1,1,1,61.675,104.821,107.598,30,3,12,8,4,1,28,1,,,66e8661e0c5e57cda7bf2d39,6a717b1f4315ca0c46f51534,6a71e04092f9aafb8c5c45a1,Designer watch,a designer watch,Digital book,a digital book,Fast food meal,a fast food meal
8/4/2026 6:50,8/4/2026 6:57,0,73.129.71.119,100,404,1,8/4/2026 6:57,R_6TkOq6Y6eP7GNPP,,,,,39.3127,-76.581,anonymous,EN,FL_EOS_ID,,1,2,1,1,4,1,3,5,2,1,3,3,1,2,1,2,1,1,6,5,3,1,3,3,1.478,55.212,55.901,57,1,15,10,2,0,1,1,1,5,2,1,1,3,1,4,4,2,1,2,1,1,1,1,1,1,5,2.707,43.637,45.221,50,1,3,2,4,1,1,0,0,0,1,5,3,3,2,3,1,5,3,4,2,2,7,7,7,5,6,1,1,1,1,3.967,53.421,54.37,49,1,250,300,7,0,23,2,Thanks,,6234a7fc493d026318784c23,6a717b1f4315ca0c46f51534,6a71e02363743c5a938c6cf7,Digital book,a digital book,Public Transit Pass,a public transit pass,Bike,a bike
8/4/2026 6:50,8/4/2026 6:57,0,172.58.240.131,100,430,1,8/4/2026 6:57,R_7AI2fdX4VgStazT,,,,,38.9208,-77.036,anonymous,EN,FL_EOS_ID,,1,2,1,1,3,1,1,2,5,7,7,7,1,1,5,7,7,7,7,7,1,1,1,1,11.653,104.439,106.224,21,1,15,20,6,1,4,5,4,4,7,7,7,2,1,6,7,7,7,7,6,6,7,1,1,1,1,5.585,67.804,72.001,21,5,50,30,7,1,1,0,0,0,7,2,7,1,1,1,3,7,7,7,1,1,7,7,7,7,7,1,1,1,1,4.352,59.788,60.945,22,4,500,300,6,0,43,2,,,6a0d00c7dbe235327e9f5f02,6a717b1f4315ca0c46f51534,6a71e00a86db19fcfec33a38,Board Game,a board game,Cartridge of Printer Ink,a cartridge of printer ink,Designer watch,a designer watch
8/4/2026 6:50,8/4/2026 6:57,0,70.124.109.197,100,424,1,8/4/2026 6:57,R_6Qs7BzfNM0aSZM2,,,,,27.6357,-99.5923,anonymous,EN,FL_EOS_ID,,1,2,1,4,7,7,1,1,7,7,7,4,4,7,4,7,7,7,7,7,1,1,1,1,8.118,186.518,188.822,22,3,500,350,7,0,4,1,1,1,1,1,1,7,7,1,1,1,7,7,7,1,2,1,1,1,1,2.519,30.917,31.52,22,1,15,7,2,1,1,0,0,0,1,1,1,1,1,1,1,7,7,1,1,1,7,7,4,1,1,1,1,1,1,25.467,53.517,54.956,22,4,50,40,3,0,21,2,,,697cbf945c186a9071d752fd,6a717b1f4315ca0c46f51534,6a71e0114ad0fc6847310acb,Monthly car payment,monthly car payment,Starbucks,Starbucks,Bottle of wine,a bottle of wine
8/4/2026 6:51,8/4/2026 6:57,0,174.181.68.54,100,395,1,8/4/2026 6:57,R_5nMDBR1n3DCFS94,,,,,40.3931,-79.8651,anonymous,EN,FL_EOS_ID,,1,2,1,5,7,7,1,2,2,2,6,5,1,1,2,7,7,6,6,5,1,1,1,1,11.85,192.5,193.349,23,5,2000,920,5,0,1,4,3,7,7,7,6,6,7,1,1,1,7,7,7,7,7,1,7,1,1,2.823,37.666,38.947,21,2,60,40,6,1,1,1,0,0,1,1,1,1,1,6,4,7,4,1,1,1,7,7,7,1,1,1,1,1,1,5.887,45.864,47.075,21,1,5,3,5,1,37,1,It was a great study overall!!,,66472a03650f9441b8f815d9,6a717b1f4315ca0c46f51534,6a71e03392f9aafb8c5c459f,Designer watch,a designer watch,Physical video game,a physical video game,Ice Cream,ice cream
8/4/2026 6:51,8/4/2026 6:57,0,72.238.248.221,100,363,1,8/4/2026 6:57,R_7YOvYd3ie8H9z8J,,,,,28.5531,-81.7597,anonymous,EN,FL_EOS_ID,,1,2,1,6,6,6,1,1,1,1,7,1,3,4,6,1,1,1,4,3,1,2,1,4,7.74,80.689,81.605,22,6,100,25,7,0,3,2,4,1,1,1,4,7,7,1,1,1,7,7,7,7,6,1,3,1,1,3.487,58.514,59.011,24,1,115,75,4,0,1,0,0,0,5,4,3,7,6,7,5,7,4,3,5,7,7,7,7,4,4,1,1,4,5,27.074,83.956,84.704,24,3,40,15,3,0,40,2,,,69da4fe7d13091bcb4edfb5d,6a717b1f4315ca0c46f51534,6a71e056a17801ada7aeacfd,Life insurance,life insurance,Bike,a bike,Cartridge of Printer Ink,a cartridge of printer ink
8/4/2026 6:51,8/4/2026 6:57,0,68.161.82.30,100,389,1,8/4/2026 6:57,R_6EDXRTEXM1Aq2E9,,,,,40.6914,-73.3731,anonymous,EN,FL_EOS_ID,,1,2,1,5,5,6,1,1,6,7,7,7,1,1,1,1,1,1,7,7,1,1,1,1,1.209,75.778,76.415,42,2,500,250,6,0,5,5,5,1,1,7,7,7,4,1,1,1,7,7,7,1,1,1,1,1,2,1.192,49.357,65.404,37,1,300,100,6,0,1,0,0,0,5,5,5,7,7,7,7,3,1,6,7,5,1,1,1,4,1,1,1,1,1,1.241,59.525,60.043,42,6,250,100,4,0,39,2,,,69ff90adb0598b12932552ad,6a717b1f4315ca0c46f51534,6a71e03cc059d13db1989540,Gym membership,a gym membership,Concert ticket,a concert ticket,Monthly car payment,monthly car payment
8/4/2026 6:51,8/4/2026 6:57,0,172.59.74.232,100,372,1,8/4/2026 6:57,R_3e5woptcZL7bsfh,,,,,39.0661,-94.6288,anonymous,EN,FL_EOS_ID,,1,2,1,2,2,3,3,1,5,2,7,6,2,2,6,7,7,3,3,2,1,1,1,1,5.629,97.36,98.341,41,1,5,4,3,1,6,6,5,5,6,5,2,2,6,2,2,6,1,2,1,6,6,3,2,1,1,5.442,72.788,73.97,31,5,12,6,3,0,1,1,0,0,5,6,4,6,6,5,3,5,6,6,3,1,7,7,7,6,6,1,1,1,1,4.212,57.239,58.127,29,5,30,15,4,0,54,2,,,69e585d0512bc0fdf02a4113,6a717b1f4315ca0c46f51534,6a71e00f869492e2393e4ff4,Ice Cream,ice cream,Netflix,a Netflix subscription,Physical video game,a physical video game
8/4/2026 6:50,8/4/2026 6:57,0,97.96.48.35,100,438,1,8/4/2026 6:57,R_7SIvUwGe5Xckojk,,,,,27.5875,-82.4251,anonymous,EN,FL_EOS_ID,,1,2,1,6,6,4,6,7,7,6,6,3,5,5,6,1,1,1,3,2,7,7,7,7,25.738,118.665,119.152,22,6,0,0,6,0,2,3,2,5,1,1,1,7,5,1,1,6,7,7,6,1,3,1,1,1,1,20.67,88.203,88.794,23,1,8,6,4,1,1,0,0,0,4,5,6,1,1,2,6,7,6,1,4,3,1,1,1,4,5,1,1,1,1,15.951,68.539,69.181,22,5,500,200,4,0,34,2,,,66dafb6bb359528886656338,6a717b1f4315ca0c46f51534,6a71e00e5c632ccc031cae19,Hotel Wifi,hotel wifi,Fast food meal,a fast food meal,Life insurance,life insurance
8/4/2026 6:50,8/4/2026 6:57,0,72.221.59.203,100,455,1,8/4/2026 6:57,R_7EB2ZAZpbWzNu0f,,,,,35.3684,-94.403,anonymous,EN,FL_EOS_ID,,1,2,1,4,5,4,1,2,1,2,7,6,1,1,2,7,7,7,4,5,1,3,1,1,14.601,92.131,93.183,22,1,5,4,6,1,3,4,5,2,2,2,3,3,3,3,3,5,7,7,7,7,6,1,1,1,1,6.742,123.047,124.654,21,1,1500,1500,7,0,1,0,0,0,4,4,4,5,3,2,5,2,1,6,7,7,7,7,7,7,6,1,1,2,2,9.381,83.666,84.749,22,2,25,10,6,1,58,1,,,66294cde75dca469b89e2d90,6a717b1f4315ca0c46f51534,6a71e000423a7307bb241b68,Starbucks,Starbucks,Laptop,a laptop,Textbook,a textbook
8/4/2026 6:49,8/4/2026 6:57,0,68.51.185.146,100,501,1,8/4/2026 6:57,R_790USPBSsvD5Rln,,,,,42.4943,-83.2072,anonymous,EN,FL_EOS_ID,,1,2,1,4,4,4,5,4,4,4,4,4,5,4,4,5,4,4,4,4,4,4,4,4,11.677,53.585,55.675,22,4,3,3,6,1,4,4,4,4,5,5,4,4,5,5,4,4,7,7,5,3,4,4,5,4,4,7.403,48.575,50.204,22,3,5,5,6,1,1,0,0,0,4,5,5,4,5,4,4,5,5,4,6,4,7,5,5,5,6,5,2,2,5,5.628,62.074,65.918,24,1,5,3,7,1,40,1,good survey,,6a034137cf969abde5bbfc53,6a717b1f4315ca0c46f51534,6a71dfd0ba8dad6e23523f27,Highway Toll,a highway toll,Starbucks,Starbucks,Textbook,a textbook
8/4/2026 6:51,8/4/2026 6:58,0,24.154.162.80,100,400,1,8/4/2026 6:58,R_7eQnD6MyFsFGeDq,,,,,41.022,-80.6659,anonymous,EN,FL_EOS_ID,,1,2,1,1,1,1,5,1,4,7,7,7,1,1,2,7,2,5,3,3,1,1,1,2,12.088,120.69,122.159,25,1,25,10,5,0,4,5,1,7,7,5,7,6,6,1,3,6,1,1,1,1,1,6,5,7,7,0,0,83.156,0,3,5,0,5,0,1,0,0,0,2,4,4,1,1,7,7,7,5,1,3,2,1,1,1,7,6,1,1,1,1,0,0,66.601,0,2,125,50,7,0,61,2,,,60d7558fd3a01169626ae963,6a717b1f4315ca0c46f51534,6a71dffc85a1a7a97779c888,Public Transit Pass,a public transit pass,Hotel Wifi,hotel wifi,Life insurance,life insurance
8/4/2026 6:49,8/4/2026 6:58,0,73.108.93.240,100,505,1,8/4/2026 6:58,R_5LAt9GlKOTQonAJ,,,,,31.99,-81.1032,anonymous,EN,FL_EOS_ID,,1,2,1,2,2,2,2,2,3,2,7,6,2,2,3,7,7,7,7,7,2,2,2,2,6.961,74.461,75.317,21,1,20,20,7,1,4,6,6,1,1,1,7,6,6,6,2,1,1,1,1,1,1,1,1,1,1,8.785,57.918,59.075,21,6,13,6,4,0,1,0,0,0,6,7,7,1,1,1,4,7,7,1,1,1,7,7,7,7,7,1,2,1,1,20.926,74.642,75.416,21,4,80,50,7,1,40,2,,,6a07118df49b63ff77840f49,6a717b1f4315ca0c46f51534,6a71dfc9a42bf4f13022e324,Board Game,a board game,Uber or Lyft,Uber or Lyft,Pair of sneakers,a pair of sneakers
8/4/2026 6:49,8/4/2026 6:58,0,66.11.148.37,100,495,1,8/4/2026 6:58,R_1Mh4tTj2XkiePBX,,,,,34.1892,-92.0495,anonymous,EN,FL_EOS_ID,,1,2,1,7,7,7,7,7,7,7,1,2,3,7,7,1,7,5,5,3,1,1,1,1,10.331,99.385,100.975,23,7,50,20,5,1,7,7,7,7,7,1,1,7,7,1,1,1,7,7,7,7,7,1,1,1,1,10.35,62.929,64.336,21,4,1000,50,1,0,1,1,0,0,7,7,7,7,7,5,7,5,5,5,7,7,7,7,7,7,5,1,1,1,1,8.829,69.481,70.7,22,7,400,250,7,0,57,2,"Buying gas is definitely painful in this economy, especially since I live way out and away from gas stations and have to travel for miles to get anywhere. I have to keep gas in my tank or I would be stuck at home. I can't afford a car payment right now, even though I need a new ride. I have never owned a designer watch and can't see wasting money on one...I have a phone to tell me what time it is.",,5e07a0898dffa00ff1aaf60f,6a717b1f4315ca0c46f51534,6a71dfe18b1ea7d51615eb41,Tank of Gas,a tank of gas,Designer watch,a designer watch,Monthly car payment,monthly car payment
8/4/2026 6:50,8/4/2026 6:58,0,174.85.248.55,100,465,1,8/4/2026 6:58,R_6jGwGuGZPwbxypj,,,,,34.803,-86.9714,anonymous,EN,FL_EOS_ID,,1,2,1,7,7,6,6,4,4,3,7,7,1,1,1,1,1,1,5,5,1,2,1,1,20.919,100.069,101.306,22,7,15,8,3,1,5,3,6,5,6,7,6,6,6,2,2,1,1,4,5,5,4,1,2,1,1,4.997,90.92,92.062,23,7,200,100,6,0,1,1,0,0,5,5,5,7,7,7,7,7,7,1,1,1,1,1,1,7,3,1,4,1,2,5.149,71.997,73.341,22,5,75,35,5,0,29,1,,,6a17341284c2898f5cde3739,6a717b1f4315ca0c46f51534,6a71dffde8b4ee0c62576f04,Netflix,a Netflix subscription,Monthly car payment,monthly car payment,Gym membership,a gym membership
8/4/2026 6:50,8/4/2026 6:58,0,47.203.33.22,100,466,1,8/4/2026 6:58,R_6q8TzJCqw6v05yY,,,,,27.7125,-82.299,anonymous,EN,FL_EOS_ID,,1,2,1,4,4,5,4,4,2,4,7,7,5,4,6,1,1,5,5,6,1,2,2,3,1.164,107.87,108.782,52,4,20,20,6,1,4,5,5,4,5,2,5,7,7,6,4,4,7,7,7,6,5,1,1,1,1,4.47,76.97,77.818,46,5,500,300,6,0,1,1,0,0,2,2,4,2,1,2,2,7,7,1,1,4,7,7,7,7,7,1,1,1,1,1.645,69.32,72.074,43,2,24,20,4,0,61,2,,,69fc890dba514ca137bb3487,6a717b1f4315ca0c46f51534,6a71dffee7eb535babe46692,Netflix,a Netflix subscription,Laptop,a laptop,Board Game,a board game
8/4/2026 6:51,8/4/2026 6:58,0,173.25.155.55,100,397,1,8/4/2026 6:58,R_6j9umasydPVEq9e,,,,,41.8528,-90.2071,anonymous,EN,FL_EOS_ID,,1,2,1,4,2,4,1,1,7,4,7,7,5,4,6,7,6,6,6,6,1,1,2,1,4.44,106.521,107.883,37,1,7,7,6,1,2,1,2,1,1,4,2,6,6,2,5,7,7,7,7,7,6,2,1,1,1,4.648,73.291,74.949,35,1,25,15,6,1,1,0,0,0,4,5,5,1,1,4,6,6,4,1,2,5,7,7,7,7,7,1,1,1,1,4.66,63.639,64.835,24,1,350,300,7,0,34,1,,,668c8323480134a3e3b9156e,6a717b1f4315ca0c46f51534,6a71e042007e26ce880b91df,Shampoo,shampoo,Basic T-Shirt,a basic t-shirt,Bike,a bike
8/4/2026 6:51,8/4/2026 6:58,0,45.46.151.207,100,386,1,8/4/2026 6:58,R_6d0we0J4ZbrFkyh,,,,,43.3195,-76.4178,anonymous,EN,FL_EOS_ID,,1,2,1,6,7,7,6,7,7,7,1,1,7,7,7,1,1,1,5,5,1,1,1,3,9.632,77.684,78.936,22,5,250,100,5,1,4,6,4,7,7,7,7,4,6,4,4,4,1,1,1,1,1,4,6,6,7,4.789,68.121,69.313,22,3,12,4,3,0,1,0,0,0,4,6,6,1,2,3,4,6,6,1,2,1,7,7,7,7,6,1,1,1,1,3.558,117.026,117.944,22,3,1200,999,6,0,42,2,,,6a1f2df1e09a81b25f63fc2c,6a717b1f4315ca0c46f51534,6a71e04dc3eb2f83ada1e47a,Electricity bill,an electricity bill,Parking,parking,Laptop,a laptop
8/4/2026 6:49,8/4/2026 6:58,0,73.67.117.89,100,487,1,8/4/2026 6:58,R_6C86FpEu11IhHpK,,,,,28.9341,-81.9599,anonymous,EN,FL_EOS_ID,,1,2,1,4,4,4,2,2,2,2,6,6,2,2,4,6,6,6,2,2,2,2,3,2,10.221,126.635,133.224,26,2,20,10,4,0,6,6,4,2,2,2,2,6,6,4,4,4,6,6,6,2,2,4,4,4,4,10.041,105.414,107.092,25,6,5,1,2,0,1,1,0,0,6,6,4,2,2,2,2,6,6,2,2,4,6,6,6,2,2,4,4,4,4,6.736,83.464,85.576,25,6,5,1,2,0,49,1,,,5da49efa203c590013533d84,6a717b1f4315ca0c46f51534,6a71dfefa3f792a81392a5d8,Bottle of wine,a bottle of wine,Starbucks,Starbucks,Starbucks,Starbucks
8/4/2026 6:49,8/4/2026 6:58,0,151.213.214.156,100,519,1,8/4/2026 6:58,R_6ztBEP1SapVOzH3,,,,,37.7006,-83.9738,anonymous,EN,FL_EOS_ID,,1,2,1,3,5,4,1,1,3,7,2,2,6,3,7,1,1,2,1,1,2,5,1,1,13.972,137.578,138.781,24,3,30,30,5,0,4,6,4,1,1,2,2,6,6,4,2,6,7,7,5,5,3,1,1,1,1,13.092,111.58,112.735,26,4,25,15,5,1,1,1,0,0,4,4,5,1,1,7,7,5,7,2,6,5,7,7,7,7,7,1,1,1,1,9.489,91.335,92.292,23,3,200,150,6,1,46,2,,,6a45565f7a12c276079537f2,6a717b1f4315ca0c46f51534,6a71dfd0463c97aa0db7e3ad,Uber or Lyft,Uber or Lyft,Bottle of wine,a bottle of wine,Bike,a bike
8/4/2026 6:51,8/4/2026 6:58,0,98.97.85.69,100,420,1,8/4/2026 6:58,R_7rPIAVVNIYgrWaD,,,,,32.7797,-96.8022,anonymous,EN,FL_EOS_ID,,1,2,1,6,6,6,1,2,7,7,7,1,1,1,1,6,2,4,1,4,1,1,1,1,16.015,80.036,80.745,22,5,200,75,3,1,6,6,5,5,5,5,7,1,1,7,7,7,1,1,1,6,3,1,1,1,4,5.361,47.729,48.473,21,7,350,110,5,1,1,0,0,0,2,2,3,3,4,6,5,4,6,3,5,4,6,5,6,5,3,1,2,2,2,3.98,187.677,188.357,23,3,15,10,5,0,32,1,,,5ffda81386912d2e220663d6,6a717b1f4315ca0c46f51534,6a71e0291af91249a6f86a2a,Concert ticket,a concert ticket,Electricity bill,an electricity bill,Public Transit Pass,a public transit pass
8/4/2026 6:50,8/4/2026 6:58,0,73.67.70.250,100,464,1,8/4/2026 6:58,R_62EAulmX9GLbBsm,,,,,28.2534,-81.6421,anonymous,EN,FL_EOS_ID,,1,2,1,4,5,5,5,1,7,7,7,6,5,6,7,1,2,2,7,6,3,1,2,2,14.02,124.029,125.333,24,6,10,10,4,0,7,7,6,1,1,7,7,7,7,4,2,7,1,5,4,1,1,1,1,1,1,9.43,96.884,97.766,21,1,45,20,3,0,1,1,0,0,4,4,4,1,1,2,4,7,7,4,7,7,7,7,7,7,7,1,1,1,1,5.535,77.648,80.082,22,1,90,40,7,1,52,1,,,6763911a202c7db0ad8d5790,6a717b1f4315ca0c46f51534,6a71e00846c5aab2e693c72e,Gym membership,a gym membership,Uber or Lyft,Uber or Lyft,Pair of sneakers,a pair of sneakers
8/4/2026 6:50,8/4/2026 6:58,0,174.74.82.251,100,442,1,8/4/2026 6:58,R_3NxF5VqDK7zTvX3,,,,,41.2969,-95.9674,anonymous,EN,FL_EOS_ID,,1,2,1,4,4,4,7,7,7,7,5,3,3,6,5,1,1,1,3,1,4,3,5,6,34.289,122.989,123.511,28,5,2,0,3,0,5,2,3,1,1,6,4,3,6,3,6,3,7,7,7,7,6,1,1,1,1,10.221,79.389,79.98,23,4,75,60,6,0,1,1,0,0,3,3,3,1,1,1,1,7,7,1,1,1,7,7,7,1,3,1,1,1,1,5.359,57.363,58.552,24,2,8,5,3,1,39,1,"Seems like a stretch to call ""a highway toll"" a *product* to be purchased.",,63456f39305e584734fb2dd5,6a717b1f4315ca0c46f51534,6a71e023a51a4983c4afd588,Highway Toll,a highway toll,Pair of sneakers,a pair of sneakers,Ice Cream,ice cream
8/4/2026 6:51,8/4/2026 6:58,0,140.254.42.81,100,431,1,8/4/2026 6:58,R_5Qi6rZd5K1L4nex,,,,,40.0326,-82.8799,anonymous,EN,FL_EOS_ID,,1,2,1,6,6,6,3,4,2,4,4,7,1,3,4,1,1,1,2,2,1,1,5,5,9.062,93.139,94.481,24,5,25,10,5,1,6,6,7,4,5,7,7,2,4,4,7,7,1,1,1,1,1,3,2,7,7,4.792,63.814,64.612,21,5,10,0,4,0,1,0,0,0,6,4,5,4,4,7,7,3,5,1,5,5,1,1,1,1,1,2,2,4,4,3.873,62.085,63.135,23,3,12,7,5,1,23,2,NA,,6a05d82324f2895464dbb671,6a717b1f4315ca0c46f51534,6a71e0315492ab34f61c689e,Netflix,a Netflix subscription,Highway Toll,a highway toll,Uber or Lyft,Uber or Lyft
8/4/2026 6:50,8/4/2026 6:58,0,98.172.231.76,100,469,1,8/4/2026 6:58,R_34YnDfIpp7ev52V,,,,,36.3227,-95.5976,anonymous,EN,FL_EOS_ID,,1,2,1,3,4,1,7,7,7,7,7,7,4,4,4,7,7,7,4,4,1,1,1,1,9.992,118.734,119.737,23,2,3,2,4,0,5,5,4,1,3,5,5,7,7,1,1,1,7,7,7,4,4,1,1,1,1,6.866,103.448,104.483,28,4,10,6,3,0,1,1,0,0,4,4,3,1,1,5,5,7,7,1,1,1,7,7,7,5,5,1,1,1,1,8.199,92.957,94.064,26,3,10,7,4,1,52,1,No comment to share. ,,61fa904ed42cb19beec490d9,6a717b1f4315ca0c46f51534,6a71e00cac8a129db46f0b98,Textbook,a textbook,Perfume,perfume,Basic T-Shirt,a basic t-shirt
8/4/2026 6:49,8/4/2026 6:58,0,99.91.82.20,100,508,1,8/4/2026 6:58,R_3rij0lWgPCwWYk6,,,,,33.8206,-118.034,anonymous,EN,FL_EOS_ID,,1,2,1,7,6,6,4,2,3,5,7,7,2,2,1,1,1,1,2,1,2,2,2,5,19.084,123.005,124.262,23,5,15,8,2,0,6,6,6,1,2,6,4,6,4,1,1,1,1,1,1,2,1,1,1,1,1,6.355,81.64,83.064,21,7,300,50,1,0,1,1,0,0,7,6,6,3,2,1,6,7,7,5,1,1,6,4,1,1,1,1,1,1,1,12.832,92.069,93.4,23,6,400,75,6,0,59,2,thank you for the opportunity to participate.,,66bfd4b46a7e9cec65d88461,6a717b1f4315ca0c46f51534,6a71dfe1ae46dd96689b924b,Netflix,a Netflix subscription,Life insurance,life insurance,Concert ticket,a concert ticket
8/4/2026 6:49,8/4/2026 6:58,0,65.28.80.207,100,546,1,8/4/2026 6:58,R_6RjvvRFQTOzOjat,,,,,38.9592,-94.5961,anonymous,EN,FL_EOS_ID,,1,2,1,5,4,5,3,4,5,6,4,6,3,6,6,2,2,4,2,4,1,2,2,2,19.741,139.997,141.701,22,2,30,30,4,0,6,5,5,3,4,6,6,6,6,3,6,3,1,1,4,6,6,4,2,1,2,9.16,114.472,116.054,23,2,300,200,6,0,1,0,0,0,5,4,5,2,3,1,3,7,7,7,1,1,7,7,7,6,7,1,1,1,1,17.921,87.933,89.375,21,1,95,75,5,1,58,2,,,677c744b5a9907b536f144ef,6a717b1f4315ca0c46f51534,6a71dfc2b9cfac24835b9407,Uber or Lyft,Uber or Lyft,Life insurance,life insurance,Pair of sneakers,a pair of sneakers
8/4/2026 6:50,8/4/2026 6:58,0,72.224.200.49,100,495,1,8/4/2026 6:58,R_6jZF9eyvu8sKAQH,,,,,43.0986,-77.4338,anonymous,EN,FL_EOS_ID,,1,2,1,5,5,6,2,6,6,6,7,6,1,2,1,7,7,5,4,6,1,2,1,1,5.07,53.299,54.207,21,1,1200,800,7,1,6,7,1,1,2,1,1,7,7,3,2,1,6,6,2,1,1,1,1,1,1,151.595,179.785,180.586,25,2,12,6,1,1,1,0,0,0,4,6,5,4,6,1,7,7,7,1,2,1,6,1,6,7,6,1,5,1,1,5.068,36.62,37.788,23,4,1200,800,7,1,48,1,,,663139cbb8723d403f4e7fc8,6a717b1f4315ca0c46f51534,6a71dff3ba19e14572c3cef7,Laptop,a laptop,Fast food meal,a fast food meal,Laptop,a laptop
8/4/2026 6:52,8/4/2026 6:58,0,50.223.225.182,100,341,1,8/4/2026 6:58,R_5YAp6KxsXloX3fc,,,,,41.151,-85.1247,anonymous,EN,FL_EOS_ID,,1,2,1,4,4,5,2,3,1,2,7,6,2,2,3,7,7,6,3,3,1,1,1,1,24.591,100.807,101.926,27,2,30,20,4,1,6,7,7,1,3,7,7,6,6,5,2,3,1,1,2,1,2,1,1,1,1,5.544,63.673,64.479,24,5,100,50,5,1,1,0,0,0,5,5,5,7,5,7,6,7,1,7,7,7,1,3,1,7,7,1,1,3,3,5.957,53.039,53.73,23,3,200,100,6,1,44,1,,,5bce2c5253de59000184642a,6a717b1f4315ca0c46f51534,6a71dfe9dcf6d48f038c6cf5,Bottle of wine,a bottle of wine,Concert ticket,a concert ticket,Electricity bill,an electricity bill
8/4/2026 6:51,8/4/2026 6:58,0,75.245.162.164,100,396,1,8/4/2026 6:58,R_7SD3OhrvqvTYsmt,,,,,36.1671,-86.7861,anonymous,EN,FL_EOS_ID,,1,2,1,3,3,3,2,2,2,3,7,6,1,2,1,6,6,6,2,2,2,1,1,1,10.013,64.065,67.997,24,2,25,25,4,1,3,2,3,2,2,6,7,5,5,4,4,3,5,4,5,4,5,2,1,1,1,16.948,77.623,78.301,25,4,50,50,6,0,1,0,0,0,4,3,3,2,2,2,3,7,6,6,1,2,1,1,2,5,5,1,1,1,1,5.461,56.365,57.046,25,4,50,50,4,0,47,1,,,56b10ae86399f9000ad8d987,6a717b1f4315ca0c46f51534,6a71e049e1eaed7be6025a4c,Restaurant dinner,a restaurant dinner,Public Transit Pass,a public transit pass,Meal kit subscription,a meal kit subscription
8/4/2026 6:49,8/4/2026 6:58,0,149.18.54.20,100,521,1,8/4/2026 6:58,R_6dMdbDKC4UaHgd5,,,,,35.2296,-80.843,anonymous,EN,FL_EOS_ID,,1,2,1,4,5,4,5,5,4,6,4,5,4,3,5,4,5,4,6,5,4,5,5,4,2.851,131.016,132.153,28,1,5,5,6,1,2,6,3,3,6,6,6,4,6,3,5,3,2,5,6,5,6,2,2,1,2,4.643,59.342,60.361,28,1,20,20,7,1,1,1,0,0,3,3,2,3,3,3,3,4,2,2,2,2,7,3,3,3,3,2,2,3,3,1.873,48.617,50.157,25,3,10,10,5,0,21,2,,,69ecc4786cf80747030b8582,6a717b1f4315ca0c46f51534,6a71dfbe8cc9d5db4954df68,Basic T-Shirt,a basic t-shirt,Fast food meal,a fast food meal,Gym membership,a gym membership
8/4/2026 6:49,8/4/2026 6:58,0,172.59.120.18,100,535,1,8/4/2026 6:58,R_5DuXIG9N2guUBfY,,,,,36.1284,-95.8669,anonymous,EN,FL_EOS_ID,,1,2,1,5,3,5,1,1,5,7,7,7,1,1,1,5,7,7,7,7,1,1,1,1,27.638,118.505,122.27,21,1,150,100,5,0,6,5,5,1,1,7,7,5,6,5,3,1,1,1,1,1,1,1,1,1,1,12.245,115.885,117.246,22,4,15,10,3,0,1,0,0,0,7,7,7,1,1,1,1,7,5,1,1,1,1,1,1,7,7,1,1,1,1,7.23,70.542,71.871,21,7,200,25,4,0,49,2,none,,58d552e09dbe3f00012591f2,6a717b1f4315ca0c46f51534,6a71dfe0e7ba863a49ef979f,Bike,a bike,Uber or Lyft,Uber or Lyft,Life insurance,life insurance
8/4/2026 6:51,8/4/2026 6:58,0,172.59.136.152,100,438,1,8/4/2026 6:58,R_7Gy46TJRVWA3dYu,,,,,40.4442,-79.9557,anonymous,EN,FL_EOS_ID,,1,2,1,3,5,3,1,5,2,3,7,7,1,1,3,2,1,3,5,6,1,2,2,2,10.521,127.719,128.704,21,4,10,10,6,0,2,5,1,1,1,4,7,1,2,7,7,7,7,7,7,3,3,1,1,2,3,6.909,81.007,81.708,24,5,9,2,3,1,1,1,0,0,2,2,3,1,1,1,1,7,6,1,1,1,7,7,7,1,1,1,1,1,1,9.652,73.535,74.4,21,2,20,10,2,1,48,1,,,67a512649c0c090e741461df,6a717b1f4315ca0c46f51534,6a71e0420a156976df34fe64,Digital book,a digital book,Shampoo,shampoo,Bottle of wine,a bottle of wine
8/4/2026 6:52,8/4/2026 6:58,0,65.185.52.44,100,362,1,8/4/2026 6:58,R_7IFcNuIk47qZJmd,,,,,40.1578,-83.0752,anonymous,EN,FL_EOS_ID,,1,2,1,7,6,7,4,6,5,1,6,5,3,2,6,2,2,2,2,2,2,2,5,2,9.64,93.789,94.496,22,5,30,10,3,1,4,3,3,2,6,2,2,6,1,6,6,4,6,6,6,6,6,2,2,2,6,4.855,75.849,77.868,21,2,10,10,6,1,1,0,0,0,5,6,6,5,6,2,2,6,2,2,2,2,6,6,6,6,5,2,2,2,2,6.081,72.858,74.02,28,3,10000,2000,5,0,19,1,,,69b32d4fbe5a677ae6df4287,6a717b1f4315ca0c46f51534,6a71e08f1f21f67f7a61ccec,Uber or Lyft,Uber or Lyft,Basic T-Shirt,a basic t-shirt,Designer watch,a designer watch
8/4/2026 6:49,8/4/2026 6:58,0,108.28.174.59,100,542,1,8/4/2026 6:58,R_3js8RhLMeXWGlcg,,,,,38.867,-76.8173,anonymous,EN,FL_EOS_ID,,1,2,1,7,4,6,4,3,4,3,7,7,1,1,4,6,4,4,1,1,1,1,4,4,33.363,149.387,151.238,22,3,6,4,1,1,6,4,6,5,4,6,6,6,6,2,4,6,6,6,6,6,4,2,2,2,2,13.586,101.395,102.869,22,4,600,300,4,0,1,0,0,0,7,7,7,4,4,7,7,4,4,6,7,7,7,7,7,7,7,1,1,7,7,12.062,92.567,93.907,22,7,200,50,4,0,50,2,na,,662fec0f32cd7e67793c90c1,6a717b1f4315ca0c46f51534,6a71dfe38337dd37ee17fbf8,Starbucks,Starbucks,Laptop,a laptop,Textbook,a textbook
8/4/2026 6:50,8/4/2026 6:58,0,24.44.6.249,100,480,1,8/4/2026 6:58,R_7IsKe1FGkNQOCym,,,,,40.4631,-74.3455,anonymous,EN,FL_EOS_ID,,1,2,1,6,7,7,1,1,6,6,7,6,1,1,7,7,7,7,7,7,1,1,1,1,78.278,150.006,152.798,24,7,500,350,7,1,5,6,3,1,1,4,7,7,7,4,6,7,7,7,7,7,7,1,1,1,1,2.939,79.377,80.358,22,1,100,50,7,1,1,0,0,0,7,6,6,1,1,1,1,7,7,1,1,1,7,7,7,4,4,1,1,1,1,26.987,103.441,104.262,21,3,40,25,1,0,42,2,,,69f3ea900768bc0031d5da3b,6a717b1f4315ca0c46f51534,6a71e01cf85036e547bee733,Monthly car payment,monthly car payment,Pair of sneakers,a pair of sneakers,Uber or Lyft,Uber or Lyft
8/4/2026 6:49,8/4/2026 6:58,0,24.125.255.85,100,551,1,8/4/2026 6:58,R_1idoEEwKuDzPSLv,,,,,33.3963,-84.5689,anonymous,EN,FL_EOS_ID,,1,2,1,4,4,4,3,3,4,6,6,4,3,5,5,5,6,4,5,5,1,6,1,2,5.171,41.618,42.1,21,4,350,225,5,0,2,2,2,5,1,2,6,7,7,1,2,2,2,3,6,7,6,2,2,1,1,16.719,44.249,44.834,24,2,39,19,6,0,1,0,0,0,4,2,4,3,3,5,4,6,2,3,2,2,6,6,6,2,2,2,2,1,2,3.794,28.877,29.547,25,4,16,8,4,1,42,1,,,5df3c82961b48a2907204173,6a717b1f4315ca0c46f51534,6a71dfe17fe229269d2aeeac,Monthly car payment,monthly car payment,Gym membership,a gym membership,Restaurant dinner,a restaurant dinner
8/4/2026 6:51,8/4/2026 6:58,0,66.30.59.247,100,458,1,8/4/2026 6:58,R_7kddnilpMwxWed1,,,,,41.8304,-72.7199,anonymous,EN,FL_EOS_ID,,1,2,1,5,6,6,1,1,2,7,7,1,3,1,1,1,1,1,1,1,1,1,1,1,69.492,123.596,124.716,22,5,100,75,5,1,2,5,1,1,1,7,7,3,3,6,6,6,4,1,1,6,6,1,3,6,6,7.273,77.431,78.403,21,5,20,10,7,0,1,0,0,0,5,5,5,7,6,5,7,7,7,1,1,1,7,7,7,7,7,1,1,1,1,14.261,66.573,67.281,22,3,30,20,5,0,24,2,,,6a0b4046d4ffd7b467f1d5a6,6a717b1f4315ca0c46f51534,6a71e03beacceb376079c88d,Concert ticket,a concert ticket,Public Transit Pass,a public transit pass,Physical video game,a physical video game
8/4/2026 6:49,8/4/2026 6:58,0,174.57.6.28,100,575,1,8/4/2026 6:58,R_6sb5jgip8qEJmF5,,,,,39.9663,-74.8103,anonymous,EN,FL_EOS_ID,,1,2,1,5,4,5,7,7,7,6,7,7,1,1,1,1,1,1,7,7,1,1,1,1,8.381,69.609,253.701,21,4,28,10,7,1,3,3,4,1,1,1,4,7,7,1,4,1,7,7,7,7,7,1,1,1,1,7.813,68.994,69.968,21,4,55,45,6,0,1,0,0,0,6,6,7,4,5,7,7,7,5,1,1,6,2,2,4,2,5,1,1,1,1,7.594,90.999,92.197,21,6,200,50,6,0,75,2,,,55a91791fdf99b62b606c803,6a717b1f4315ca0c46f51534,6a71dfc6929d0d90ede79d10,Netflix,a Netflix subscription,Pair of sneakers,a pair of sneakers,Concert ticket,a concert ticket
8/4/2026 6:51,8/4/2026 6:59,0,98.97.34.70,100,456,1,8/4/2026 6:59,R_6DVj9PDE69alV97,,,,,47.6109,-122.3303,anonymous,EN,FL_EOS_ID,,1,2,1,5,7,6,1,1,6,7,3,1,3,5,5,1,1,1,1,1,1,1,1,5,13.416,111.712,112.554,23,5,20,5,3,0,4,4,4,1,1,1,1,7,7,1,1,1,7,7,7,3,4,1,1,1,1,6.818,75.719,76.958,22,2,30,28,4,0,1,1,0,0,4,4,4,1,1,4,7,6,5,2,2,2,1,1,1,1,1,3,1,2,3,9.91,94.55,95.664,25,4,40,38,4,0,51,2,,,6105b1b285e91680458bd341,6a717b1f4315ca0c46f51534,6a71e0468f021b9ed3867627,Highway Toll,a highway toll,Bottle of wine,a bottle of wine,Uber or Lyft,Uber or Lyft
8/4/2026 6:49,8/4/2026 6:59,0,35.145.47.183,100,565,1,8/4/2026 6:59,R_1tffvJbxMsdOYaM,,,,,28.3943,-81.3615,anonymous,EN,FL_EOS_ID,,1,2,1,3,3,3,3,3,4,6,3,3,6,6,6,1,7,7,2,2,2,1,3,3,19.605,160.394,162.395,33,5,3,1.5,5,1,3,3,5,2,2,3,3,6,6,2,3,2,7,7,7,7,7,1,1,1,1,2.366,102.778,103.596,37,2,200,180,6,0,1,0,0,0,7,7,7,1,1,1,1,7,7,1,1,1,1,6,6,1,2,1,1,1,1,8.06,93.744,96.214,25,7,150,65,4,1,43,1,,,570d22b35e5156000efd8bd5,6a717b1f4315ca0c46f51534,6a71dfe84209d24053fd9284,Highway Toll,a highway toll,Bike,a bike,Concert ticket,a concert ticket
8/4/2026 6:51,8/4/2026 6:59,0,75.102.170.41,100,463,1,8/4/2026 6:59,R_634cs0bKajYL20X,,,,,45.2141,-96.626,anonymous,EN,FL_EOS_ID,,1,2,1,6,6,2,4,4,4,5,6,4,5,1,6,1,1,6,1,1,2,6,6,7,13.042,98.058,98.799,23,6,0,0,6,1,7,7,7,7,1,1,7,1,1,7,7,7,7,7,7,7,6,1,1,1,1,7.043,64.176,65.111,22,7,80,45,5,1,1,1,0,0,7,6,6,7,7,7,1,1,1,7,7,7,7,7,7,5,4,1,1,1,1,7.194,57.036,57.874,21,6,20,9,4,1,56,1,Thank you,,6a1b579c5ac33216f56eabfc,6a717b1f4315ca0c46f51534,6a71e04169666a1bcd1651ee,Parking,parking,Tank of Gas,a tank of gas,Cartridge of Printer Ink,a cartridge of printer ink
8/4/2026 6:50,8/4/2026 6:59,0,68.63.209.239,100,502,1,8/4/2026 6:59,R_6jq70C0zhYTksgh,,,,,44.9998,-93.393,anonymous,EN,FL_EOS_ID,,1,2,1,5,5,6,4,5,4,6,7,7,1,1,1,7,6,6,2,2,1,1,1,1,8.244,81.292,82.121,21,3,50,40,4,0,4,5,4,6,6,3,1,7,6,1,1,1,7,6,6,7,7,1,1,1,1,5.976,55.759,57.098,23,2,59,35,4,0,1,1,0,0,3,5,4,6,5,2,3,7,7,1,1,1,2,2,2,6,7,1,3,1,1,5.187,63.888,64.837,24,2,12,4,5,1,47,1,,,69efb336c58d4100c1b4a231,6a717b1f4315ca0c46f51534,6a71e022455d087984933247,Meal kit subscription,a meal kit subscription,Physical video game,a physical video game,Digital book,a digital book
8/4/2026 6:52,8/4/2026 6:59,0,173.186.27.87,100,412,1,8/4/2026 6:59,R_5Csk25CYKWm6ZHf,,,,,31.7227,-83.2559,anonymous,EN,FL_EOS_ID,,1,2,1,7,7,2,7,7,7,7,1,2,6,7,7,1,1,1,1,1,1,1,1,7,2.847,78.926,81.241,31,6,2,1,2,0,7,7,7,5,4,7,7,1,2,7,7,7,7,4,7,4,4,1,1,1,2,4.828,66.535,67.928,25,7,600,300,4,0,1,0,0,0,7,6,4,1,1,1,1,7,7,1,1,1,1,1,2,2,4,1,3,1,2,5.073,48.351,49.664,25,3,12,5,4,0,29,2,,,698c919d505ef1862de8b8e9,6a717b1f4315ca0c46f51534,6a71e034d05cac48483de9d9,Highway Toll,a highway toll,Monthly car payment,monthly car payment,Netflix,a Netflix subscription
8/4/2026 6:49,8/4/2026 6:59,0,128.227.1.10,100,594,1,8/4/2026 6:59,R_52RWOWCqIZFOGPf,,,,,29.6138,-82.386,anonymous,EN,FL_EOS_ID,,1,2,1,4,4,6,5,2,5,5,2,2,4,7,4,7,7,6,5,5,1,1,1,2,68.052,98.859,99.577,22,3,500,500,5,0,2,2,1,1,1,5,3,5,7,1,1,1,1,1,2,5,6,3,4,4,4,272.945,310.509,311.099,25,1,5,1,5,0,1,0,0,0,2,2,2,3,2,6,5,5,5,5,4,4,4,2,1,4,4,5,5,5,5,6.695,43.987,44.871,25,1,2,1,5,0,23,2,,,6a24671ddcf94a6cb9a440d4,6a717b1f4315ca0c46f51534,6a71dfd1ba8dad6e23523f2a,Laptop,a laptop,Digital book,a digital book,Public Transit Pass,a public transit pass
8/4/2026 6:51,8/4/2026 6:59,0,173.185.80.219,100,477,1,8/4/2026 6:59,R_6ikeBnbLWh5h3yu,,,,,35.4838,-80.6031,anonymous,EN,FL_EOS_ID,,1,2,1,7,6,7,4,4,5,2,7,7,2,2,2,6,4,5,2,2,5,2,2,4,14.068,94.371,96.785,30,4,8,3,2,0,4,5,5,4,3,5,7,6,5,4,4,4,7,7,7,7,6,1,2,3,4,5.349,69.188,69.875,25,6,800,400,5,0,1,0,0,0,4,4,3,3,5,5,4,3,5,4,4,4,5,6,6,5,4,2,3,3,6,5.513,79.25,79.631,37,3,45,20,4,0,35,1,,,69cd6f0cbd63408fef2306cf,6a717b1f4315ca0c46f51534,6a71e0491e3f4d2fb4f81de1,Starbucks,Starbucks,Laptop,a laptop,Public Transit Pass,a public transit pass
8/4/2026 6:50,8/4/2026 6:59,0,147.206.1.34,100,524,1,8/4/2026 6:59,R_6Y1WMAHCIQjYbHH,,,,,29.9495,-90.1204,anonymous,EN,FL_EOS_ID,,1,2,1,4,4,2,7,7,7,7,7,1,1,1,7,1,1,1,4,4,7,4,7,7,35.388,121.143,121.799,22,1,25,0,4,0,3,5,1,1,1,1,1,7,7,1,1,5,7,7,7,1,1,1,1,1,1,7.471,70.002,70.741,23,1,12,6,4,1,1,1,0,0,5,6,5,1,1,1,4,7,7,1,1,6,7,7,7,6,6,1,1,1,1,20.917,100.963,101.585,26,3,1200,500,6,1,39,2,n/a,,6a1c35d71ced3a0faf769e59,6a717b1f4315ca0c46f51534,6a71e025ad88eb2fdeeed3ac,Hotel Wifi,hotel wifi,Fast food meal,a fast food meal,Laptop,a laptop
8/4/2026 6:50,8/4/2026 6:59,0,73.236.167.13,100,534,1,8/4/2026 6:59,R_5EPmodUvo1NVOh3,,,,,40.4064,-79.9856,anonymous,EN,FL_EOS_ID,,1,2,1,7,7,7,2,1,2,4,5,4,3,3,5,7,7,7,1,2,1,1,1,1,33.757,125.516,127.003,26,6,15,6,2,1,5,5,5,1,1,6,7,7,7,1,1,1,7,7,7,7,6,1,3,1,1,15.955,127.021,128.204,28,3,30,10,4,0,1,1,0,0,7,7,7,1,1,1,5,7,7,1,1,1,7,7,7,7,6,1,1,1,1,7.153,90.116,91.77,22,7,500,150,2,0,49,1,,,5711c09d28742b0011c585be,6a717b1f4315ca0c46f51534,6a71e01b84498282a2867614,Fast food meal,a fast food meal,Board Game,a board game,Designer watch,a designer watch
8/4/2026 6:50,8/4/2026 6:59,0,70.164.100.246,100,554,1,8/4/2026 6:59,R_5o88SjK7KBxmLiK,,,,,32.6387,-117.0801,anonymous,EN,FL_EOS_ID,,1,2,1,6,6,6,1,2,6,1,6,6,1,6,6,1,1,7,7,7,1,1,1,1,101.275,239.987,241.87099999999998,23,4,1500,850,7,0,6,6,5,5,5,5,2,7,7,1,1,1,7,7,6,2,2,1,1,1,1,6.286,74.046,75.06,23,4,25,20,5,0,1,1,0,0,5,4,5,6,5,4,6,7,7,1,1,1,6,6,6,7,6,4,2,1,1,5.828,69.185,71.251,23,4,25,20,6,0,67,1,,,5d8a64630ffb9c001746ca2c,6a717b1f4315ca0c46f51534,6a71e00b3b1b6cba1b17fc02,Life insurance,life insurance,Bottle of wine,a bottle of wine,Gym membership,a gym membership
8/4/2026 6:50,8/4/2026 6:59,0,99.66.208.30,100,543,1,8/4/2026 6:59,R_5LHbgcvo7baP1ZT,,,,,39.9418,-83.8357,anonymous,EN,FL_EOS_ID,,1,2,1,4,4,4,2,5,5,4,7,7,1,2,1,7,5,5,1,2,1,1,1,2,8.46,50.866,51.869,21,2,50,40,5,1,5,5,4,2,5,4,3,6,7,2,1,1,7,7,6,6,6,1,1,1,1,4.308,40.954,41.801,24,4,40,30,5,0,1,0,0,0,5,4,4,4,4,4,4,6,7,2,1,1,6,7,7,6,5,1,1,1,1,5.911,37.014,38.538,22,5,40,30,5,0,50,1,,,63bcbccc16e01ccb870f287d,6a717b1f4315ca0c46f51534,6a71e01ca0b105951d7db5b0,Restaurant dinner,a restaurant dinner,Board Game,a board game,Board Game,a board game
8/4/2026 6:51,8/4/2026 6:59,0,75.183.57.143,100,512,1,8/4/2026 6:59,R_6dAkNcy9bs8jVP7,,,,,36.143,-80.3073,anonymous,EN,FL_EOS_ID,,1,2,1,6,6,6,2,4,6,4,4,5,2,4,6,1,4,7,2,4,1,1,1,1,11.438,118.583,120.839,30,6,40,10,3,0,6,6,7,4,2,4,4,7,7,1,1,1,7,7,7,4,4,1,1,1,1,8.678,67.815,69.537,29,4,100,50,3,0,1,0,0,0,5,5,5,4,2,2,2,6,5,1,2,4,7,7,7,2,2,1,1,1,1,5.625,84.556,85.703,29,4,5,3,4,1,44,2,,,66e8841a2635a17ba2e7a57c,6a717b1f4315ca0c46f51534,6a71e03f45e47404abba94fc,Uber or Lyft,Uber or Lyft,Meal kit subscription,a meal kit subscription,Starbucks,Starbucks
8/4/2026 6:49,8/4/2026 6:59,0,35.145.2.30,100,646,1,8/4/2026 6:59,R_3jIAHNDivhylBpz,,,,,28.5978,-81.3024,anonymous,EN,FL_EOS_ID,,1,2,1,3,4,3,3,6,3,3,6,5,2,3,2,6,5,5,5,5,4,2,3,3,15.599,108.543,109.474,23,3,10,7,5,0,4,5,4,6,5,5,6,5,5,1,3,4,6,7,6,5,4,3,2,2,3,148.789,224.544,225.246,21,2,20,10,5,0,1,0,0,0,2,4,2,5,4,5,4,5,5,3,3,2,1,3,6,7,5,3,2,6,2,6.937,89.195,89.822,23,1,5,3,5,0,31,1,Interesting survey ,,670420d4f05d7af4f85651e4,6a717b1f4315ca0c46f51534,6a71dfc04aecbe9dc8b27d0e,Meal kit subscription,a meal kit subscription,Cartridge of Printer Ink,a cartridge of printer ink,Hotel Wifi,hotel wifi
8/4/2026 6:50,8/4/2026 6:59,0,173.169.130.77,100,595,1,8/4/2026 6:59,R_6rAJkO6wmrKrlnh,,,,,29.0247,-80.9584,anonymous,EN,FL_EOS_ID,,1,2,1,7,7,4,1,4,7,4,7,7,1,1,1,1,4,1,4,4,1,4,1,1,10.776,144.07,144.714,22,6,20,10,2,0,1,1,1,4,1,1,4,7,7,1,1,1,7,7,7,7,7,1,1,1,1,8.459,105.802,106.461,21,1,20,20,6,0,1,1,0,0,7,7,7,7,4,7,7,7,7,1,7,1,1,1,1,4,4,1,1,1,4,3.085,97.469,97.792,22,7,400,100,2,0,34,1,I appreciate the opportunity.,,63614a46bd1e8547e0a8b8ba,6a717b1f4315ca0c46f51534,6a71dff33516d5f3a5b7e3b3,Meal kit subscription,a meal kit subscription,Board Game,a board game,Monthly car payment,monthly car payment
8/4/2026 6:54,8/4/2026 7:00,0,71.87.150.243,100,361,1,8/4/2026 7:00,R_3l1afeH2nIn6POF,,,,,34.9204,-82.2962,anonymous,EN,FL_EOS_ID,,1,2,1,7,7,7,6,6,6,6,2,3,5,7,2,1,3,2,4,4,1,2,1,4,2.281,74.461,75.006,29,6,600,300,5,1,5,5,5,4,4,2,4,6,4,3,3,2,7,7,7,6,6,1,1,1,1,22.159,63.86,64.477,25,4,1000,800,6,0,1,1,0,0,5,5,4,7,7,7,7,5,4,4,5,3,6,7,6,5,5,1,1,1,1,1.616,54.372,55.072,28,3,20,15,5,1,37,2,,,69517812a9042b183ebc818f,6a717b1f4315ca0c46f51534,6a71e0f0579dfe7e05d92e5b,Monthly car payment,monthly car payment,Laptop,a laptop,Cartridge of Printer Ink,a cartridge of printer ink
8/4/2026 6:49,8/4/2026 7:00,0,75.192.122.15,100,667,1,8/4/2026 7:00,R_5BlnX4Zo7S0OZnV,,,,,39.8291,-86.0859,anonymous,EN,FL_EOS_ID,,1,2,1,3,4,2,1,1,1,1,7,7,1,1,1,7,7,7,1,3,2,2,1,1,19.301,165.809,169.054,28,1,5,2.5,2,0,2,3,3,1,1,1,1,7,1,4,2,3,7,7,7,7,7,1,1,1,1,7.371,156.967,158.042,24,1,20,20,4,1,1,1,0,0,6,5,6,1,1,1,1,3,2,4,6,6,1,1,1,6,4,1,1,1,1,10.415,120.348,122.185,21,5,100,50,2,0,62,1,,,69616964315ae3d05f626aeb,6a717b1f4315ca0c46f51534,6a71dfba1af91249a6f86a26,Ice Cream,ice cream,Basic T-Shirt,a basic t-shirt,Life insurance,life insurance
8/4/2026 6:49,8/4/2026 7:00,0,47.17.251.13,100,671,1,8/4/2026 7:00,R_5doui9K8J18FFYd,,,,,40.7621,-73.3313,anonymous,EN,FL_EOS_ID,,1,2,1,7,7,7,1,1,6,4,7,2,5,7,7,7,7,5,7,6,2,1,3,4,20.681,93.303,94.458,24,6,150,50,6,1,7,7,7,1,1,7,7,1,4,7,6,7,1,1,1,1,3,3,3,6,4,13.304,79.127,83.631,22,6,50,20,4,1,1,1,0,0,4,5,6,7,4,7,7,7,7,1,1,1,4,4,2,1,1,1,1,1,1,20.186,73.009,73.902,23,3,100,25,6,0,34,1,,,69e0f11852d0451d41d2d7bc,6a717b1f4315ca0c46f51534,6a71dfbfa82a4eb3e3336777,Textbook,a textbook,Parking,parking,Concert ticket,a concert ticket
8/4/2026 6:50,8/4/2026 7:00,0,174.48.19.113,100,634,1,8/4/2026 7:00,R_6fqNAI4RehnOoH7,,,,,27.5912,-80.3911,anonymous,EN,FL_EOS_ID,,1,2,1,6,2,2,7,7,7,7,1,2,7,7,7,1,1,1,7,7,1,1,1,1,19.02,146.956,148.225,23,5,200,100,7,1,3,2,3,1,1,1,1,7,6,1,1,1,6,7,7,2,3,1,1,1,1,5.891,137.957,139.018,27,4,50,40,5,1,1,0,0,0,1,1,1,7,7,6,1,1,1,1,1,1,1,1,1,5,4,5,1,6,6,13.91,143.134,143.943,24,1,0,5,5,0,43,2,None at this time.,,69a7482b82803e3cea2f8ccf,6a717b1f4315ca0c46f51534,6a71dfe62946a265894c5636,Electricity bill,an electricity bill,Restaurant dinner,a restaurant dinner,Hotel Wifi,hotel wifi
8/4/2026 6:49,8/4/2026 7:00,0,71.75.173.172,100,648,1,8/4/2026 7:00,R_6smibwWalbZHr8F,,,,,33.6952,-80.2109,anonymous,EN,FL_EOS_ID,,1,2,1,3,5,5,4,4,7,7,3,3,5,5,6,7,7,7,4,5,1,1,1,2,15.28,175.552,177.211,22,4,100,100,7,0,1,1,1,1,5,7,5,4,4,3,3,4,4,3,4,2,1,1,1,1,1,19.45,155.481,156.751,23,3,5,5,5,0,1,1,0,0,1,1,1,1,1,1,3,7,7,1,1,1,7,7,7,7,7,1,1,1,1,10.583,98.455,99.316,23,1,12,12,3,0,51,2,,,69abe52064f81f9ea666272f,6a717b1f4315ca0c46f51534,6a71dfe77d37f3afe5e12114,Textbook,a textbook,Public Transit Pass,a public transit pass,Basic T-Shirt,a basic t-shirt
8/4/2026 6:52,8/4/2026 7:00,0,99.85.105.11,100,479,1,8/4/2026 7:00,R_7BtimfFyV4hQDvj,,,,,34.0782,-84.6485,anonymous,EN,FL_EOS_ID,,1,2,1,1,3,2,2,1,3,4,6,7,2,4,4,7,7,7,6,5,4,3,2,2,2.796,110.226,111.153,26,1,15,15,5,1,4,4,4,1,1,4,2,7,6,5,5,6,5,4,5,1,1,1,1,1,1,12.12,83.623,84.601,23,5,25,20,4,1,1,1,0,0,6,5,6,3,2,5,6,4,6,4,6,6,5,6,6,6,6,1,1,1,1,13.861,83.953,85.422,24,7,500,300,4,1,53,2,N/A,,657f007d38e31904b66cc7ac,6a717b1f4315ca0c46f51534,6a71dfd47b5681bca38e9689,Basic T-Shirt,a basic t-shirt,Restaurant dinner,a restaurant dinner,Monthly car payment,monthly car payment
8/4/2026 6:51,8/4/2026 7:00,0,47.159.210.212,100,556,1,8/4/2026 7:00,R_6eE4XLX8xjBalI9,,,,,34.2347,-119.1894,anonymous,EN,FL_EOS_ID,,1,2,1,3,4,3,2,3,3,5,5,5,3,6,5,7,7,5,5,5,1,1,1,1,9.256,134.155,136.147,29,1,40,30,5,1,5,6,6,1,2,3,4,7,4,1,2,2,7,7,5,7,6,1,1,1,1,4.386,85.752,86.611,27,5,400,200,2,0,1,0,0,0,2,2,2,5,5,4,5,6,6,2,3,3,1,1,4,4,5,1,1,1,1,7.701,132.16,132.802,27,1,20,15,5,1,30,1,I enjoyed the topic.,,662d7fba32d6a738b194d893,6a717b1f4315ca0c46f51534,6a71e03e77cf3e25aef2e6d9,Pair of sneakers,a pair of sneakers,Designer watch,a designer watch,Netflix,a Netflix subscription
8/4/2026 6:50,8/4/2026 7:00,0,72.72.129.154,100,591,1,8/4/2026 7:00,R_7axDnIHYB6DdZWr,,,,,40.3226,-76.4042,anonymous,EN,FL_EOS_ID,,1,2,1,7,4,7,2,4,6,7,4,4,5,6,6,7,7,7,2,3,1,1,1,7,9.66,136.235,138.311,22,7,80,10,4,0,7,4,7,7,7,7,6,1,4,7,7,7,1,1,1,4,4,4,1,4,7,5.359,69.956,70.825,22,7,250,10,4,0,1,0,0,0,7,7,7,7,7,7,7,2,5,6,7,6,1,4,1,1,1,4,1,7,7,5.189,76.286,76.993,25,7,15,0,1,0,35,2,No comment. Hvae a nice day.,,5cd3d5760b858f0016ccd823,6a717b1f4315ca0c46f51534,6a71e02dfdb0616e9310aa6d,Textbook,a textbook,Life insurance,life insurance,Highway Toll,a highway toll
8/4/2026 6:51,8/4/2026 7:00,0,74.131.17.255,100,558,1,8/4/2026 7:00,R_36ZOF48rmfpZPRD,,,,,36.9363,-84.0986,anonymous,EN,FL_EOS_ID,,1,2,1,7,7,5,4,4,6,6,7,7,1,7,1,1,1,5,5,5,1,5,1,1,6.686,77.853,78.818,22,5,20,10,4,0,6,4,6,1,1,7,7,7,7,1,5,1,1,1,5,7,7,1,1,1,1,45.665,100.184,101.492,21,6,150,100,7,1,1,0,0,0,5,7,3,4,1,7,7,3,3,5,7,6,1,1,1,1,1,7,1,5,7,15.542,165.992,166.743,24,7,10,0,4,0,60,2,,,64a20e18b0f91aac5ea9a538,6a717b1f4315ca0c46f51534,6a71e04c92f9aafb8c5c45a5,Netflix,a Netflix subscription,Life insurance,life insurance,Parking,parking
8/4/2026 6:50,8/4/2026 7:00,0,71.120.180.116,100,603,1,8/4/2026 7:00,R_7nx0Y674Kip38Ih,,,,,36.8558,-76.0042,anonymous,EN,FL_EOS_ID,,1,2,1,5,5,5,1,5,7,5,6,1,1,1,6,1,1,1,5,5,7,6,7,7,16.481,123.996,125.337,22,1,12,5,7,1,7,7,7,7,7,6,7,4,2,3,6,7,7,7,7,6,4,1,1,2,4,11.561,106.685,107.569,24,7,49,10,3,1,1,0,0,0,7,7,7,7,7,7,6,1,1,2,7,7,1,5,5,2,2,1,1,3,3,11.35,113.032,115.668,21,7,50,20,7,0,46,2,,,697d2c30f799084691c0bf2c,6a717b1f4315ca0c46f51534,6a71e0226eba3ce71670e6a8,Hotel Wifi,hotel wifi,Cartridge of Printer Ink,a cartridge of printer ink,Tank of Gas,a tank of gas
8/4/2026 6:50,8/4/2026 7:00,0,206.85.196.122,100,644,1,8/4/2026 7:00,R_6D1jyfWMnQdAqmE,,,,,36.2165,-80.5126,anonymous,EN,FL_EOS_ID,,1,2,1,1,1,1,7,7,1,7,7,7,7,7,1,1,1,7,1,7,7,7,7,7,33.493,181.727,184.025,22,1,0,0,1,0,7,7,7,1,7,7,7,7,7,7,7,1,7,1,7,1,1,1,1,1,1,7.046,105.62,107.398,21,7,100,50,7,0,1,0,0,0,7,7,7,7,7,7,7,7,7,1,7,7,7,7,7,1,1,1,1,1,1,15.336,117.718,120.943,22,4,35,35,4,0,66,1,i have no comments,,6a18e1e2030b24bdaf5db0d4,6a717b1f4315ca0c46f51534,6a71dff63516d5f3a5b7e3b5,Parking,parking,Concert ticket,a concert ticket,Restaurant dinner,a restaurant dinner
8/4/2026 6:54,8/4/2026 7:01,0,68.38.65.68,100,403,1,8/4/2026 7:01,R_3ltrbRBgaKkBgit,,,,,39.9012,-86.1717,anonymous,EN,FL_EOS_ID,,1,2,1,6,6,6,2,7,7,5,1,3,5,7,7,7,4,7,2,1,1,1,1,2,14.315,110.476,111.312,23,6,250,100,7,1,2,3,3,2,2,1,2,7,7,1,2,7,7,7,4,1,3,1,3,1,3,6.447,75.748,76.629,24,6,50,5,6,0,1,1,0,0,5,6,6,4,6,6,7,1,2,7,7,7,7,4,4,2,3,1,1,1,3,10.033,75.32,76.163,26,6,250,100,7,1,35,2,,,6978ca56fd5fbda29938910a,6a717b1f4315ca0c46f51534,6a71dfbf4aecbe9dc8b27d0c,Electricity bill,an electricity bill,Life insurance,life insurance,Electricity bill,an electricity bill
8/4/2026 6:50,8/4/2026 7:01,0,99.96.74.106,100,636,1,8/4/2026 7:01,R_5ddSzG10ErWXoAh,,,,,35.3596,-82.4266,anonymous,EN,FL_EOS_ID,,1,2,1,4,4,5,3,3,7,7,5,6,4,6,6,7,7,7,7,7,1,1,6,6,21.733,132.73,134.176,23,6,600,200,7,0,7,7,3,3,3,5,3,6,6,2,3,6,1,1,3,1,1,1,1,1,6,11.357,113.959,114.917,25,5,30,5,2,0,1,1,0,0,5,7,4,1,3,6,6,5,2,6,6,7,7,7,7,5,3,1,1,1,7,12.958,138.349,140.233,24,5,6,2,4,1,36,1,,,69435b9238a58074a61a75df,6a717b1f4315ca0c46f51534,6a71e00773ae98cfad28a532,Laptop,a laptop,Uber or Lyft,Uber or Lyft,Shampoo,shampoo
8/4/2026 6:49,8/4/2026 7:01,0,77.111.117.89,100,732,1,8/4/2026 7:01,R_7OrAkkoQeezPJoW,,,,,39.0469,-77.4903,anonymous,EN,FL_EOS_ID,,1,2,1,1,1,1,1,7,1,7,7,1,1,1,1,7,7,7,7,7,7,1,1,1,33.54,103.817,104.725,23,1,20,15,7,1,7,7,7,7,7,7,7,7,1,1,7,7,1,7,7,1,1,1,1,7,7,13.5,80.312,81.102,21,4,50,10,5,1,1,0,0,0,1,1,1,1,1,1,7,1,1,7,7,1,1,7,1,1,1,1,7,7,7,6.783,83.623,85.752,25,1,5,2,5,1,29,2,Great survey,,69e23326d691ccfeaaec5c85,6a717b1f4315ca0c46f51534,6a71dfb1f9ac4c0a446da37a,Cartridge of Printer Ink,a cartridge of printer ink,Electricity bill,an electricity bill,Parking,parking
8/4/2026 6:49,8/4/2026 7:01,0,76.138.181.36,100,719,1,8/4/2026 7:01,R_6sZLLr4FBbqHIAM,,,,,45.5153,-122.5523,anonymous,EN,FL_EOS_ID,,1,2,1,5,5,4,2,3,3,5,5,7,3,6,5,7,6,7,2,4,2,7,1,2,29.659,194.922,197.002,22,2,10,8,5,1,7,6,7,3,5,6,7,6,5,5,6,7,3,3,4,7,7,1,1,1,3,19.106,133.875,135.092,22,7,400,250,6,1,1,1,0,0,5,5,5,3,2,6,7,4,6,6,6,6,2,2,2,3,3,5,5,5,6,17.212,113.306,115.251,22,4,3,1,5,0,67,2,none,,666ba5dbfe88e54abe377e6e,6a717b1f4315ca0c46f51534,6a71dfcadb73eafd41fc26ec,Fast food meal,a fast food meal,Monthly car payment,monthly car payment,Highway Toll,a highway toll
8/4/2026 6:53,8/4/2026 7:01,0,47.199.17.175,100,492,1,8/4/2026 7:01,R_71bDMHVK6zZkd6e,,,,,27.947,-82.7943,anonymous,EN,FL_EOS_ID,,1,2,1,5,5,6,2,3,5,6,7,5,4,2,1,7,7,6,6,6,2,1,1,1,26.085,127.9,128.701,23,5,1200,1200,6,1,4,5,2,2,2,1,1,7,6,2,1,1,6,6,5,1,2,1,1,1,2,14.865,102.755,103.554,25,1,4,2,3,1,1,1,0,0,4,4,2,1,1,1,2,7,6,1,1,1,6,6,5,1,1,1,1,1,1,11.345,86.769,87.9,26,1,4,2,4,1,67,1,,,6a077a2a741e8b97c57b5b58,6a717b1f4315ca0c46f51534,6a71e0b00896624b15eed57a,Laptop,a laptop,Ice Cream,ice cream,Ice Cream,ice cream
8/4/2026 6:50,8/4/2026 7:01,0,162.0.185.172,100,684,1,8/4/2026 7:01,R_64gRIJyqz6dCK0V,,,,,43.1442,-77.5503,anonymous,EN,FL_EOS_ID,,1,2,1,1,2,2,2,1,4,5,7,4,4,1,7,7,4,4,4,7,1,1,1,1,60.103,96.706,97.293,23,1,50,50,5,0,7,6,6,1,3,2,1,7,7,2,1,1,4,4,4,5,2,1,1,1,1,340.561,374.507,375.252,25,6,10,100,3,1,1,0,0,0,7,7,7,1,2,1,1,7,7,7,1,1,7,7,1,3,1,1,1,1,1,4.631,32.405,33.754,21,5,10,4,1,1,68,1,,,6732a061a707876bcf34ff6e,6a717b1f4315ca0c46f51534,6a71dfdab1daaf4a355b93fa,Public Transit Pass,a public transit pass,Perfume,perfume,Starbucks,Starbucks
8/4/2026 6:56,8/4/2026 7:01,0,73.37.169.12,100,318,1,8/4/2026 7:01,R_58cU6STW6p9vaPn,,,,,44.9689,-93.2843,anonymous,EN,FL_EOS_ID,,1,2,1,5,5,5,7,7,5,7,7,7,1,1,1,1,1,3,6,6,1,1,1,1,8.629,63.797,67.785,22,2,75,40,4,0,6,7,6,7,7,1,1,7,7,1,1,1,1,1,1,7,6,1,1,1,5,9.387,42.005,51.592,21,5,10,2,1,0,1,0,0,0,7,7,6,7,7,7,7,1,5,7,7,7,5,7,7,3,5,1,1,1,1,3.791,49.426,50.447,22,5,40,25,5,1,32,1,,,695fd1e745d92f81ea2537e1,6a717b1f4315ca0c46f51534,6a71e0015065d789d5e2a19e,Gym membership,a gym membership,Digital book,a digital book,Tank of Gas,a tank of gas
8/4/2026 6:50,8/4/2026 7:01,0,172.59.71.32,100,667,1,8/4/2026 7:02,R_59BP5AMaj2LwvzH,,,,,30.3122,-81.7243,anonymous,EN,FL_EOS_ID,,1,2,1,7,6,7,7,7,7,5,2,3,5,7,7,5,7,7,1,1,1,1,1,1,25.771,139.84199999999998,142.914,24,7,50,15,5,1,4,1,1,7,7,3,7,6,5,4,1,4,1,1,1,4,5,7,6,7,7,8.422,115.292,120.477,27,1,0,0,6,0,1,0,0,0,7,7,7,6,1,6,5,6,5,5,5,2,5,7,7,7,7,1,1,1,1,5.435,110.287,111.919,31,7,400,250,4,0,47,1,,,65c125b0b25e55f347146839,6a717b1f4315ca0c46f51534,6a71dff55b00d3f31430f49d,Tank of Gas,a tank of gas,Hotel Wifi,hotel wifi,Monthly car payment,monthly car payment
8/4/2026 6:50,8/4/2026 7:01,0,96.72.208.42,100,690,1,8/4/2026 7:02,R_7DzKzQuaaJE7VVY,,,,,40.6129,-74.416,anonymous,EN,FL_EOS_ID,,1,2,1,5,5,5,1,1,2,7,4,6,5,7,7,6,6,6,7,7,2,1,2,3,10.739,95.012,95.724,21,5,100,50,5,0,4,3,3,7,5,7,7,5,5,4,5,6,1,1,2,3,5,6,6,6,7,7.731,118.974,120.765,21,3,10,0,5,1,1,1,0,0,5,6,5,1,1,1,7,5,5,5,7,5,5,5,5,7,7,1,1,3,2,9.307,77.603,78.885,21,5,100,50,5,0,43,1,,,6995de0cf16eb440ec8900c9,6a717b1f4315ca0c46f51534,6a71e00d5a1927fcd77c8aae,Public Transit Pass,a public transit pass,Hotel Wifi,hotel wifi,Public Transit Pass,a public transit pass
8/4/2026 6:50,8/4/2026 7:02,0,208.126.53.180,100,665,1,8/4/2026 7:02,R_6xM3T1Tl2jopqSG,,,,,42.0613,-91.4423,anonymous,EN,FL_EOS_ID,,1,2,1,4,4,3,4,3,5,6,7,7,2,4,3,1,1,1,5,4,4,3,2,2,17.766,175.774,177.203,36,4,50,100,5,0,4,4,3,2,2,6,5,7,7,1,2,2,1,1,1,3,4,4,4,2,2,18.02,127.486,128.109,33,2,80,50,5,0,1,1,0,0,3,3,2,1,1,5,4,7,7,1,1,1,7,7,7,7,7,1,1,1,1,6.588,112.403,113.132,30,1,25,20,5,0,66,2,,,6691809035e52ca9b2b0f39a,6a717b1f4315ca0c46f51534,6a71e029a4fb9d66023c6734,Life insurance,life insurance,Textbook,a textbook,Board Game,a board game
8/4/2026 6:50,8/4/2026 7:02,0,152.22.0.243,100,674,1,8/4/2026 7:02,R_60C2r5eM8VYZbh4,,,,,36.143,-80.3073,anonymous,EN,FL_EOS_ID,,1,2,1,2,3,3,2,1,6,6,3,3,1,4,3,6,2,3,2,3,2,2,1,2,179.673,485.265,487.375,26,2,10,10,5,1,2,2,2,2,3,2,2,6,2,2,2,2,6,7,7,6,6,2,2,2,2,4.231,40.518,41.074,22,1,20,10,3,0,1,1,0,0,4,5,3,4,5,3,2,7,6,2,2,2,2,2,2,3,6,2,4,2,2,4.373,49.062,49.545,27,2,15,5,5,0,37,1,,,676f0bdedfb3362f560115f0,6a717b1f4315ca0c46f51534,6a71e02bf88c0a2933751357,Uber or Lyft,Uber or Lyft,Basic T-Shirt,a basic t-shirt,Digital book,a digital book
8/4/2026 6:50,8/4/2026 7:02,0,162.142.38.26,100,737,1,8/4/2026 7:02,R_6y4mTCbQ7IeHupz,,,,,40.4236,-105.0935,anonymous,EN,FL_EOS_ID,,1,2,1,4,3,4,2,1,2,1,7,7,1,1,1,7,7,7,7,6,1,1,1,2,72.754,114.972,117.042,11,2,65,40,3,0,5,5,6,2,3,6,7,3,3,4,6,5,7,7,7,6,5,1,1,1,2,43.233,358.778,360.404,23,5,1000,300,7,1,1,1,0,0,6,5,2,7,7,7,7,5,5,3,3,4,1,1,2,1,2,7,5,7,7,0,0,52.797,0,3,5,0,5,0,48,2,"Everything was great, thanks",,5737620867421f000d181393,6a717b1f4315ca0c46f51534,6a71dff169666a1bcd1651dc,Perfume,perfume,Laptop,a laptop,Hotel Wifi,hotel wifi
8/4/2026 6:50,8/4/2026 7:02,0,67.242.196.63,100,697,1,8/4/2026 7:02,R_5gFKzqlkvqZ8wqO,,,,,43.2213,-78.3855,anonymous,EN,FL_EOS_ID,,1,2,1,4,6,5,2,2,5,5,7,3,6,3,3,1,1,1,6,6,1,2,1,1,18.818,248.244,249.472,24,3,50,25,5,0,3,5,3,3,2,3,3,7,6,1,1,1,7,7,7,5,5,1,2,1,1,12.583,120.198,121.376,22,1,15,10,5,0,1,1,0,0,4,5,4,1,2,5,5,6,2,2,1,2,1,1,1,5,5,1,1,1,1,20.713,115.518,118.806,22,3,50,25,5,0,56,1,,,6341b7b2e340e467cab1363b,6a717b1f4315ca0c46f51534,6a71e01fb322efa9cbf37ae4,Life insurance,life insurance,Perfume,perfume,Life insurance,life insurance
8/4/2026 6:49,8/4/2026 7:02,0,63.115.57.2,100,773,1,8/4/2026 7:02,R_10i8GUHn8Lnr6hc,,,,,40.4551,-74.4871,anonymous,EN,FL_EOS_ID,,1,2,1,2,2,1,2,2,2,2,6,6,4,5,6,6,6,5,6,6,1,1,1,2,8.253,56.757,57.68,22,1,5,5,5,1,5,5,1,1,1,5,1,7,7,5,5,1,1,1,5,1,1,1,1,5,6,6.979,68.115,68.704,21,3,3,1,3,1,1,1,0,0,3,4,6,1,1,1,1,7,7,1,1,1,5,7,2,7,7,1,1,1,1,44.114,79.846,80.403,21,1,75,50,5,1,43,2,,,69b5515a47d7084133718bd2,6a717b1f4315ca0c46f51534,6a71dfb8b6220d6c1435ab2c,Shampoo,shampoo,Highway Toll,a highway toll,Perfume,perfume
8/4/2026 6:51,8/4/2026 7:02,0,179.64.127.192,100,680,1,8/4/2026 7:02,R_6frzzpKOZid9cPK,,,,,39.9587,-82.9987,anonymous,EN,FL_EOS_ID,,1,2,1,1,3,1,1,1,5,4,7,5,1,6,5,7,7,5,6,6,1,1,1,1,8.835,55.216,79.7,22,1,23,15,5,0,2,5,4,1,1,1,4,7,4,5,4,1,1,1,1,6,6,1,3,3,4,75.221,385.501,386.449,24,2,8,0,1,0,1,1,0,0,7,2,7,1,1,1,1,1,1,1,1,5,6,6,6,5,3,1,1,1,1,55.512,96.394,97.69,22,7,8000,22,1,0,26,1,,,6a1649857384eddeae867230,6a717b1f4315ca0c46f51534,6a71e04c4209d24053fd9292,Board Game,a board game,Digital book,a digital book,Designer watch,a designer watch
8/4/2026 6:50,8/4/2026 7:03,0,173.168.144.157,100,792,1,8/4/2026 7:03,R_1DT7MFMCf2Vm7JL,,,,,27.818,-82.734,anonymous,EN,FL_EOS_ID,,1,2,1,1,1,1,1,1,1,1,7,7,1,1,7,7,7,1,1,1,1,1,1,3,69.958,186.751,187.506,22,1,5,5,7,1,5,3,4,1,1,1,1,1,1,1,1,1,7,7,7,1,4,1,1,1,1,10.122,153.671,156.056,21,1,75,50,4,0,1,1,0,0,1,1,1,1,1,1,1,1,7,1,1,1,7,7,7,3,3,1,1,1,1,3.654,76.667,77.388,21,1,8,8,3,0,42,1,,,6999cf2c5b0ff05fe5256a81,6a717b1f4315ca0c46f51534,6a71dff50703ee89e81f4ef8,Ice Cream,ice cream,Meal kit subscription,a meal kit subscription,Bottle of wine,a bottle of wine
8/4/2026 6:51,8/4/2026 7:03,0,136.33.134.151,100,740,1,8/4/2026 7:03,R_6mmfgxtexZlJSog,,,,,38.9507,-94.6824,anonymous,EN,FL_EOS_ID,,1,2,1,1,3,3,1,1,1,6,7,1,1,1,1,7,7,7,1,1,1,1,1,1,13.544,134.596,136.325,22,1,75,50,7,1,1,1,1,7,7,7,7,1,1,7,7,7,1,1,1,7,7,1,1,1,1,9.678,115.062,116.474,21,1,20,15,7,1,1,0,0,0,1,1,1,1,1,1,1,7,7,1,1,1,7,7,7,7,7,1,1,1,1,7.22,101.203,102.898,23,1,100,60,7,1,42,2,N/A,,69a662d2eab6dccb7ac4376a,6a717b1f4315ca0c46f51534,6a71e0288831511195653a5b,Concert ticket,a concert ticket,Netflix,a Netflix subscription,Textbook,a textbook
8/4/2026 6:51,8/4/2026 7:03,0,38.30.167.146,100,707,1,8/4/2026 7:03,R_3MRRGAfk3xZvJa3,,,,,29.2353,-81.0704,anonymous,EN,FL_EOS_ID,,1,2,1,7,4,4,7,7,7,7,7,7,1,1,4,7,7,1,4,7,1,1,1,2,30.286,160.781,162.46,27,4,60,50,5,0,7,7,7,1,1,4,7,7,7,1,4,5,7,7,6,7,7,4,1,4,7,8.914,121.612,122.696,26,4,200,0,6,0,1,0,0,0,6,7,6,5,5,7,7,7,7,1,7,7,7,7,4,1,1,1,1,1,4,13.784,106.654,107.823,25,1,12,8,4,1,49,1,,,6a1f10df22504d35c0792b49,6a717b1f4315ca0c46f51534,6a71e04b8874602b9ddbc420,Physical video game,a physical video game,Textbook,a textbook,Fast food meal,a fast food meal
8/4/2026 6:51,8/4/2026 7:03,0,76.20.200.190,100,723,1,8/4/2026 7:03,R_7qTC5pERkkF1Cmt,,,,,34.2015,-84.4222,anonymous,EN,FL_EOS_ID,,1,2,1,7,7,7,4,4,1,3,1,7,1,1,1,5,7,7,1,5,1,1,1,1,9.399,82.998,85.597,21,3,100,40,1,0,2,2,2,1,6,4,5,7,7,1,1,1,1,1,2,6,6,3,3,1,1,31.44,99.712,100.838,23,1,8,8,5,1,1,1,0,0,1,1,2,1,1,5,6,7,7,1,1,1,7,7,7,6,6,1,1,1,1,20.005,91.468,92.201,22,1,20,20,5,0,60,1,none,,62a1e94001b65f26e2263be1,6a717b1f4315ca0c46f51534,6a71e049aaf71aef39d7ec79,Perfume,perfume,Digital book,a digital book,Board Game,a board game
8/4/2026 6:49,8/4/2026 7:03,0,38.49.76.62,100,826,1,8/4/2026 7:03,R_5FqS0e8RfaqAGlz,,,,,43.0986,-77.4338,anonymous,EN,FL_EOS_ID,,1,2,1,3,1,4,2,6,6,7,7,7,4,1,1,1,1,4,5,2,1,4,1,1,134.366,160.166,160.785,23,1,100,100,5,0,4,3,2,6,4,5,6,7,3,6,2,1,6,5,6,7,6,1,7,1,1,440.274,462.108,462.766,22,4,100,50,3,0,1,0,0,0,2,3,1,5,5,5,3,7,7,3,6,1,5,7,6,5,6,1,1,1,1,2.809,29.347,29.99,23,2,30,20,4,0,77,2,,,67105e698f7df6c2eb1b9137,6a717b1f4315ca0c46f51534,6a71dfe6348bb9aff16766d1,Meal kit subscription,a meal kit subscription,Textbook,a textbook,Board Game,a board game
8/4/2026 6:49,8/4/2026 7:03,0,69.201.75.11,100,894,1,8/4/2026 7:03,R_79yvhee9hJiTMWZ,,,,,43.0842,-75.2287,anonymous,EN,FL_EOS_ID,,1,2,1,7,7,7,3,6,7,6,5,5,4,5,5,6,6,6,7,7,3,5,4,7,78.958,408.287,408.895,25,2,150,50,6,0,2,2,2,2,5,6,7,7,5,1,2,2,6,2,5,5,2,2,2,2,6,5.4,172.059,174.723,23,1,10,5,7,0,1,1,0,0,7,7,5,7,7,7,7,5,3,1,2,1,7,7,7,4,5,3,1,1,1,5.08,97.779,101.09,24,1,35,15,5,0,29,2,thank you!,,6a08b810d807f5805aabe02e,6a717b1f4315ca0c46f51534,6a71dfb6edfa6b384ba17ccc,Textbook,a textbook,Public Transit Pass,a public transit pass,Cartridge of Printer Ink,a cartridge of printer ink
8/4/2026 6:51,8/4/2026 7:04,0,24.55.183.189,100,739,1,8/4/2026 7:04,R_7fZc3CxqNE04KdF,,,,,18.4264,-67.1561,anonymous,EN,FL_EOS_ID,,1,2,1,7,7,7,7,7,1,7,7,6,7,7,7,7,7,7,4,4,1,1,1,3,24.331,212.276,213.509,30,1,40,20,6,0,2,2,2,7,7,7,7,7,6,1,2,6,1,1,1,1,1,4,1,6,3,11.91,146.152,147.462,27,1,25,5,3,1,1,0,0,0,7,7,7,1,2,4,7,7,7,1,6,1,4,7,5,7,7,1,1,1,1,12.156,131,132.306,26,1,600,150,6,0,66,2,,,6a01d57b1ffd87d01c28ce4a,6a717b1f4315ca0c46f51534,6a71e04513a78489e6e4b520,Cartridge of Printer Ink,a cartridge of printer ink,Parking,parking,Gym membership,a gym membership
8/4/2026 6:52,8/4/2026 7:04,0,68.45.179.163,100,663,1,8/4/2026 7:04,R_7eH46qv1MD9EYnv,,,,,39.7924,-86.2875,anonymous,EN,FL_EOS_ID,,1,2,1,4,4,2,1,2,1,3,7,7,2,2,6,6,7,7,4,4,3,1,1,1,36.465,188.243,189.654,25,1,3,3,6,1,6,4,5,5,2,2,6,7,7,1,4,7,4,6,6,7,6,1,1,1,1,5.633,139.186,140.099,29,6,30,30,2,0,1,0,0,0,4,4,3,1,4,6,7,4,4,3,2,7,7,7,7,7,7,2,1,1,2,31.305,179.845,181.365,25,1,7,7,7,1,40,1,,,6128e52de5da4d89e2f3d421,6a717b1f4315ca0c46f51534,6a71e02b869492e2393e4ff7,Ice Cream,ice cream,Meal kit subscription,a meal kit subscription,Basic T-Shirt,a basic t-shirt
8/4/2026 6:51,8/4/2026 7:04,0,37.49.150.31,100,730,1,8/4/2026 7:04,R_3LezoEfSexx2E8u,,,,,47.6711,-122.1253,anonymous,EN,FL_EOS_ID,,1,2,1,2,2,2,3,4,2,2,7,6,3,2,2,1,1,1,6,6,2,3,2,3,31.356,160.475,162.386,24,2,10,8,5,0,2,3,3,5,3,2,2,7,6,3,2,2,7,7,7,3,3,1,1,1,1,4.953,108.191,110.585,26,2,20,14,5,1,1,0,0,0,6,6,6,2,3,6,6,3,3,5,6,6,6,6,6,5,6,2,3,2,3,42.774,116.57,118.525,28,2,100,80,6,0,49,1,,,6a25733a4ba41a83bc08c661,6a717b1f4315ca0c46f51534,6a71e0482c84377ca628a56b,Digital book,a digital book,Bottle of wine,a bottle of wine,Textbook,a textbook
8/4/2026 6:54,8/4/2026 7:04,0,47.222.211.192,100,553,1,8/4/2026 7:04,R_1Kr6N4TJlPc0JHP,,,,,30.6475,-95.5793,anonymous,EN,FL_EOS_ID,,1,2,1,1,7,7,1,1,1,1,1,1,7,1,1,1,1,1,1,1,1,1,1,1,53.034,186.057,187.109,22,1,5,1,1,0,7,7,7,1,4,4,4,7,6,1,1,1,7,7,6,6,6,1,1,4,4,4.844,97.16,98.681,24,1,1000,250,4,0,1,0,0,0,4,1,4,1,4,1,1,7,1,1,1,1,7,7,6,6,6,4,1,1,4,3.892,70.141,74.722,23,1,800,500,5,0,52,2,Thanks!,,64d518b2a5e95098500a176c,6a717b1f4315ca0c46f51534,6a71dfc106780f823b3ab5d3,Highway Toll,a highway toll,Designer watch,a designer watch,Laptop,a laptop
8/4/2026 6:49,8/4/2026 7:04,0,217.77.17.246,100,905,1,8/4/2026 7:04,R_50MZnCZ3Lh3sHuG,,,,,39.0469,-77.4903,anonymous,EN,FL_EOS_ID,,1,2,1,3,3,4,1,2,3,5,7,7,2,2,2,7,7,7,7,7,1,1,1,1,12.183,126.798,128.581,30,3,80,80,6,1,2,2,1,1,2,5,6,7,6,4,5,4,7,7,7,5,5,1,1,1,1,13.572,129.699,131.762,25,2,10,10,6,1,1,0,0,0,2,1,2,1,1,1,1,7,7,1,1,1,1,7,7,1,1,1,1,1,1,15.68,126.249,136.401,25,1,5,5,6,1,38,2,The survey was clear and easy to complete. Thank you,,6a03699538878412d52bd29f,6a717b1f4315ca0c46f51534,6a71dfbd2c84377ca628a559,Pair of sneakers,a pair of sneakers,Shampoo,shampoo,Ice Cream,ice cream
8/4/2026 6:56,8/4/2026 7:05,0,72.23.133.60,100,551,1,8/4/2026 7:05,R_51bYF9MvO2zWeMu,,,,,41.0996,-80.7523,anonymous,EN,FL_EOS_ID,,1,2,1,7,7,7,5,5,4,6,7,6,1,6,1,1,4,1,6,6,6,2,6,7,26,123.734,125.675,21,4,25,10,5,0,4,2,4,2,1,7,7,1,1,7,7,7,1,1,1,4,2,1,1,1,3,13.977,94.907,96.595,21,1,10,10,6,1,1,0,0,0,7,7,6,1,1,5,5,7,7,1,1,1,7,7,7,1,6,1,1,2,5,8.567,80.838,82.146,21,4,6,3,4,0,73,2,,,662bf98a6f25e5ccdce46ebc,6a717b1f4315ca0c46f51534,6a71e152ce904cbad39d48ca,Netflix,a Netflix subscription,Highway Toll,a highway toll,Starbucks,Starbucks
8/4/2026 6:50,8/4/2026 7:05,0,192.152.243.207,100,919,1,8/4/2026 7:05,R_1sQXaSU1sN5BPKp,,,,,41.4129,-72.9077,anonymous,EN,FL_EOS_ID,,1,2,1,7,7,6,7,7,6,7,2,3,5,6,5,7,7,7,6,5,1,1,1,1,4.792,29.891,30.729,21,5,40,15,5,1,4,4,4,7,7,7,7,4,7,5,5,4,1,1,1,1,1,7,7,7,7,729.756,755.482,756.196,21,7,25,0,5,1,1,0,0,0,3,1,5,1,1,1,3,7,5,5,1,3,7,7,7,7,7,1,1,1,1,2.997,21.652,22.331,21,3,75,75,6,1,42,2,,,63f7df76fda679592c5132bf,6a717b1f4315ca0c46f51534,6a71e0055e24d50665378861,Cartridge of Printer Ink,a cartridge of printer ink,Parking,parking,Pair of sneakers,a pair of sneakers
8/4/2026 6:50,8/4/2026 7:05,0,68.3.146.241,100,897,1,8/4/2026 7:05,R_62LMm0pDis4pDbH,,,,,33.5132,-112.083,anonymous,EN,FL_EOS_ID,,1,3,1,6,5,5,2,1,5,5,7,7,7,2,5,7,7,4,5,5,1,1,3,3,42.727,201.224,202.716,22,2,6,3,3,0,7,7,7,7,7,7,7,3,7,7,4,7,1,1,4,7,7,1,1,3,3,12.478,187.16,188.885,21,7,80,35,7,1,1,0,0,0,2,1,2,5,4,3,7,7,7,1,4,7,1,1,3,7,7,5,1,1,3,14.392,170.937,172.998,22,2,5,5,6,0,61,2,,,69698d11f5bfe29e8a4e092f,6a717b1f4315ca0c46f51534,6a71e0223516d5f3a5b7e3b9,Starbucks,Starbucks,Electricity bill,an electricity bill,Digital book,a digital book
8/4/2026 6:49,8/4/2026 7:07,0,208.104.30.132,100,1037,1,8/4/2026 7:07,R_5pkUIpWg87HmOlF,,,,,34.9151,-81.0129,anonymous,EN,FL_EOS_ID,,1,2,1,6,6,5,1,1,2,3,6,7,2,1,1,7,7,7,1,1,1,1,1,2,4.976,94.263,96.615,26,2,20,12,2,1,5,5,5,3,1,1,1,7,6,1,1,1,6,7,6,1,1,1,3,1,2,7.567,217.702,219.479,32,2,50,40,3,0,1,0,0,0,6,7,6,7,7,6,7,7,6,1,2,1,7,7,7,6,6,1,1,1,1,183.604,407.546,408.197,31,3,60,30,7,0,23,2,,,6a09c6de55e5b178e8196151,6a717b1f4315ca0c46f51534,6a71dfe759e12781089800a4,Restaurant dinner,a restaurant dinner,Meal kit subscription,a meal kit subscription,Physical video game,a physical video game
8/4/2026 6:49,8/4/2026 7:07,0,70.88.214.182,100,1055,1,8/4/2026 7:07,R_5DrFFQxpygJWzND,,,,,42.8674,-71.3793,anonymous,EN,FL_EOS_ID,,1,2,1,5,5,4,3,4,2,4,4,4,4,4,4,1,2,1,3,2,2,1,2,2,26.071,511.315,512.186,30,5,15,7,2,1,7,7,7,3,4,3,2,1,1,7,7,1,1,3,4,1,2,1,1,2,3,4.482,53.178,53.977,32,7,4,2.5,3,1,1,1,0,0,4,3,4,3,4,2,2,3,3,3,4,3,4,5,3,4,7,1,4,2,2,0.874,43.885,44.639,33,4,5,4,4,0,37,1,,,63ff478aec95d54674669329,6a717b1f4315ca0c46f51534,6a71dfe069df863d4ec73174,Uber or Lyft,Uber or Lyft,Tank of Gas,a tank of gas,Shampoo,shampoo
8/4/2026 6:49,8/4/2026 7:07,0,131.93.33.248,100,1086,1,8/4/2026 7:07,R_14Pi8StvxXeePvh,,,,,44.951,-89.5335,anonymous,EN,FL_EOS_ID,,1,2,1,7,6,7,5,7,7,7,1,1,1,7,7,1,1,1,1,1,4,1,1,1,22.978,354.721,356.851,31,7,350,100,6,1,1,1,1,1,1,7,1,7,7,1,1,1,1,1,1,4,2,1,1,1,1,13.151,246.914,248.106,29,1,20,20,6,1,1,1,0,0,7,7,7,7,7,7,7,7,1,7,7,7,7,7,7,4,4,1,1,1,1,9.546,176.151,178.562,27,7,75,25,5,1,57,2,None...Thank you.,,6138af26127651134a88842c,6a717b1f4315ca0c46f51534,6a71dfbdaaf2bcb38e7d42f0,Electricity bill,an electricity bill,Netflix,a Netflix subscription,Tank of Gas,a tank of gas
8/4/2026 6:49,8/4/2026 7:07,0,71.61.22.41,100,1078,1,8/4/2026 7:07,R_5vivrhYKivwsqhj,,,,,40.3052,-79.5418,anonymous,EN,FL_EOS_ID,,1,2,1,6,5,5,4,4,5,5,5,4,5,4,6,6,4,5,6,4,4,5,4,6,30.582,49.789,59.973,25,1,15,15,4,1,5,1,4,4,4,4,4,7,1,4,4,4,7,4,4,4,4,1,4,1,4,1.33,39.494,41.144,27,1,5,4,4,0,1,0,0,0,4,4,5,4,6,5,4,5,4,6,5,5,5,6,6,5,5,5,5,4,6,1.36,73.464,75.889,26,4,50,50,4,1,29,2,,,695fb400c874a4d7ea24f340,6a717b1f4315ca0c46f51534,6a71dfd17838c4af9f54df69,Shampoo,shampoo,Starbucks,Starbucks,Restaurant dinner,a restaurant dinner
8/4/2026 6:49,8/4/2026 7:07,0,130.44.117.194,100,1108,1,8/4/2026 7:07,R_563cciCzzTzDjri,,,,,42.3474,-71.1582,anonymous,EN,FL_EOS_ID,,1,2,1,7,7,7,2,7,7,7,7,7,1,2,1,7,7,7,7,7,1,1,1,1,5.138,95.193,96.066,23,1,100,50,1,1,5,5,3,7,1,1,1,1,1,6,7,6,1,1,5,1,1,1,1,1,2,7.728,809.718,810.597,34,2,160,100,7,1,1,0,0,0,7,6,2,1,1,1,1,7,7,1,1,1,7,7,7,1,1,1,1,1,1,6.621,63.848,64.654,29,1,12,8.5,5,1,44,1,,,6a07c97dc1b6fe7337f7e4e2,6a717b1f4315ca0c46f51534,6a71dfd7c14ded36d9d5c29d,Perfume,perfume,Electricity bill,an electricity bill,Fast food meal,a fast food meal
8/4/2026 6:50,8/4/2026 7:08,0,172.56.3.177,100,1084,1,8/4/2026 7:08,R_7wQuMROhExtQlbd,,,,,38.9635,-76.9672,anonymous,EN,FL_EOS_ID,,1,2,1,4,5,5,5,3,4,7,4,4,3,4,4,4,5,5,4,7,4,5,5,4,65.598,83.347,85.071,21,4,50,10,7,0,5,7,2,5,3,4,3,4,3,4,6,4,6,6,5,3,4,3,3,4,6,3.75,37.416,43.755,23,5,150,80,5,1,1,0,0,0,5,5,6,4,5,4,6,7,6,5,7,4,6,5,5,4,6,4,4,3,3,4.292,27.442,28.532,24,1,30,30,5,1,44,2,,,69fd502ade7763b4307a98af,6a717b1f4315ca0c46f51534,6a71dfe028d5aadc75225c98,Hotel Wifi,hotel wifi,Pair of sneakers,a pair of sneakers,Restaurant dinner,a restaurant dinner
8/4/2026 7:02,8/4/2026 7:08,0,174.230.74.239,100,334,1,8/4/2026 7:08,R_7KiQe3mPI33VrfC,,,,,27.9947,-81.7381,anonymous,EN,FL_EOS_ID,,1,2,1,4,5,3,2,4,5,5,6,3,2,5,5,7,7,7,6,6,1,2,1,2,10.894,77.6,79.602,28,4,65,50,5,1,5,4,4,2,2,5,3,7,7,1,1,1,7,7,7,1,2,2,1,1,1,3.763,57.669,58.487,25,3,8,5,3,1,1,0,0,0,3,2,2,6,5,6,7,5,6,4,2,2,1,2,1,2,3,4,2,5,5,3.036,61.831,62.601,25,3,3,2,6,1,34,1,,,6a0babc954940ad1d02639f4,6a717b1f4315ca0c46f51534,6a71e2eb24ca5401d35d245d,Pair of sneakers,a pair of sneakers,Starbucks,Starbucks,Highway Toll,a highway toll
8/4/2026 6:53,8/4/2026 7:08,0,98.97.33.63,100,922,1,8/4/2026 7:08,R_1fMBzLqZPJFxkeG,,,,,47.6109,-122.3303,anonymous,EN,FL_EOS_ID,,1,2,1,4,1,7,1,1,1,2,7,7,1,1,1,6,3,3,7,7,1,1,1,1,8.434,107.124,108.223,28,4,5000,5000,5,0,6,5,5,6,6,1,6,7,7,1,1,1,1,1,1,3,3,1,1,1,1,16.672,85.489,86.696,24,5,12,10,5,0,1,1,0,0,2,1,2,1,1,1,5,7,6,1,1,2,7,7,7,6,6,1,1,1,1,4.775,67.844,68.724,25,2,15,10,6,1,33,1,"I input what I thought a years worth of Life insurance would cost. I wasn't sure if the question was asking for a monthly cost or for a longer term policy cost, I have never purchased either.",,633f13d17cdae412322eabd0,6a717b1f4315ca0c46f51534,6a71dff9a0b105951d7db5ac,Life insurance,life insurance,Netflix,a Netflix subscription,Basic T-Shirt,a basic t-shirt
8/4/2026 6:49,8/4/2026 7:08,0,162.0.178.143,100,1118,1,8/4/2026 7:08,R_7w47UlSH7alJJoB,,,,,43.1361,-77.4648,anonymous,EN,FL_EOS_ID,,1,2,1,3,6,2,3,5,7,6,6,5,6,4,6,7,6,4,7,5,1,5,4,1,184.676,208.693,209.526,21,2,400,200,7,1,2,4,1,1,1,1,1,7,1,1,1,2,2,3,6,1,2,1,1,1,1,503.825,552.435,553.072,23,1,8,4,4,1,1,0,0,0,7,3,6,5,7,4,4,6,5,2,1,6,4,6,6,5,4,2,1,1,1,4.329,95.169,95.869,23,2,130,80,7,1,40,2,NA,,666b44ed662a3864dc13b118,6a717b1f4315ca0c46f51534,6a71dfe9367a6a730a3d174c,Bike,a bike,Ice Cream,ice cream,Pair of sneakers,a pair of sneakers
8/4/2026 6:49,8/4/2026 7:08,0,72.189.235.193,100,1143,1,8/4/2026 7:08,R_3EBm71B4PnqAoSh,,,,,28.7935,-81.2868,anonymous,EN,FL_EOS_ID,,1,2,1,4,4,3,5,5,6,6,5,5,5,5,6,1,4,3,2,3,5,4,5,6,12.95,542.4010000000001,543.967,38,4,0,0,4,1,5,3,5,1,3,1,2,7,5,1,1,2,7,6,6,5,5,1,1,1,1,2.647,158.813,159.582,31,2,25,25,3,1,1,1,0,0,4,3,5,6,7,6,7,3,5,6,6,6,7,7,6,5,6,1,1,1,1,5.859,232.017,233.025,30,2,40,40,5,1,35,2,,,6a01e8b3c30c9131c5f46897,6a717b1f4315ca0c46f51534,6a71dfd561f6882bda7fdd17,Parking,parking,Perfume,perfume,Cartridge of Printer Ink,a cartridge of printer ink
8/4/2026 6:52,8/4/2026 7:08,0,174.193.81.22,100,973,1,8/4/2026 7:08,R_7KT6Z41lGUrZawA,,,,,36.8307,-76.3146,anonymous,EN,FL_EOS_ID,,1,2,1,5,4,4,2,4,5,4,7,6,7,6,7,7,7,7,2,3,2,1,6,7,24.722,211.478,225.618,25,1,35,25,5,1,5,4,4,2,4,5,3,7,7,2,5,7,1,1,1,3,3,1,1,7,7,19.439,104.255,159.207,23,1,20,20,7,1,1,1,0,0,6,6,6,3,6,5,5,7,6,4,6,7,7,7,7,7,7,1,1,4,6,16.84,73.868,98.927,21,1,70,60,6,0,26,1,N/A,,6a122a65266ad7bca23a0543,6a717b1f4315ca0c46f51534,6a71e04b250da73d1e5bd70b,Bottle of wine,a bottle of wine,Uber or Lyft,Uber or Lyft,Physical video game,a physical video game
8/4/2026 6:49,8/4/2026 7:09,0,107.12.214.129,100,1230,1,8/4/2026 7:09,R_6joZKNZWyYwsu1v,,,,,34.7229,-76.726,anonymous,EN,FL_EOS_ID,,1,2,1,2,4,4,2,1,5,7,6,7,2,2,3,7,7,7,7,7,1,1,1,1,10.233,65.709,66.552,23,2,250,250,6,1,6,6,6,1,1,1,1,1,6,1,1,1,6,7,7,3,3,1,1,1,1,130.619,203.479,204.075,24,3,100,40,2,0,1,0,0,0,3,5,3,1,2,6,5,4,4,5,6,6,7,7,7,5,5,1,1,1,1,117.085,150.762,152.003,22,2,120,90,6,1,47,2,,,5d29cc8869a747001acdb3c1,6a717b1f4315ca0c46f51534,6a71dfd0c90ddd9a8de84aa7,Bike,a bike,Perfume,perfume,Pair of sneakers,a pair of sneakers
8/4/2026 6:49,8/4/2026 7:10,0,199.241.26.227,100,1204,1,8/4/2026 7:10,R_1Dny5yZRj5xoMTc,,,,,43.114,-77.5689,anonymous,EN,FL_EOS_ID,,1,2,1,1,3,2,1,6,5,7,7,6,6,1,1,4,6,6,6,7,1,1,1,1,232.682,258.301,258.921,22,1,25,20,6,1,7,7,7,5,2,4,7,7,7,7,1,1,4,2,1,1,1,1,1,1,1,518.805,548.574,549.101,22,5,125,50,1,1,1,0,0,0,7,7,6,2,7,7,7,7,7,5,4,7,7,6,6,7,4,1,1,1,1,4.112,34.415,35.53,22,2,125,100,4,1,61,1,,,67630f751df95f8fb373e275,6a717b1f4315ca0c46f51534,6a71dfeff579b3943bea28cd,Board Game,a board game,Concert ticket,a concert ticket,Pair of sneakers,a pair of sneakers
8/4/2026 6:53,8/4/2026 7:10,0,73.91.212.75,100,1023,1,8/4/2026 7:10,R_5R86tyysN555mH7,,,,,33.6068,-88.6478,anonymous,EN,FL_EOS_ID,,1,2,1,5,6,6,3,1,5,3,7,6,1,1,7,7,7,1,2,2,2,1,2,3,11.944,148.669,154.649,31,2,6,5,6,1,6,7,7,3,5,6,7,7,6,5,7,6,7,7,6,7,6,3,3,2,3,5.686,214.021,216.755,40,1,100,25,7,0,1,1,0,0,5,5,6,3,7,5,6,7,7,1,2,7,7,7,6,6,3,3,1,1,7,4.042,229.639,230.64600000000002,51,1,25,20,7,1,43,1, no technical errors or glitches thank you,,69609ea65af6f1b85d62c48c,6a717b1f4315ca0c46f51534,6a71e0313337c71a33ff707c,Starbucks,Starbucks,Textbook,a textbook,Meal kit subscription,a meal kit subscription
8/4/2026 6:52,8/4/2026 7:10,0,66.168.214.236,100,1090,1,8/4/2026 7:10,R_1rvL32OASkJLqwh,,,,,34.3089,-83.8249,anonymous,EN,FL_EOS_ID,,1,2,1,3,5,1,1,1,6,6,6,7,4,5,7,7,7,7,6,6,4,1,2,2,4.217,701.465,703.433,29,1,8,6,6,0,3,3,3,1,1,1,1,2,4,6,6,7,7,7,7,5,5,1,1,1,1,4.245,58.358,59.175,21,1,4,2,6,1,1,0,0,0,3,3,3,1,1,3,4,7,6,1,4,6,1,2,4,7,6,1,1,1,2,3.526,65.135,65.992,21,1,25,10,7,1,46,1,,,695fb692897e26a1d8c15431,6a717b1f4315ca0c46f51534,6a71e03ed8e0aa898148b968,Basic T-Shirt,a basic t-shirt,Shampoo,shampoo,Gym membership,a gym membership
8/4/2026 6:50,8/4/2026 7:11,0,98.21.211.86,100,1259,1,8/4/2026 7:11,R_3Ii0k8s6AwpaxNy,,,,,34.879,-83.992,anonymous,EN,FL_EOS_ID,,1,2,1,7,1,7,7,7,7,1,7,7,1,1,7,7,5,7,7,7,1,1,1,1,296.027,708.99,710.403,24,1,75,50,7,0,1,1,1,1,1,1,7,7,7,1,1,1,7,7,1,7,7,1,1,7,7,3.637,44.563,45.375,24,1,9,0,7,0,1,0,0,0,7,7,7,1,1,1,7,7,7,1,1,1,7,7,7,7,7,1,1,1,1,3.234,39.349,40.97,21,1,2000,0,4,0,52,2,,,61bb392e40db417c1a138dcb,6a717b1f4315ca0c46f51534,6a71e001fccdcb4dc38e49c3,Physical video game,a physical video game,Public Transit Pass,a public transit pass,Designer watch,a designer watch
8/4/2026 6:53,8/4/2026 7:13,0,99.129.139.232,100,1176,1,8/4/2026 7:13,R_5hYgw3Hb9gEvkkx,,,,,30.5089,-97.6796,anonymous,EN,FL_EOS_ID,,1,2,1,1,5,1,1,4,1,3,5,5,6,7,4,7,7,7,7,7,1,1,1,1,40.09,343.049,344.851,25,1,100,100,7,1,7,7,7,1,1,5,7,5,4,7,7,7,1,1,1,5,7,1,1,7,7,11.828,153.48,155.204,24,4,145,130,7,1,1,0,0,0,1,1,5,7,4,7,1,7,1,7,4,7,7,7,7,7,7,1,7,7,7,16.769,140.506,143.125,23,1,100,100,7,1,68,1,,,6a20c44b3a3be9f4271365c6,6a717b1f4315ca0c46f51534,6a71e03495068e3bb83e14a2,Perfume,perfume,Electricity bill,an electricity bill,Textbook,a textbook
8/4/2026 6:59,8/4/2026 7:13,0,75.130.156.232,100,840,1,8/4/2026 7:13,R_7R2ALNIa3w87Dh2,,,,,35.5825,-82.6115,anonymous,EN,FL_EOS_ID,,1,2,1,4,4,4,1,1,1,1,7,7,1,1,1,7,7,7,1,1,1,1,1,1,21.39,221.253,222.971,31,4,12,10,5,1,5,5,5,1,1,1,5,7,7,1,1,1,1,1,1,7,7,1,1,1,1,12.409,128.345,129.381,24,4,40,30,7,0,1,1,0,0,6,5,6,1,1,6,1,7,7,1,1,1,1,1,1,6,7,1,1,1,1,18.979,145.939,147.704,25,6,150,55,6,0,46,2,,,69cec1ab039792e101ed6bd5,6a717b1f4315ca0c46f51534,6a71dfc96389fda5776766b9,Fast food meal,a fast food meal,Gym membership,a gym membership,Life insurance,life insurance
8/4/2026 6:50,8/4/2026 7:14,0,70.161.159.227,100,1409,1,8/4/2026 7:14,R_6kTbKOXaPQ6ehoS,,,,,36.8366,-76.1624,anonymous,EN,FL_EOS_ID,,1,2,1,1,4,4,7,7,1,1,7,7,1,7,7,1,1,1,7,7,1,1,1,1,11.688,338.304,339.158,26,1,10,10,7,1,4,4,4,1,1,7,1,7,4,1,1,7,7,7,7,6,4,1,1,1,1,305.701,491.79,492.667,26,1,20,20,4,0,1,1,0,0,6,5,6,4,4,7,7,4,4,4,7,7,1,7,7,1,4,1,1,1,1,10.974,116.369,117.343,28,4,20,20,7,0,71,2,"I sincerely hope my responses help with your research !  Enjoyed participating, thank you and have a nice day.",,64a2be5c2053c3002cf8bbfc,6a717b1f4315ca0c46f51534,6a71e013df9e5b5f724e5a54,Digital book,a digital book,Bottle of wine,a bottle of wine,Uber or Lyft,Uber or Lyft
8/4/2026 6:51,8/4/2026 7:14,0,38.248.227.188,100,1374,1,8/4/2026 7:14,R_6pcLMseMsmYcjzH,,,,,42.3569,-71.0639,anonymous,EN,FL_EOS_ID,,1,2,1,4,4,5,1,3,3,4,5,2,3,4,5,7,7,6,6,6,1,1,1,2,5.624,292.102,293.567,24,2,800,700,6,0,2,2,1,2,3,2,2,6,7,1,2,2,7,7,7,5,5,1,1,1,2,28.673,107.066,108.111,21,2,15,12,4,1,1,0,0,0,4,3,5,2,2,2,2,6,7,1,2,2,7,7,7,6,6,1,1,1,1,23.896,105.098,106.093,21,3,75,60,5,1,32,1,,,6a05eca31c02cac37913a741,6a717b1f4315ca0c46f51534,6a71e019df689bd25b2fc3a5,Laptop,a laptop,Basic T-Shirt,a basic t-shirt,Perfume,perfume
8/4/2026 7:10,8/4/2026 7:18,0,96.238.57.137,100,450,1,8/4/2026 7:18,R_3obV5yabYYSKNnz,,,,,41.7139,-71.3895,anonymous,EN,FL_EOS_ID,,1,2,1,4,5,5,2,2,2,4,6,6,2,2,2,7,7,6,6,6,2,2,2,2,10.562,79.227,80.225,22,3,350,350,5,0,6,6,7,1,1,6,6,6,5,2,5,5,1,7,7,6,6,1,1,1,1,12.532,88.298,89.103,23,6,567,350,7,0,1,0,0,0,2,4,5,1,1,4,3,7,6,1,1,1,1,7,7,6,6,1,6,1,1,10.844,74.192,75.306,21,3,400,275,6,0,67,2,,,5e991aaac7bc1615ea5b3eb8,6a717b1f4315ca0c46f51534,6a71e4c0de4a98180612a29f,Designer watch,a designer watch,Monthly car payment,monthly car payment,Bike,a bike
8/4/2026 7:15,8/4/2026 7:19,0,70.89.39.217,100,280,1,8/4/2026 7:19,R_7KMJmPGWB5hcquP,,,,,40.6832,-76.2113,anonymous,EN,FL_EOS_ID,,1,2,1,7,7,5,6,7,6,7,2,5,6,7,7,6,7,6,2,2,1,1,1,2,6.354,48.296,49.095,21,6,69,30,2,1,6,6,5,6,2,6,6,7,6,1,2,2,4,2,1,1,2,1,1,1,1,2.708,48.676,49.462,23,4,129,75,4,0,1,1,0,0,6,6,4,2,1,2,2,7,7,1,1,2,7,7,6,1,1,1,2,1,3,3.581,46.369,47.734,22,3,15,8,2,1,38,1,no additional comments or concerns,,697cac7d3bedace54477eb48,6a717b1f4315ca0c46f51534,6a71e5d250b2caee57e8f3c3,Cartridge of Printer Ink,a cartridge of printer ink,Concert ticket,a concert ticket,Fast food meal,a fast food meal
8/4/2026 7:14,8/4/2026 7:21,0,76.37.90.116,100,417,1,8/4/2026 7:21,R_51Wv3LV05VhwWAl,,,,,42.7713,-78.6059,anonymous,EN,FL_EOS_ID,,1,2,1,7,7,7,7,7,7,7,5,1,7,7,7,2,7,6,4,3,1,1,2,6,1.108,84.025,85.604,44,7,80,40,7,1,2,2,2,1,1,6,1,7,7,1,1,5,7,7,7,1,1,1,1,1,2,2.624,49.892,50.798,62,1,10,10,7,1,1,0,0,0,1,1,2,7,7,7,7,4,1,5,4,1,1,1,1,6,6,6,7,7,7,1.401,52.644,53.203,65,5,0,0,6,0,37,2,No thank you ,,5c3272172f0f3500010284c0,6a717b1f4315ca0c46f51534,6a71e504e067642481209b32,Tank of Gas,a tank of gas,Fast food meal,a fast food meal,Hotel Wifi,hotel wifi
8/4/2026 7:11,8/4/2026 7:22,0,113.20.53.132,100,620,1,8/4/2026 7:22,R_3DvzQzEUA7paqvM,,,,,39.0814,-77.6443,anonymous,EN,FL_EOS_ID,,1,2,1,1,2,1,1,2,5,6,6,6,5,5,5,7,7,7,6,6,1,1,1,1,68.653,127.746,128.501,23,1,7,7,6,1,6,6,6,7,7,7,7,5,5,5,6,6,7,7,7,5,5,1,1,1,1,1.364,54.124,55.323,22,1,35,35,7,0,1,0,0,0,2,1,3,1,1,1,2,7,7,1,7,1,7,7,7,5,5,1,1,1,1,1.054,159.40800000000002,161.22899999999998,24,1,15,15,6,1,34,2,,,67ee6f72aa206db46d5e9d11,6a717b1f4315ca0c46f51534,6a71e4fd6d55cf205cb25aca,Shampoo,shampoo,Cartridge of Printer Ink,a cartridge of printer ink,Bottle of wine,a bottle of wine
8/4/2026 7:10,8/4/2026 7:22,0,174.208.231.130,100,719,1,8/4/2026 7:22,R_7khK5YYWTIqyCA7,,,,,41.8483,-87.6517,anonymous,EN,FL_EOS_ID,,1,2,1,5,6,6,1,3,5,7,7,6,1,2,2,5,6,5,1,6,2,2,2,4,40.37,99.509,100.354,47,2,125,100,6,1,3,3,6,2,2,2,6,7,4,2,2,2,7,7,7,7,7,1,1,2,2,6.232,44.399,45.492,39,1,250,300,6,0,1,0,0,0,5,5,6,6,4,5,4,2,2,7,7,7,2,3,3,6,6,1,1,1,4,38.585,85.259,85.95,41,7,150,125,6,1,26,1,No issues thanks ,,675a2864cf3d9d870639c42b,6a717b1f4315ca0c46f51534,6a71e4a35794310501519c69,Concert ticket,a concert ticket,Bike,a bike,Monthly car payment,monthly car payment
8/4/2026 6:50,8/4/2026 6:50,0,174.210.4.42,6,38,0,8/11/2026 6:50,R_6SiqztnPNwxAMFs,,,,,38.6433,-90.2574,anonymous,EN,FL_216,"QID548,QID549,QID551",1,,,,,,,,,,,,,,,,,,,,,,,,,,,,,,,,,,,,,,,,,,,,,,,,,,,,,,,,,,,,,,,,,,,,,,,,,,,,,,,,,,,,,,,,,,,,,,,,,,,,,6a018f26a1a7c482f1167f22,6a717b1f4315ca0c46f51534,6a71dfecab07a6ba4296177a,,,,,,
8/4/2026 6:50,8/4/2026 6:50,0,98.109.196.215,19,49,0,8/11/2026 6:50,R_7FDGxlO2Kuu5i5w,,,,,40.9817,-74.1101,anonymous,EN,FL_77,"QID605,QID528",1,2,1,,,,,,,,,,,,,,,,,,,,,,,,,,,,,,,,,,,,,,,,,,,,,,,,,,,,,,,,,,,,,,,,,,,,,,,,,,,,,,,,,,,,,,,,,,,,,,,,,,,5a86357bae9a0b0001a9f14e,6a717b1f4315ca0c46f51534,6a71dff6ab07a6ba4296177e,Pair of sneakers,a pair of sneakers,Netflix,a Netflix subscription,Tank of Gas,a tank of gas
8/4/2026 6:50,8/4/2026 6:52,0,47.149.252.74,19,139,0,8/11/2026 6:52,R_7QNamUzgc0e4Wop,,,,,33.9553,-117.2457,anonymous,EN,FL_77,"QID605,QID528",1,2,1,,,,,,,,,,,,,,,,,,,,,,,,,,,,,,,,,,,,,,,,,,,,,,,,,,,,,,,,,,,,,,,,,,,,,,,,,,,,,,,,,,,,,,,,,,,,,,,,,,,6627e29477d23bd171a6728a,6a717b1f4315ca0c46f51534,6a71dff36cebd0cf9775d68f,Designer watch,a designer watch,Parking,parking,Board Game,a board game
8/4/2026 6:49,8/4/2026 6:53,0,174.109.162.1,35,195,0,8/11/2026 6:53,R_5o0w0dg4EViZjDE,,,,,35.5831,-78.7881,anonymous,EN,FL_77,QID556,1,2,1,4,5,5,1,1,3,4,7,4,1,7,7,1,1,1,3,4,1,1,1,1,9.193,102.501,103.782,25,5,50,25,,,,,,,,,,,,,,,,,,,,,,,,,,,,,,,,,,,,,,,,,,,,,,,,,,,,,,,,,,,,,,,,,,,,,,,58595b56a3149800011e156e,6a717b1f4315ca0c46f51534,6a71dfcb101632489ee6639c,Life insurance,life insurance,Public Transit Pass,a public transit pass,Fast food meal,a fast food meal
8/4/2026 6:50,8/4/2026 7:09,0,97.221.47.26,19,1141,0,8/11/2026 7:09,R_65mQIjdZgC8OC1b,,,,,26.2685,-80.2717,anonymous,EN,FL_77,"QID605,QID528",1,2,1,,,,,,,,,,,,,,,,,,,,,,,,,,,,,,,,,,,,,,,,,,,,,,,,,,,,,,,,,,,,,,,,,,,,,,,,,,,,,,,,,,,,,,,,,,,,,,,,,,,675a111d5939b57de3a767f4,6a717b1f4315ca0c46f51534,6a71e015ac9079b87f25a03b,Concert ticket,a concert ticket,Highway Toll,a highway toll,Cartridge of Printer Ink,a cartridge of printer ink
8/4/2026 6:53,8/4/2026 7:21,0,98.113.69.46,19,1682,0,8/11/2026 7:22,R_5vRYbt5tZyQfkwV,,,,,40.9039,-73.837,anonymous,EN,FL_77,"QID605,QID528",1,2,1,,,,,,,,,,,,,,,,,,,,,,,,,,,,,,,,,,,,,,,,,,,,,,,,,,,,,,,,,,,,,,,,,,,,,,,,,,,,,,,,,,,,,,,,,,,,,,,,,,,65edebf1c2c09681c2b91185,6a717b1f4315ca0c46f51534,6a71dfd1d75b2755f44eb5b3,Parking,parking,Restaurant dinner,a restaurant dinner,Concert ticket,a concert ticket
8/4/2026 6:49,8/4/2026 7:29,0,48.45.237.133,6,2422,0,8/11/2026 7:29,R_5Eou9Dm2mbw1qKE,,,,,37.751,-97.822,anonymous,EN,FL_216,"QID548,QID549,QID551",1,,,,,,,,,,,,,,,,,,,,,,,,,,,,,,,,,,,,,,,,,,,,,,,,,,,,,,,,,,,,,,,,,,,,,,,,,,,,,,,,,,,,,,,,,,,,,,,,,,,,,69963fa97606bb3a27603d6f,6a717b1f4315ca0c46f51534,6a71dfcf0ff7670df5eed39b,,,,,,
8/4/2026 6:50,8/5/2026 13:35,0,99.4.188.73,42,110693,0,8/12/2026 13:35,R_6jpTHUYkFdF4S45,,,,,35.6355,-82.5645,anonymous,EN,FL_323,"QID585,QID586",1,2,1,4,5,4,1,2,3,3,7,6,4,2,5,5,7,7,1,2,1,1,1,2,8.787,99.278,100.245,27,3,20,20,6,1,,,,,,,,,,,,,,,,,,,,,,,,,,,,,,,,,,,,,,,,,,,,,,,,,,,,,,,,,,,,,,,,,,,,,6998c281c3ab5268149e674b,6a717b1f4315ca0c46f51534,6a71e00bbba6d8e336aa2b6b,Restaurant dinner,a restaurant dinner,Shampoo,shampoo,Laptop,a laptop
