StartDate,EndDate,Status,IPAddress,Progress,Duration (in seconds),Finished,RecordedDate,ResponseId,RecipientLastName,RecipientFirstName,RecipientEmail,ExternalReference,LocationLatitude,LocationLongitude,DistributionChannel,UserLanguage,consent,eng_screener_1,eng_screener_2,prod_1_1,prod_1_2,prod_1_3,prod_1_4,prod_1_5,prod_1_6,prod_1_7,prod_1_8,prod_1_9,prod_1_11,prod_1_12,prod_1_13,prod_1_14,prod_1_15,prod_1_16,prod_1_17,prod_1_18,prod_1_19,prod_1_20,prod_1_21,prod_1_22,prod_1_23,prod_1_24,prod_1_25,prod_1_26,prod_1_27,prod_1_28,prod_1_29,prod_1_30,prod_1_31,prod_1_32,prod_1_33,prod_1_34,prod_1_35,prod_1_36,prod_1_37,prod_1_38,prod_1_39,prod_1_40,prod_1_41,prod_1_42,prod_1_43,prod_1_44,prod_1_45,prod_1_46,rt_prod_1_First Click,rt_prod_1_Last Click,rt_prod_1_Page Submit,rt_prod_1_Click Count,prod_1_painful_1,prod_1_typ_charge,prod_1_fair_price,prod_1_like_1,prod_1_value_1,prod_1_purchased,prod_1_1,prod_1_2,prod_1_3,prod_1_4,prod_1_5,prod_1_6,prod_1_7,prod_1_8,prod_1_9,prod_1_11,prod_1_12,prod_1_13,prod_1_14,prod_1_15,prod_1_16,prod_1_17,prod_1_18,prod_1_19,prod_1_20,prod_1_21,prod_1_22,prod_1_23,prod_1_24,prod_1_25,prod_1_26,prod_1_27,prod_1_28,prod_1_29,prod_1_30,prod_1_31,prod_1_32,prod_1_33,prod_1_34,prod_1_35,prod_1_36,prod_1_37,prod_1_38,prod_1_39,prod_1_40,prod_1_41,prod_1_42,prod_1_43,prod_1_44,prod_1_45,prod_1_46,Q586_First Click,Q586_Last Click,Q586_Page Submit,Q586_Click Count,Q587_1,Q589,Q590,Q591_1,Q592_1,Q593,shark_screeners_1,shark_screeners_2,shark_screeners_3,shark_screeners_4,prod_1_1,prod_1_2,prod_1_3,prod_1_4,prod_1_5,prod_1_6,prod_1_7,prod_1_8,prod_1_9,prod_1_11,prod_1_12,prod_1_13,prod_1_14,prod_1_15,prod_1_16,prod_1_17,prod_1_18,prod_1_19,prod_1_20,prod_1_21,prod_1_22,prod_1_23,prod_1_24,prod_1_25,prod_1_26,prod_1_27,prod_1_28,prod_1_29,prod_1_30,prod_1_31,prod_1_32,prod_1_33,prod_1_34,prod_1_35,prod_1_36,prod_1_37,prod_1_38,prod_1_39,prod_1_40,prod_1_41,prod_1_42,prod_1_43,prod_1_44,prod_1_45,prod_1_46,Q596_First Click,Q596_Last Click,Q596_Page Submit,Q596_Click Count,Q597_1,Q599,Q600,Q601_1,Q602_1,Q603,age,gender,comments,mTurkCode,PROLIFIC_PID,STUDY_ID,SESSION_ID,Item,Description,Item2,Description2,Item3,Description3
Start Date,End Date,Response Type,IP Address,Progress,Duration (in seconds),Finished,Recorded Date,Response ID,Recipient Last Name,Recipient First Name,Recipient Email,External Data Reference,Location Latitude,Location Longitude,Distribution Channel,User Language,Do you agree to participate in the research study described above?,"Please select the response whose meaning is closest to the bolded word.
PERIOD: It was a difficult period.","Please select the response whose meaning is closest to the bolded word.
FRACTURE: They found a fracture.","Product 1 / 3

 

Think about how it feels to purchase the following item. If you have never purchased this item, try to imagine how it would feel:

 

[Field-Description]

 
Please respond to each statement below regarding that purchase: - I feel the price of this item is too high  for what I get.","Product 1 / 3

 

Think about how it feels to purchase the following item. If you have never purchased this item, try to imagine how it would feel:

 

[Field-Description]

 
Please respond to each statement below regarding that purchase: - This item is greatly overpriced.","Product 1 / 3

 

Think about how it feels to purchase the following item. If you have never purchased this item, try to imagine how it would feel:

 

[Field-Description]

 
Please respond to each statement below regarding that purchase: - This item is a ripoff.","Product 1 / 3

 

Think about how it feels to purchase the following item. If you have never purchased this item, try to imagine how it would feel:

 

[Field-Description]

 
Please respond to each statement below regarding that purchase: - This item is very expensive.","Product 1 / 3

 

Think about how it feels to purchase the following item. If you have never purchased this item, try to imagine how it would feel:

 

[Field-Description]

 
Please respond to each statement below regarding that purchase: - This item is worth the price I'd pay for it.","Product 1 / 3

 

Think about how it feels to purchase the following item. If you have never purchased this item, try to imagine how it would feel:

 

[Field-Description]

 
Please respond to each statement below regarding that purchase: - Cheaper versions of this product aren't very different from expensive ones.","Product 1 / 3

 

Think about how it feels to purchase the following item. If you have never purchased this item, try to imagine how it would feel:

 

[Field-Description]

 
Please respond to each statement below regarding that purchase: - Purchasing this item would put a strain on my budget.","Product 1 / 3

 

Think about how it feels to purchase the following item. If you have never purchased this item, try to imagine how it would feel:

 

[Field-Description]

 
Please respond to each statement below regarding that purchase: - One needs to be fairly wealthy to purchase this item.","Product 1 / 3

 

Think about how it feels to purchase the following item. If you have never purchased this item, try to imagine how it would feel:

 

[Field-Description]

 
Please respond to each statement below regarding that purchase: - I only buy this when I have extra money to spare.","Product 1 / 3

 

Think about how it feels to purchase the following item. If you have never purchased this item, try to imagine how it would feel:

 

[Field-Description]

 
Please respond to each statement below regarding that purchase: - This item helps me do other things I need/want to do.","Product 1 / 3

 

Think about how it feels to purchase the following item. If you have never purchased this item, try to imagine how it would feel:

 

[Field-Description]

 
Please respond to each statement below regarding that purchase: - Without other items, this item is pretty much worthless.","Product 1 / 3

 

Think about how it feels to purchase the following item. If you have never purchased this item, try to imagine how it would feel:

 

[Field-Description]

 
Please respond to each statement below regarding that purchase: - I only get value from this when I use it with other products.","Product 1 / 3

 

Think about how it feels to purchase the following item. If you have never purchased this item, try to imagine how it would feel:

 

[Field-Description]

 
Please respond to each statement below regarding that purchase: - I would never buy this if it weren't required for something else.","Product 1 / 3

 

Think about how it feels to purchase the following item. If you have never purchased this item, try to imagine how it would feel:

 

[Field-Description]

 
Please respond to each statement below regarding that purchase: - This feels like something that should come included with something else I already pay for.","Product 1 / 3

 

Think about how it feels to purchase the following item. If you have never purchased this item, try to imagine how it would feel:

 

[Field-Description]

 
Please respond to each statement below regarding that purchase: - This is an unnecessary thing to buy.","Product 1 / 3

 

Think about how it feels to purchase the following item. If you have never purchased this item, try to imagine how it would feel:

 

[Field-Description]

 
Please respond to each statement below regarding that purchase: - I feel like I have a choice of whether to buy this item.","Product 1 / 3

 

Think about how it feels to purchase the following item. If you have never purchased this item, try to imagine how it would feel:

 

[Field-Description]

 
Please respond to each statement below regarding that purchase: - I have other options if I choose not to buy this thing.","Product 1 / 3

 

Think about how it feels to purchase the following item. If you have never purchased this item, try to imagine how it would feel:

 

[Field-Description]

 
Please respond to each statement below regarding that purchase: - There aren't any real alternatives if I need this.","Product 1 / 3

 

Think about how it feels to purchase the following item. If you have never purchased this item, try to imagine how it would feel:

 

[Field-Description]

 
Please respond to each statement below regarding that purchase: - If I don't purchase this, there will be significant negative consequences.","Product 1 / 3

 

Think about how it feels to purchase the following item. If you have never purchased this item, try to imagine how it would feel:

 

[Field-Description]

 
Please respond to each statement below regarding that purchase: - I feel powerless when I have to purchase this.","Product 1 / 3

 

Think about how it feels to purchase the following item. If you have never purchased this item, try to imagine how it would feel:

 

[Field-Description]

 
Please respond to each statement below regarding that purchase: - I can't really control when I have to buy this.","Product 1 / 3

 

Think about how it feels to purchase the following item. If you have never purchased this item, try to imagine how it would feel:

 

[Field-Description]

 
Please respond to each statement below regarding that purchase: - I will make this purchase regularly.","Product 1 / 3

 

Think about how it feels to purchase the following item. If you have never purchased this item, try to imagine how it would feel:

 

[Field-Description]

 
Please respond to each statement below regarding that purchase: - I will have to buy a similar thing in the near future.","Product 1 / 3

 

Think about how it feels to purchase the following item. If you have never purchased this item, try to imagine how it would feel:

 

[Field-Description]

 
Please respond to each statement below regarding that purchase: - Every time I purchase one of these, it's pretty much the same.","Product 1 / 3

 

Think about how it feels to purchase the following item. If you have never purchased this item, try to imagine how it would feel:

 

[Field-Description]

 
Please respond to each statement below regarding that purchase: - People typically receive a recurring bill for this item.","Product 1 / 3

 

Think about how it feels to purchase the following item. If you have never purchased this item, try to imagine how it would feel:

 

[Field-Description]

 
Please respond to each statement below regarding that purchase: - I am very aware of when I am charged for this item or service.","Product 1 / 3

 

Think about how it feels to purchase the following item. If you have never purchased this item, try to imagine how it would feel:

 

[Field-Description]

 
Please respond to each statement below regarding that purchase: - I always have to pay for this.","Product 1 / 3

 

Think about how it feels to purchase the following item. If you have never purchased this item, try to imagine how it would feel:

 

[Field-Description]

 
Please respond to each statement below regarding that purchase: - I can hold or touch this item in my hands.","Product 1 / 3

 

Think about how it feels to purchase the following item. If you have never purchased this item, try to imagine how it would feel:

 

[Field-Description]

 
Please respond to each statement below regarding that purchase: - This is a physical product.","Product 1 / 3

 

Think about how it feels to purchase the following item. If you have never purchased this item, try to imagine how it would feel:

 

[Field-Description]

 
Please respond to each statement below regarding that purchase: - This is something I can physically keep.","Product 1 / 3

 

Think about how it feels to purchase the following item. If you have never purchased this item, try to imagine how it would feel:

 

[Field-Description]

 
Please respond to each statement below regarding that purchase: - If I buy this product, I can use it over a long period of time.","Product 1 / 3

 

Think about how it feels to purchase the following item. If you have never purchased this item, try to imagine how it would feel:

 

[Field-Description]

 
Please respond to each statement below regarding that purchase: - This product lasts a while.","Product 1 / 3

 

Think about how it feels to purchase the following item. If you have never purchased this item, try to imagine how it would feel:

 

[Field-Description]

 
Please respond to each statement below regarding that purchase: - Buying this feels like making an investment.","Product 1 / 3

 

Think about how it feels to purchase the following item. If you have never purchased this item, try to imagine how it would feel:

 

[Field-Description]

 
Please respond to each statement below regarding that purchase: - Most businesses give this away for free.","Product 1 / 3

 

Think about how it feels to purchase the following item. If you have never purchased this item, try to imagine how it would feel:

 

[Field-Description]

 
Please respond to each statement below regarding that purchase: - People usually don't pay money for this.","Product 1 / 3

 

Think about how it feels to purchase the following item. If you have never purchased this item, try to imagine how it would feel:

 

[Field-Description]

 
Please respond to each statement below regarding that purchase: - I expect this item to be free.","Product 1 / 3

 

Think about how it feels to purchase the following item. If you have never purchased this item, try to imagine how it would feel:

 

[Field-Description]

 
Please respond to each statement below regarding that purchase: - This item feels like it should be free.","Product 1 / 3

 

Think about how it feels to purchase the following item. If you have never purchased this item, try to imagine how it would feel:

 

[Field-Description]

 
Please respond to each statement below regarding that purchase: - No matter where I get this item, it will be roughly the same.","Product 1 / 3

 

Think about how it feels to purchase the following item. If you have never purchased this item, try to imagine how it would feel:

 

[Field-Description]

 
Please respond to each statement below regarding that purchase: - There are many different styles/versions/types of this product.","Product 1 / 3

 

Think about how it feels to purchase the following item. If you have never purchased this item, try to imagine how it would feel:

 

[Field-Description]

 
Please respond to each statement below regarding that purchase: - I'm not quite sure about what benefit this product will provide for me in the long-term.","Product 1 / 3

 

Think about how it feels to purchase the following item. If you have never purchased this item, try to imagine how it would feel:

 

[Field-Description]

 
Please respond to each statement below regarding that purchase: - I'm not sure how much I will like this item before using it.","Product 1 / 3

 

Think about how it feels to purchase the following item. If you have never purchased this item, try to imagine how it would feel:

 

[Field-Description]

 
Please respond to each statement below regarding that purchase: - I only learn about this item's quality after purchasing it.","Product 1 / 3

 

Think about how it feels to purchase the following item. If you have never purchased this item, try to imagine how it would feel:

 

[Field-Description]

 
Please respond to each statement below regarding that purchase: - Paying for this will save me time.","Product 1 / 3

 

Think about how it feels to purchase the following item. If you have never purchased this item, try to imagine how it would feel:

 

[Field-Description]

 
Please respond to each statement below regarding that purchase: - This purchase will make my life easier.","Product 1 / 3

 

Think about how it feels to purchase the following item. If you have never purchased this item, try to imagine how it would feel:

 

[Field-Description]

 
Please respond to each statement below regarding that purchase: - Purchasing this will make my life more convenient.",Timing - First Click,Timing - Last Click,Timing - Page Submit,Timing - Click Count,How painful is it to purchase [Field-Description]? - not at all painful:very painful,"On average, how much does a typical establishment charge for [Field-Description]?",What do you believe is a fair price for [Field-Description]?,To what degree do you like [Field-Description]? - Not at all:Very much,How much value do you get from [Field-Description]? - None:A whole lot,Have you purchased [Field-Description] in the past six months?,"Product 2 / 3

 

Think about how it feels to purchase the following item. If you have never purchased this item, try to imagine how it would feel:

 

[Field-Description2]

 
Please respond to each statement below regarding that purchase: - I feel the price of this item is too high  for what I get.","Product 2 / 3

 

Think about how it feels to purchase the following item. If you have never purchased this item, try to imagine how it would feel:

 

[Field-Description2]

 
Please respond to each statement below regarding that purchase: - This item is greatly overpriced.","Product 2 / 3

 

Think about how it feels to purchase the following item. If you have never purchased this item, try to imagine how it would feel:

 

[Field-Description2]

 
Please respond to each statement below regarding that purchase: - This item is a ripoff.","Product 2 / 3

 

Think about how it feels to purchase the following item. If you have never purchased this item, try to imagine how it would feel:

 

[Field-Description2]

 
Please respond to each statement below regarding that purchase: - This item is very expensive.","Product 2 / 3

 

Think about how it feels to purchase the following item. If you have never purchased this item, try to imagine how it would feel:

 

[Field-Description2]

 
Please respond to each statement below regarding that purchase: - This item is worth the price I'd pay for it.","Product 2 / 3

 

Think about how it feels to purchase the following item. If you have never purchased this item, try to imagine how it would feel:

 

[Field-Description2]

 
Please respond to each statement below regarding that purchase: - Cheaper versions of this product aren't very different from expensive ones.","Product 2 / 3

 

Think about how it feels to purchase the following item. If you have never purchased this item, try to imagine how it would feel:

 

[Field-Description2]

 
Please respond to each statement below regarding that purchase: - Purchasing this item would put a strain on my budget.","Product 2 / 3

 

Think about how it feels to purchase the following item. If you have never purchased this item, try to imagine how it would feel:

 

[Field-Description2]

 
Please respond to each statement below regarding that purchase: - One needs to be fairly wealthy to purchase this item.","Product 2 / 3

 

Think about how it feels to purchase the following item. If you have never purchased this item, try to imagine how it would feel:

 

[Field-Description2]

 
Please respond to each statement below regarding that purchase: - I only buy this when I have extra money to spare.","Product 2 / 3

 

Think about how it feels to purchase the following item. If you have never purchased this item, try to imagine how it would feel:

 

[Field-Description2]

 
Please respond to each statement below regarding that purchase: - This item helps me do other things I need/want to do.","Product 2 / 3

 

Think about how it feels to purchase the following item. If you have never purchased this item, try to imagine how it would feel:

 

[Field-Description2]

 
Please respond to each statement below regarding that purchase: - Without other items, this item is pretty much worthless.","Product 2 / 3

 

Think about how it feels to purchase the following item. If you have never purchased this item, try to imagine how it would feel:

 

[Field-Description2]

 
Please respond to each statement below regarding that purchase: - I only get value from this when I use it with other products.","Product 2 / 3

 

Think about how it feels to purchase the following item. If you have never purchased this item, try to imagine how it would feel:

 

[Field-Description2]

 
Please respond to each statement below regarding that purchase: - I would never buy this if it weren't required for something else.","Product 2 / 3

 

Think about how it feels to purchase the following item. If you have never purchased this item, try to imagine how it would feel:

 

[Field-Description2]

 
Please respond to each statement below regarding that purchase: - This feels like something that should come included with something else I already pay for.","Product 2 / 3

 

Think about how it feels to purchase the following item. If you have never purchased this item, try to imagine how it would feel:

 

[Field-Description2]

 
Please respond to each statement below regarding that purchase: - This is an unnecessary thing to buy.","Product 2 / 3

 

Think about how it feels to purchase the following item. If you have never purchased this item, try to imagine how it would feel:

 

[Field-Description2]

 
Please respond to each statement below regarding that purchase: - I feel like I have a choice of whether to buy this item.","Product 2 / 3

 

Think about how it feels to purchase the following item. If you have never purchased this item, try to imagine how it would feel:

 

[Field-Description2]

 
Please respond to each statement below regarding that purchase: - I have other options if I choose not to buy this thing.","Product 2 / 3

 

Think about how it feels to purchase the following item. If you have never purchased this item, try to imagine how it would feel:

 

[Field-Description2]

 
Please respond to each statement below regarding that purchase: - There aren't any real alternatives if I need this.","Product 2 / 3

 

Think about how it feels to purchase the following item. If you have never purchased this item, try to imagine how it would feel:

 

[Field-Description2]

 
Please respond to each statement below regarding that purchase: - If I don't purchase this, there will be significant negative consequences.","Product 2 / 3

 

Think about how it feels to purchase the following item. If you have never purchased this item, try to imagine how it would feel:

 

[Field-Description2]

 
Please respond to each statement below regarding that purchase: - I feel powerless when I have to purchase this.","Product 2 / 3

 

Think about how it feels to purchase the following item. If you have never purchased this item, try to imagine how it would feel:

 

[Field-Description2]

 
Please respond to each statement below regarding that purchase: - I can't really control when I have to buy this.","Product 2 / 3

 

Think about how it feels to purchase the following item. If you have never purchased this item, try to imagine how it would feel:

 

[Field-Description2]

 
Please respond to each statement below regarding that purchase: - I will make this purchase regularly.","Product 2 / 3

 

Think about how it feels to purchase the following item. If you have never purchased this item, try to imagine how it would feel:

 

[Field-Description2]

 
Please respond to each statement below regarding that purchase: - I will have to buy a similar thing in the near future.","Product 2 / 3

 

Think about how it feels to purchase the following item. If you have never purchased this item, try to imagine how it would feel:

 

[Field-Description2]

 
Please respond to each statement below regarding that purchase: - Every time I purchase one of these, it's pretty much the same.","Product 2 / 3

 

Think about how it feels to purchase the following item. If you have never purchased this item, try to imagine how it would feel:

 

[Field-Description2]

 
Please respond to each statement below regarding that purchase: - People typically receive a recurring bill for this item.","Product 2 / 3

 

Think about how it feels to purchase the following item. If you have never purchased this item, try to imagine how it would feel:

 

[Field-Description2]

 
Please respond to each statement below regarding that purchase: - I am very aware of when I am charged for this item or service.","Product 2 / 3

 

Think about how it feels to purchase the following item. If you have never purchased this item, try to imagine how it would feel:

 

[Field-Description2]

 
Please respond to each statement below regarding that purchase: - I always have to pay for this.","Product 2 / 3

 

Think about how it feels to purchase the following item. If you have never purchased this item, try to imagine how it would feel:

 

[Field-Description2]

 
Please respond to each statement below regarding that purchase: - I can hold or touch this item in my hands.","Product 2 / 3

 

Think about how it feels to purchase the following item. If you have never purchased this item, try to imagine how it would feel:

 

[Field-Description2]

 
Please respond to each statement below regarding that purchase: - This is a physical product.","Product 2 / 3

 

Think about how it feels to purchase the following item. If you have never purchased this item, try to imagine how it would feel:

 

[Field-Description2]

 
Please respond to each statement below regarding that purchase: - This is something I can physically keep.","Product 2 / 3

 

Think about how it feels to purchase the following item. If you have never purchased this item, try to imagine how it would feel:

 

[Field-Description2]

 
Please respond to each statement below regarding that purchase: - If I buy this product, I can use it over a long period of time.","Product 2 / 3

 

Think about how it feels to purchase the following item. If you have never purchased this item, try to imagine how it would feel:

 

[Field-Description2]

 
Please respond to each statement below regarding that purchase: - This product lasts a while.","Product 2 / 3

 

Think about how it feels to purchase the following item. If you have never purchased this item, try to imagine how it would feel:

 

[Field-Description2]

 
Please respond to each statement below regarding that purchase: - Buying this feels like making an investment.","Product 2 / 3

 

Think about how it feels to purchase the following item. If you have never purchased this item, try to imagine how it would feel:

 

[Field-Description2]

 
Please respond to each statement below regarding that purchase: - Most businesses give this away for free.","Product 2 / 3

 

Think about how it feels to purchase the following item. If you have never purchased this item, try to imagine how it would feel:

 

[Field-Description2]

 
Please respond to each statement below regarding that purchase: - People usually don't pay money for this.","Product 2 / 3

 

Think about how it feels to purchase the following item. If you have never purchased this item, try to imagine how it would feel:

 

[Field-Description2]

 
Please respond to each statement below regarding that purchase: - I expect this item to be free.","Product 2 / 3

 

Think about how it feels to purchase the following item. If you have never purchased this item, try to imagine how it would feel:

 

[Field-Description2]

 
Please respond to each statement below regarding that purchase: - This item feels like it should be free.","Product 2 / 3

 

Think about how it feels to purchase the following item. If you have never purchased this item, try to imagine how it would feel:

 

[Field-Description2]

 
Please respond to each statement below regarding that purchase: - No matter where I get this item, it will be roughly the same.","Product 2 / 3

 

Think about how it feels to purchase the following item. If you have never purchased this item, try to imagine how it would feel:

 

[Field-Description2]

 
Please respond to each statement below regarding that purchase: - There are many different styles/versions/types of this product.","Product 2 / 3

 

Think about how it feels to purchase the following item. If you have never purchased this item, try to imagine how it would feel:

 

[Field-Description2]

 
Please respond to each statement below regarding that purchase: - I'm not quite sure about what benefit this product will provide for me in the long-term.","Product 2 / 3

 

Think about how it feels to purchase the following item. If you have never purchased this item, try to imagine how it would feel:

 

[Field-Description2]

 
Please respond to each statement below regarding that purchase: - I'm not sure how much I will like this item before using it.","Product 2 / 3

 

Think about how it feels to purchase the following item. If you have never purchased this item, try to imagine how it would feel:

 

[Field-Description2]

 
Please respond to each statement below regarding that purchase: - I only learn about this item's quality after purchasing it.","Product 2 / 3

 

Think about how it feels to purchase the following item. If you have never purchased this item, try to imagine how it would feel:

 

[Field-Description2]

 
Please respond to each statement below regarding that purchase: - Paying for this will save me time.","Product 2 / 3

 

Think about how it feels to purchase the following item. If you have never purchased this item, try to imagine how it would feel:

 

[Field-Description2]

 
Please respond to each statement below regarding that purchase: - This purchase will make my life easier.","Product 2 / 3

 

Think about how it feels to purchase the following item. If you have never purchased this item, try to imagine how it would feel:

 

[Field-Description2]

 
Please respond to each statement below regarding that purchase: - Purchasing this will make my life more convenient.",Timing - First Click,Timing - Last Click,Timing - Page Submit,Timing - Click Count,How painful is it to purchase [Field-Description2]? - not at all painful:very painful,"On average, how much does a typical establishment charge for [Field-Description2]?",What do you believe is a fair price for [Field-Description2]?,To what degree do you like [Field-Description2]? - Not at all:Very much,How much value do you get from [Field-Description2]? - None:A whole lot,Have you purchased [Field-Description2] in the past six months?,Please respond truthfully to the items below. - Have you ever been bitten by an insect?,Please respond truthfully to the items below. - Have you ever been bitten by a dog?,Please respond truthfully to the items below. - Have you ever been bitten by a great white shark?,Please respond truthfully to the items below. - Have you ever suffered a fatal heart attack?,"Product 3 / 3

 

Think about how it feels to purchase the following item. If you have never purchased this item, try to imagine how it would feel:

 

[Field-Description3]

 
Please respond to each statement below regarding that purchase: - I feel the price of this item is too high  for what I get.","Product 3 / 3

 

Think about how it feels to purchase the following item. If you have never purchased this item, try to imagine how it would feel:

 

[Field-Description3]

 
Please respond to each statement below regarding that purchase: - This item is greatly overpriced.","Product 3 / 3

 

Think about how it feels to purchase the following item. If you have never purchased this item, try to imagine how it would feel:

 

[Field-Description3]

 
Please respond to each statement below regarding that purchase: - This item is a ripoff.","Product 3 / 3

 

Think about how it feels to purchase the following item. If you have never purchased this item, try to imagine how it would feel:

 

[Field-Description3]

 
Please respond to each statement below regarding that purchase: - This item is very expensive.","Product 3 / 3

 

Think about how it feels to purchase the following item. If you have never purchased this item, try to imagine how it would feel:

 

[Field-Description3]

 
Please respond to each statement below regarding that purchase: - This item is worth the price I'd pay for it.","Product 3 / 3

 

Think about how it feels to purchase the following item. If you have never purchased this item, try to imagine how it would feel:

 

[Field-Description3]

 
Please respond to each statement below regarding that purchase: - Cheaper versions of this product aren't very different from expensive ones.","Product 3 / 3

 

Think about how it feels to purchase the following item. If you have never purchased this item, try to imagine how it would feel:

 

[Field-Description3]

 
Please respond to each statement below regarding that purchase: - Purchasing this item would put a strain on my budget.","Product 3 / 3

 

Think about how it feels to purchase the following item. If you have never purchased this item, try to imagine how it would feel:

 

[Field-Description3]

 
Please respond to each statement below regarding that purchase: - One needs to be fairly wealthy to purchase this item.","Product 3 / 3

 

Think about how it feels to purchase the following item. If you have never purchased this item, try to imagine how it would feel:

 

[Field-Description3]

 
Please respond to each statement below regarding that purchase: - I only buy this when I have extra money to spare.","Product 3 / 3

 

Think about how it feels to purchase the following item. If you have never purchased this item, try to imagine how it would feel:

 

[Field-Description3]

 
Please respond to each statement below regarding that purchase: - This item helps me do other things I need/want to do.","Product 3 / 3

 

Think about how it feels to purchase the following item. If you have never purchased this item, try to imagine how it would feel:

 

[Field-Description3]

 
Please respond to each statement below regarding that purchase: - Without other items, this item is pretty much worthless.","Product 3 / 3

 

Think about how it feels to purchase the following item. If you have never purchased this item, try to imagine how it would feel:

 

[Field-Description3]

 
Please respond to each statement below regarding that purchase: - I only get value from this when I use it with other products.","Product 3 / 3

 

Think about how it feels to purchase the following item. If you have never purchased this item, try to imagine how it would feel:

 

[Field-Description3]

 
Please respond to each statement below regarding that purchase: - I would never buy this if it weren't required for something else.","Product 3 / 3

 

Think about how it feels to purchase the following item. If you have never purchased this item, try to imagine how it would feel:

 

[Field-Description3]

 
Please respond to each statement below regarding that purchase: - This feels like something that should come included with something else I already pay for.","Product 3 / 3

 

Think about how it feels to purchase the following item. If you have never purchased this item, try to imagine how it would feel:

 

[Field-Description3]

 
Please respond to each statement below regarding that purchase: - This is an unnecessary thing to buy.","Product 3 / 3

 

Think about how it feels to purchase the following item. If you have never purchased this item, try to imagine how it would feel:

 

[Field-Description3]

 
Please respond to each statement below regarding that purchase: - I feel like I have a choice of whether to buy this item.","Product 3 / 3

 

Think about how it feels to purchase the following item. If you have never purchased this item, try to imagine how it would feel:

 

[Field-Description3]

 
Please respond to each statement below regarding that purchase: - I have other options if I choose not to buy this thing.","Product 3 / 3

 

Think about how it feels to purchase the following item. If you have never purchased this item, try to imagine how it would feel:

 

[Field-Description3]

 
Please respond to each statement below regarding that purchase: - There aren't any real alternatives if I need this.","Product 3 / 3

 

Think about how it feels to purchase the following item. If you have never purchased this item, try to imagine how it would feel:

 

[Field-Description3]

 
Please respond to each statement below regarding that purchase: - If I don't purchase this, there will be significant negative consequences.","Product 3 / 3

 

Think about how it feels to purchase the following item. If you have never purchased this item, try to imagine how it would feel:

 

[Field-Description3]

 
Please respond to each statement below regarding that purchase: - I feel powerless when I have to purchase this.","Product 3 / 3

 

Think about how it feels to purchase the following item. If you have never purchased this item, try to imagine how it would feel:

 

[Field-Description3]

 
Please respond to each statement below regarding that purchase: - I can't really control when I have to buy this.","Product 3 / 3

 

Think about how it feels to purchase the following item. If you have never purchased this item, try to imagine how it would feel:

 

[Field-Description3]

 
Please respond to each statement below regarding that purchase: - I will make this purchase regularly.","Product 3 / 3

 

Think about how it feels to purchase the following item. If you have never purchased this item, try to imagine how it would feel:

 

[Field-Description3]

 
Please respond to each statement below regarding that purchase: - I will have to buy a similar thing in the near future.","Product 3 / 3

 

Think about how it feels to purchase the following item. If you have never purchased this item, try to imagine how it would feel:

 

[Field-Description3]

 
Please respond to each statement below regarding that purchase: - Every time I purchase one of these, it's pretty much the same.","Product 3 / 3

 

Think about how it feels to purchase the following item. If you have never purchased this item, try to imagine how it would feel:

 

[Field-Description3]

 
Please respond to each statement below regarding that purchase: - People typically receive a recurring bill for this item.","Product 3 / 3

 

Think about how it feels to purchase the following item. If you have never purchased this item, try to imagine how it would feel:

 

[Field-Description3]

 
Please respond to each statement below regarding that purchase: - I am very aware of when I am charged for this item or service.","Product 3 / 3

 

Think about how it feels to purchase the following item. If you have never purchased this item, try to imagine how it would feel:

 

[Field-Description3]

 
Please respond to each statement below regarding that purchase: - I always have to pay for this.","Product 3 / 3

 

Think about how it feels to purchase the following item. If you have never purchased this item, try to imagine how it would feel:

 

[Field-Description3]

 
Please respond to each statement below regarding that purchase: - I can hold or touch this item in my hands.","Product 3 / 3

 

Think about how it feels to purchase the following item. If you have never purchased this item, try to imagine how it would feel:

 

[Field-Description3]

 
Please respond to each statement below regarding that purchase: - This is a physical product.","Product 3 / 3

 

Think about how it feels to purchase the following item. If you have never purchased this item, try to imagine how it would feel:

 

[Field-Description3]

 
Please respond to each statement below regarding that purchase: - This is something I can physically keep.","Product 3 / 3

 

Think about how it feels to purchase the following item. If you have never purchased this item, try to imagine how it would feel:

 

[Field-Description3]

 
Please respond to each statement below regarding that purchase: - If I buy this product, I can use it over a long period of time.","Product 3 / 3

 

Think about how it feels to purchase the following item. If you have never purchased this item, try to imagine how it would feel:

 

[Field-Description3]

 
Please respond to each statement below regarding that purchase: - This product lasts a while.","Product 3 / 3

 

Think about how it feels to purchase the following item. If you have never purchased this item, try to imagine how it would feel:

 

[Field-Description3]

 
Please respond to each statement below regarding that purchase: - Buying this feels like making an investment.","Product 3 / 3

 

Think about how it feels to purchase the following item. If you have never purchased this item, try to imagine how it would feel:

 

[Field-Description3]

 
Please respond to each statement below regarding that purchase: - Most businesses give this away for free.","Product 3 / 3

 

Think about how it feels to purchase the following item. If you have never purchased this item, try to imagine how it would feel:

 

[Field-Description3]

 
Please respond to each statement below regarding that purchase: - People usually don't pay money for this.","Product 3 / 3

 

Think about how it feels to purchase the following item. If you have never purchased this item, try to imagine how it would feel:

 

[Field-Description3]

 
Please respond to each statement below regarding that purchase: - I expect this item to be free.","Product 3 / 3

 

Think about how it feels to purchase the following item. If you have never purchased this item, try to imagine how it would feel:

 

[Field-Description3]

 
Please respond to each statement below regarding that purchase: - This item feels like it should be free.","Product 3 / 3

 

Think about how it feels to purchase the following item. If you have never purchased this item, try to imagine how it would feel:

 

[Field-Description3]

 
Please respond to each statement below regarding that purchase: - No matter where I get this item, it will be roughly the same.","Product 3 / 3

 

Think about how it feels to purchase the following item. If you have never purchased this item, try to imagine how it would feel:

 

[Field-Description3]

 
Please respond to each statement below regarding that purchase: - There are many different styles/versions/types of this product.","Product 3 / 3

 

Think about how it feels to purchase the following item. If you have never purchased this item, try to imagine how it would feel:

 

[Field-Description3]

 
Please respond to each statement below regarding that purchase: - I'm not quite sure about what benefit this product will provide for me in the long-term.","Product 3 / 3

 

Think about how it feels to purchase the following item. If you have never purchased this item, try to imagine how it would feel:

 

[Field-Description3]

 
Please respond to each statement below regarding that purchase: - I'm not sure how much I will like this item before using it.","Product 3 / 3

 

Think about how it feels to purchase the following item. If you have never purchased this item, try to imagine how it would feel:

 

[Field-Description3]

 
Please respond to each statement below regarding that purchase: - I only learn about this item's quality after purchasing it.","Product 3 / 3

 

Think about how it feels to purchase the following item. If you have never purchased this item, try to imagine how it would feel:

 

[Field-Description3]

 
Please respond to each statement below regarding that purchase: - Paying for this will save me time.","Product 3 / 3

 

Think about how it feels to purchase the following item. If you have never purchased this item, try to imagine how it would feel:

 

[Field-Description3]

 
Please respond to each statement below regarding that purchase: - This purchase will make my life easier.","Product 3 / 3

 

Think about how it feels to purchase the following item. If you have never purchased this item, try to imagine how it would feel:

 

[Field-Description3]

 
Please respond to each statement below regarding that purchase: - Purchasing this will make my life more convenient.",Timing - First Click,Timing - Last Click,Timing - Page Submit,Timing - Click Count,How painful is it to purchase [Field-Description3]? - not at all painful:very painful,"On average, how much does a typical establishment charge for [Field-Description3]?",What do you believe is a fair price for [Field-Description3]?,To what degree do you like [Field-Description3]? - Not at all:Very much,How much value do you get from [Field-Description3]? - None:A whole lot,Have you purchased [Field-Description3] in the past six months?,How old are you?,What is your gender?,Please feel free to write any comments you may have about this survey.,mTurkCode,PROLIFIC_PID,STUDY_ID,SESSION_ID,Item,Description,Item2,Description2,Item3,Description3
"{""ImportId"":""startDate"",""timeZone"":""America/New_York""}","{""ImportId"":""endDate"",""timeZone"":""America/New_York""}","{""ImportId"":""status""}","{""ImportId"":""ipAddress""}","{""ImportId"":""progress""}","{""ImportId"":""duration""}","{""ImportId"":""finished""}","{""ImportId"":""recordedDate"",""timeZone"":""America/New_York""}","{""ImportId"":""_recordId""}","{""ImportId"":""recipientLastName""}","{""ImportId"":""recipientFirstName""}","{""ImportId"":""recipientEmail""}","{""ImportId"":""externalDataReference""}","{""ImportId"":""locationLatitude""}","{""ImportId"":""locationLongitude""}","{""ImportId"":""distributionChannel""}","{""ImportId"":""userLanguage""}","{""ImportId"":""QID115""}","{""ImportId"":""QID549""}","{""ImportId"":""QID551""}","{""ImportId"":""QID521_1""}","{""ImportId"":""QID521_2""}","{""ImportId"":""QID521_3""}","{""ImportId"":""QID521_4""}","{""ImportId"":""QID521_5""}","{""ImportId"":""QID521_6""}","{""ImportId"":""QID521_7""}","{""ImportId"":""QID521_8""}","{""ImportId"":""QID521_9""}","{""ImportId"":""QID521_10""}","{""ImportId"":""QID521_11""}","{""ImportId"":""QID521_12""}","{""ImportId"":""QID521_13""}","{""ImportId"":""QID521_14""}","{""ImportId"":""QID521_15""}","{""ImportId"":""QID521_16""}","{""ImportId"":""QID521_17""}","{""ImportId"":""QID521_18""}","{""ImportId"":""QID521_19""}","{""ImportId"":""QID521_20""}","{""ImportId"":""QID521_21""}","{""ImportId"":""QID521_22""}","{""ImportId"":""QID521_23""}","{""ImportId"":""QID521_24""}","{""ImportId"":""QID521_25""}","{""ImportId"":""QID521_26""}","{""ImportId"":""QID521_27""}","{""ImportId"":""QID521_28""}","{""ImportId"":""QID521_29""}","{""ImportId"":""QID521_30""}","{""ImportId"":""QID521_31""}","{""ImportId"":""QID521_32""}","{""ImportId"":""QID521_33""}","{""ImportId"":""QID521_34""}","{""ImportId"":""QID521_35""}","{""ImportId"":""QID521_36""}","{""ImportId"":""QID521_37""}","{""ImportId"":""QID521_38""}","{""ImportId"":""QID521_39""}","{""ImportId"":""QID521_40""}","{""ImportId"":""QID521_41""}","{""ImportId"":""QID521_42""}","{""ImportId"":""QID521_43""}","{""ImportId"":""QID521_44""}","{""ImportId"":""QID521_45""}","{""ImportId"":""QID528_FIRST_CLICK""}","{""ImportId"":""QID528_LAST_CLICK""}","{""ImportId"":""QID528_PAGE_SUBMIT""}","{""ImportId"":""QID528_CLICK_COUNT""}","{""ImportId"":""QID522_1""}","{""ImportId"":""QID525_TEXT""}","{""ImportId"":""QID555_TEXT""}","{""ImportId"":""QID523_8""}","{""ImportId"":""QID556_8""}","{""ImportId"":""QID524""}","{""ImportId"":""QID585_1""}","{""ImportId"":""QID585_2""}","{""ImportId"":""QID585_3""}","{""ImportId"":""QID585_4""}","{""ImportId"":""QID585_5""}","{""ImportId"":""QID585_6""}","{""ImportId"":""QID585_7""}","{""ImportId"":""QID585_8""}","{""ImportId"":""QID585_9""}","{""ImportId"":""QID585_10""}","{""ImportId"":""QID585_11""}","{""ImportId"":""QID585_12""}","{""ImportId"":""QID585_13""}","{""ImportId"":""QID585_14""}","{""ImportId"":""QID585_15""}","{""ImportId"":""QID585_16""}","{""ImportId"":""QID585_17""}","{""ImportId"":""QID585_18""}","{""ImportId"":""QID585_19""}","{""ImportId"":""QID585_20""}","{""ImportId"":""QID585_21""}","{""ImportId"":""QID585_22""}","{""ImportId"":""QID585_23""}","{""ImportId"":""QID585_24""}","{""ImportId"":""QID585_25""}","{""ImportId"":""QID585_26""}","{""ImportId"":""QID585_27""}","{""ImportId"":""QID585_28""}","{""ImportId"":""QID585_29""}","{""ImportId"":""QID585_30""}","{""ImportId"":""QID585_31""}","{""ImportId"":""QID585_32""}","{""ImportId"":""QID585_33""}","{""ImportId"":""QID585_34""}","{""ImportId"":""QID585_35""}","{""ImportId"":""QID585_36""}","{""ImportId"":""QID585_37""}","{""ImportId"":""QID585_38""}","{""ImportId"":""QID585_39""}","{""ImportId"":""QID585_40""}","{""ImportId"":""QID585_41""}","{""ImportId"":""QID585_42""}","{""ImportId"":""QID585_43""}","{""ImportId"":""QID585_44""}","{""ImportId"":""QID585_45""}","{""ImportId"":""QID586_FIRST_CLICK""}","{""ImportId"":""QID586_LAST_CLICK""}","{""ImportId"":""QID586_PAGE_SUBMIT""}","{""ImportId"":""QID586_CLICK_COUNT""}","{""ImportId"":""QID587_1""}","{""ImportId"":""QID589_TEXT""}","{""ImportId"":""QID590_TEXT""}","{""ImportId"":""QID591_8""}","{""ImportId"":""QID592_8""}","{""ImportId"":""QID593""}","{""ImportId"":""QID505_1""}","{""ImportId"":""QID505_2""}","{""ImportId"":""QID505_3""}","{""ImportId"":""QID505_4""}","{""ImportId"":""QID595_1""}","{""ImportId"":""QID595_2""}","{""ImportId"":""QID595_3""}","{""ImportId"":""QID595_4""}","{""ImportId"":""QID595_5""}","{""ImportId"":""QID595_6""}","{""ImportId"":""QID595_7""}","{""ImportId"":""QID595_8""}","{""ImportId"":""QID595_9""}","{""ImportId"":""QID595_10""}","{""ImportId"":""QID595_11""}","{""ImportId"":""QID595_12""}","{""ImportId"":""QID595_13""}","{""ImportId"":""QID595_14""}","{""ImportId"":""QID595_15""}","{""ImportId"":""QID595_16""}","{""ImportId"":""QID595_17""}","{""ImportId"":""QID595_18""}","{""ImportId"":""QID595_19""}","{""ImportId"":""QID595_20""}","{""ImportId"":""QID595_21""}","{""ImportId"":""QID595_22""}","{""ImportId"":""QID595_23""}","{""ImportId"":""QID595_24""}","{""ImportId"":""QID595_25""}","{""ImportId"":""QID595_26""}","{""ImportId"":""QID595_27""}","{""ImportId"":""QID595_28""}","{""ImportId"":""QID595_29""}","{""ImportId"":""QID595_30""}","{""ImportId"":""QID595_31""}","{""ImportId"":""QID595_32""}","{""ImportId"":""QID595_33""}","{""ImportId"":""QID595_34""}","{""ImportId"":""QID595_35""}","{""ImportId"":""QID595_36""}","{""ImportId"":""QID595_37""}","{""ImportId"":""QID595_38""}","{""ImportId"":""QID595_39""}","{""ImportId"":""QID595_40""}","{""ImportId"":""QID595_41""}","{""ImportId"":""QID595_42""}","{""ImportId"":""QID595_43""}","{""ImportId"":""QID595_44""}","{""ImportId"":""QID595_45""}","{""ImportId"":""QID596_FIRST_CLICK""}","{""ImportId"":""QID596_LAST_CLICK""}","{""ImportId"":""QID596_PAGE_SUBMIT""}","{""ImportId"":""QID596_CLICK_COUNT""}","{""ImportId"":""QID597_1""}","{""ImportId"":""QID599_TEXT""}","{""ImportId"":""QID600_TEXT""}","{""ImportId"":""QID601_8""}","{""ImportId"":""QID602_8""}","{""ImportId"":""QID603""}","{""ImportId"":""QID491_TEXT""}","{""ImportId"":""QID492""}","{""ImportId"":""QID553_TEXT""}","{""ImportId"":""mTurkCode""}","{""ImportId"":""PROLIFIC_PID""}","{""ImportId"":""STUDY_ID""}","{""ImportId"":""SESSION_ID""}","{""ImportId"":""Item""}","{""ImportId"":""Description""}","{""ImportId"":""Item2""}","{""ImportId"":""Description2""}","{""ImportId"":""Item3""}","{""ImportId"":""Description3""}"
2025-10-22 02:39:28,2025-10-22 02:40:41,1,,100,72,1,2025-10-22 02:40:41,R_1nTKEog4AN4Vmke,,,,,40.8,-73.9763,preview,EN,1,2,1,,,,,,,,,,,,,,,,,,,,,,,,,,,,,,,,,,,,,,,,,,,,,,0,0,5.321,0,,,,,,,,,,,,,,,,,,,,,,,,,,,,,,,,,,,,,,,,,,,,,,,,,,,,0,0,4.667,0,,,,,,,,,,,,,,,,,,,,,,,,,,,,,,,,,,,,,,,,,,,,,,,,,,,,,,,,0,0,3.916,0,,,,,,,,,,,,,,Netflix,a Netflix subscription,Bike,a bike,Bike share membership,a bike share membership
2025-10-23 11:16:53,2025-10-23 11:22:58,0,68.62.59.248,100,364,1,2025-10-23 11:22:58,R_5odDIdlPV5NsHLP,,,,,42.7367,-84.4758,anonymous,EN,1,2,1,4,3,2,4,2,5,1,1,4,1,1,1,1,2,6,6,6,1,1,1,1,2,1,4,1,5,6,5,3,1,1,1,1,1,1,1,1,6,6,1,5,5,1,2,1,5.492,110.498,111.949,45,1,40,20,4,3,1,1,1,1,1,5,1,1,1,1,1,1,1,1,1,4,6,2,3,1,1,1,6,6,1,7,6,6,1,1,1,6,6,1,1,1,1,1,1,3,1,1,1,3,3,5,3.119,62.109,63.667,46,1,10,10,6,6,1,1,0,0,0,1,1,1,2,5,1,1,1,4,1,1,1,1,1,4,6,6,1,1,1,1,5,6,1,1,5,4,5,6,5,6,5,1,1,1,1,1,1,7,1,6,6,1,1,1,3.327,61.762,62.701,47,1,60,60,7,7,1,42,1,,,5a28bf2b8766a40001900b24,68f93eda9d39995d2bc88d21,68fa46de6c4f8deca5b77e02,Bottle of wine,a bottle of wine,Netflix,a Netflix subscription,Physical video game,a physical video game
2025-10-23 11:16:16,2025-10-23 11:23:24,0,170.63.193.133,100,428,1,2025-10-23 11:23:25,R_3P4ZzZ9C5lghtfC,,,,,42.2555,-71.7719,anonymous,EN,1,2,1,6,7,5,7,4,5,6,6,7,1,1,1,7,1,7,7,7,2,1,1,1,1,1,2,1,7,1,7,7,7,7,7,1,1,1,1,1,2,6,6,2,1,1,1,1,6.576,112.952,114.045,46,5,800,500,1,1,0,2,1,1,1,5,3,1,1,1,7,1,1,1,3,2,7,2,1,1,1,1,3,2,7,6,6,4,1,1,1,7,7,3,1,1,1,1,6,3,2,6,5,6,6,6,5.939,109.13,109.927,51,2,50,50,1,1,0,1,0,0,0,1,1,1,1,4,4,1,1,1,2,1,1,7,1,1,7,7,1,1,1,1,7,7,7,1,2,4,7,7,7,5,6,1,1,1,1,1,6,7,1,1,6,1,1,1,3.692,102.18,102.728,51,1,6,6,3,5,1,39,1,,,5ae11f9709eae20001132c22,68f93eda9d39995d2bc88d21,68fa46bbae539ff415a86243,Luxury watch,a luxury watch,Bike share membership,a bike share membership,Shampoo,shampoo
2025-10-23 11:16:13,2025-10-23 11:24:21,0,184.153.84.1,100,488,1,2025-10-23 11:24:22,R_7rZKBXlRKV5p9m9,,,,,40.781,-73.9501,anonymous,EN,1,2,1,5,5,5,5,6,4,3,2,1,6,3,5,5,6,2,1,1,6,5,6,6,7,6,6,7,6,6,2,2,1,6,6,2,1,1,4,4,6,2,4,1,1,1,6,6,12.927,134.644,135.681,48,2,100,50,2,6,1,6,6,3,6,4,5,2,5,2,6,1,1,2,1,7,7,6,2,1,1,1,3,6,6,1,4,1,7,7,1,1,1,1,1,1,1,1,4,6,4,2,2,6,6,6,5.289,108.456,109.116,48,2,5,3,5,5,1,1,1,0,0,5,6,3,6,5,4,3,5,6,2,1,1,2,1,6,6,4,2,1,1,2,1,3,2,1,6,6,1,4,2,1,1,3,1,1,1,1,2,2,4,5,6,1,1,1,19.972,117.805,118.5,46,5,250,100,4,4,0,43,2,,,5e6033dbfb4665381e27f2fc,68f93eda9d39995d2bc88d21,68fa46b64e1f8d158bd9345d,Electricity bill,an electricity bill,Starbucks,Starbucks,Theme park ticket,a theme park ticket
2025-10-23 11:16:01,2025-10-23 11:24:28,0,132.147.144.111,100,506,1,2025-10-23 11:24:29,R_7g852g87nEukjuj,,,,,32.7519,-97.6858,anonymous,EN,1,2,1,5,6,1,4,4,2,6,1,4,7,1,4,1,4,4,7,7,1,1,1,4,1,1,7,1,7,1,7,7,7,7,7,7,1,1,1,1,7,5,1,1,1,4,4,4,6.994,145.082,146.138,46,6,1000,500,5,5,0,7,5,4,4,1,4,1,1,7,1,1,1,1,4,7,7,7,1,1,1,1,1,1,6,1,7,7,7,7,7,4,4,1,1,1,1,4,6,7,1,1,1,1,1,1,38.702,139.639,140.672,45,1,20,10,5,1,1,1,1,0,0,7,7,4,4,1,6,4,1,7,4,1,1,1,1,7,7,7,1,1,1,1,1,1,7,1,7,7,7,7,7,6,6,1,1,1,1,1,7,7,1,1,1,1,1,1,4.834,93.655,94.336,45,5,150,50,4,1,0,55,2,,,617323e630f3fa36361cb35b,68f93eda9d39995d2bc88d21,68fa46a9b8502cd9777a6d01,Laptop,a laptop,Perfume,perfume,Bike,a bike
2025-10-23 11:18:34,2025-10-23 11:24:47,0,75.149.19.197,100,372,1,2025-10-23 11:24:48,R_3VqMD2dxTMzMoXK,,,,,40.3356,-75.979,anonymous,EN,1,2,1,6,6,4,5,3,1,2,1,2,1,1,1,1,4,3,6,5,3,2,3,3,4,2,4,7,5,5,1,1,1,4,4,2,1,1,1,2,4,1,3,3,4,1,3,4,6.681,96.301,96.966,46,3,18,12,4,4,1,7,7,4,6,2,2,5,3,1,4,1,3,4,7,1,1,1,7,7,7,7,7,4,2,7,2,7,1,1,1,3,4,2,1,1,5,5,2,7,4,4,4,3,4,4,4.263,85.005,85.564,47,6,200,50,3,3,1,1,1,0,0,3,3,1,3,4,2,4,1,2,5,1,4,1,1,2,7,6,1,1,1,1,1,1,2,1,5,5,7,7,7,7,7,6,1,1,1,1,3,7,2,2,2,2,2,2,5.262,78.748,79.32,48,1,500,500,1,4,0,37,2,,,66439c3bab98bb0158f84946,68f93eda9d39995d2bc88d21,68fa47369dcb19292b483e8a,Netflix,a Netflix subscription,Health insurance,health insurance,Bike,a bike
2025-10-23 11:18:28,2025-10-23 11:24:59,0,170.115.248.20,100,391,1,2025-10-23 11:24:59,R_6Tia2U4nhrQQAcp,,,,,39.9943,-75.1181,anonymous,EN,1,2,1,3,3,2,3,3,4,3,1,6,1,2,4,1,1,5,7,7,1,1,1,1,2,1,3,1,7,7,7,6,2,1,1,1,1,1,1,1,4,3,3,3,3,1,1,2,5.678,106.528,107.604,48,2,50,45,4,3,0,6,5,5,7,2,1,5,7,7,2,1,2,1,1,6,7,7,1,1,1,1,1,3,1,1,7,7,7,7,7,4,4,4,1,1,1,1,1,7,3,5,3,2,1,1,6.442,69.832,71.027,50,5,300,200,4,3,0,1,0,0,0,4,4,3,5,4,2,4,3,4,7,4,6,1,1,2,7,7,1,2,2,3,4,3,1,1,7,7,7,7,7,7,6,4,1,1,1,1,1,7,1,4,4,7,7,7,5.323,76.923,77.778,52,3,1200,1200,6,7,0,35,1,,,6630dd028d96032f34c66827,68f93eda9d39995d2bc88d21,68fa472cf28776a842abc8fa,Theme park ticket,a theme park ticket,Perfume,perfume,Laptop,a laptop
2025-10-23 11:17:07,2025-10-23 11:25:07,0,104.190.123.23,100,479,1,2025-10-23 11:25:07,R_5oSzkeSQNia0zCl,,,,,43.0488,-88.0819,anonymous,EN,1,2,1,5,1,1,2,5,3,1,1,1,7,1,1,1,1,1,6,6,1,1,1,4,1,5,5,1,7,1,1,1,1,1,3,1,1,1,1,1,5,5,4,3,5,7,7,7,3.562,97.614,98.195,67,1,10,10,4,4,0,7,7,7,7,4,4,7,5,6,7,4,6,1,1,7,6,7,1,1,1,1,5,7,7,7,7,4,7,7,5,1,4,4,1,1,1,1,5,7,7,7,7,7,7,7,15.414,126.132,126.884,86,1,50,15,2,3,0,1,0,0,0,4,4,4,2,4,4,1,4,6,1,1,1,4,7,3,7,7,1,4,5,1,7,7,7,7,7,7,1,1,1,7,7,7,1,1,1,1,7,7,5,5,5,4,4,4,2.032,88.427,89.244,68,1,45,30,4,4,1,29,2,,,5c3314c6f28f2600010e4e83,68f93eda9d39995d2bc88d21,68fa46ec74befda99dfe01e8,Uber or Lyft,Uber or Lyft,Meal kit subscription,a meal kit subscription,Life insurance,life insurance
2025-10-23 11:16:36,2025-10-23 11:25:12,0,73.16.115.61,100,515,1,2025-10-23 11:25:12,R_3gISXfQwT84EQxO,,,,,42.9827,-70.9472,anonymous,EN,1,2,1,6,6,4,5,2,3,3,4,5,3,1,1,1,1,6,7,7,2,1,1,1,2,1,2,1,4,7,7,7,7,6,6,1,1,1,1,2,2,7,3,4,2,1,1,1,18.353,144.872,145.695,50,1,60,25,1,2,0,3,5,3,5,4,1,5,3,5,6,1,1,5,4,1,7,5,4,2,1,3,1,1,1,1,6,6,1,1,1,1,4,5,2,7,1,1,1,5,6,5,6,3,4,5,3.636,114.123,114.968,49,2,500,500,5,6,0,1,1,0,0,6,6,6,4,2,2,2,2,5,4,2,4,1,2,6,7,7,1,1,1,1,6,1,2,7,4,1,1,1,1,6,2,1,2,1,1,2,6,2,5,5,5,1,1,2,4.708,120.602,121.328,49,1,20,10,3,4,0,56,1,,,65c0ed76e2e195876cfd9b74,68f93eda9d39995d2bc88d21,68fa46c5657de2c3b766e86f,Perfume,perfume,Online course,a online course,Netflix,a Netflix subscription
2025-10-23 11:16:41,2025-10-23 11:25:14,0,174.58.233.115,100,513,1,2025-10-23 11:25:15,R_51zAbEoRnFQfGXE,,,,,29.1254,-82.0076,anonymous,EN,1,2,1,7,7,7,7,4,5,7,6,7,2,7,7,1,1,7,7,7,1,1,1,1,1,5,5,1,7,7,7,7,7,7,5,7,1,1,1,1,7,7,7,1,4,1,1,1,13.915,157.154,158.308,45,7,785,200,5,3,0,2,5,1,4,6,1,4,1,7,3,6,6,2,7,7,1,5,1,1,1,1,3,7,3,1,6,6,7,7,7,5,5,6,1,1,1,1,6,7,1,7,6,1,2,2,6.44,96.837,97.808,46,5,55,20,6,6,1,1,0,0,0,3,6,1,1,4,6,1,1,6,6,1,2,1,7,7,6,5,3,1,1,1,1,5,5,1,7,7,1,1,1,1,2,5,5,1,3,5,5,7,7,7,7,3,3,5,5.04,96.537,97.709,46,3,20,5,5,6,0,48,2,"I haven't purchased an online class, but I have done a few of the harvard free classes",,5dbc46b70338051eb7999760,68f93eda9d39995d2bc88d21,68fa46cc4a9b294f12ae96b2,Designer handbag,a designer handbag,Physical video game,a physical video game,Online course,a online course
2025-10-23 11:15:48,2025-10-23 11:25:15,0,100.2.65.244,100,566,1,2025-10-23 11:25:15,R_7l5F7Za2GJiQuX9,,,,,40.7279,-73.5118,anonymous,EN,1,2,1,1,1,1,1,6,5,1,1,1,7,1,1,6,1,1,6,5,2,1,1,5,6,6,7,2,7,7,6,2,1,1,4,1,1,1,1,4,7,2,1,1,2,7,6,6,1.482,117.289,118.085,82,1,3,3,6,6,1,5,4,1,1,4,2,1,1,1,3,1,1,1,1,4,7,6,1,1,1,1,2,5,7,1,6,7,7,6,1,1,1,1,1,1,1,1,7,6,1,1,2,6,6,6,2.056,86.893,87.33,67,2,10,7,5,3,1,1,1,0,0,2,2,1,2,6,3,4,2,5,7,1,1,2,1,1,7,5,2,4,1,1,6,6,7,7,7,6,1,1,1,7,6,7,1,1,1,1,7,7,1,1,5,5,6,7,0.963,85.857,86.388,71,5,25,25,5,6,0,42,1,,,6630fcae418bde6a9e7c3b47,68f93eda9d39995d2bc88d21,68fa469ffe48666b07f741c0,Public transit pass,a public transit pass,Fast food meal,a fast food meal,Gym membership,a gym membership
2025-10-23 11:15:45,2025-10-23 11:25:19,0,209.143.28.123,100,573,1,2025-10-23 11:25:20,R_6Hc6xzO8dhk8paq,,,,,41.3878,-84.1416,anonymous,EN,1,2,1,2,2,2,2,5,5,2,2,5,5,5,5,2,3,5,6,5,2,2,2,2,4,4,4,2,5,4,2,2,3,6,6,3,2,2,3,3,5,3,2,3,4,4,4,4,60.62,193.851,194.745,45,2,10,10,3,4,0,4,4,3,4,4,4,3,4,5,5,5,5,4,1,5,6,5,3,2,2,2,4,4,4,6,5,6,6,6,3,4,3,3,1,1,1,1,4,5,3,5,6,5,6,6,11.192,121.207,121.854,47,4,100,70,5,5,0,1,0,0,0,5,5,4,4,4,4,4,2,4,4,2,2,4,1,5,6,5,3,1,2,2,4,5,5,2,6,6,6,6,2,2,2,2,1,1,1,1,4,5,6,3,5,5,5,6,6.158,126.941,127.651,47,4,10,7,4,4,1,48,1,,,5eb29a3db97d6b0008d24a1a,68f93eda9d39995d2bc88d21,68fa469a6d96088082bf9673,Digital book,a digital book,Meal kit subscription,a meal kit subscription,Fast food meal,a fast food meal
2025-10-23 11:15:49,2025-10-23 11:25:20,0,98.218.25.37,100,570,1,2025-10-23 11:25:21,R_7gOLBQZdgTonDTn,,,,,38.7911,-77.5264,anonymous,EN,1,2,1,6,7,5,6,2,6,6,6,5,5,1,2,1,1,3,7,7,1,1,5,1,7,7,6,7,7,1,1,1,1,2,1,5,1,1,1,1,5,5,1,7,7,1,4,4,8.402,164.482,165.634,48,7,40,20,1,4,0,5,4,1,6,6,7,2,4,1,7,1,1,7,1,1,4,4,4,6,1,5,1,1,6,1,7,7,7,7,7,7,7,7,1,5,1,1,7,4,1,1,1,5,6,6,6.94,136.71,138.288,49,5,50,25,7,7,0,1,1,0,0,7,5,3,6,4,4,4,3,7,1,7,7,1,1,7,7,7,1,1,1,1,4,1,2,1,7,1,7,7,7,7,6,1,1,1,1,1,7,7,1,5,6,1,1,1,5.581,123.323,124.485,46,5,70,50,7,4,1,53,1,none,,5e0b388b15ef4037cebdecc9,68f93eda9d39995d2bc88d21,68fa469df11ab143e0645e12,Gym membership,a gym membership,Textbook,a textbook,Physical video game,a physical video game
2025-10-23 11:16:01,2025-10-23 11:25:22,0,174.167.124.24,100,561,1,2025-10-23 11:25:22,R_3hzhBwxboveJeGP,,,,,40.3869,-74.5558,anonymous,EN,1,2,1,5,6,2,7,1,4,2,1,7,1,1,1,6,1,5,7,7,6,1,1,1,1,1,6,1,7,1,5,6,5,1,1,1,6,1,1,1,3,6,6,4,2,1,1,1,6.454,175.871,177.158,47,7,60,20,1,1,0,1,2,2,3,1,7,1,2,1,1,1,1,7,1,7,7,7,4,1,1,1,1,1,7,1,7,1,7,7,7,7,7,1,5,1,1,1,7,7,1,3,7,1,1,1,3.724,106.841,107.675,45,4,25,25,1,1,0,1,1,0,0,2,1,2,2,5,2,3,1,6,7,1,1,7,1,2,7,7,1,1,1,5,3,6,5,1,7,5,4,4,1,1,1,1,1,1,1,1,7,7,2,6,1,7,7,7,3.46,140.328,141.857,48,1,20,20,6,6,1,45,1,,,5c1a73c66b34360001ae4d30,68f93eda9d39995d2bc88d21,68fa46a92158d491ac460b44,Concert ticket,a concert ticket,Bottle of wine,a bottle of wine,Uber or Lyft,Uber or Lyft
2025-10-23 11:18:31,2025-10-23 11:25:25,0,128.148.207.79,100,413,1,2025-10-23 11:25:26,R_6bVrDSM2pKu5vuX,,,,,41.8268,-71.4142,anonymous,EN,1,2,1,7,7,6,6,1,1,5,1,1,7,1,2,7,6,2,2,6,4,6,6,6,1,1,1,1,6,2,7,7,6,3,6,4,1,1,4,6,7,1,1,7,6,1,4,3,4.825,103.575,105.398,65,6,150,60,2,6,0,4,1,2,1,1,6,1,1,1,6,1,1,2,4,1,7,6,1,1,2,5,2,6,6,3,7,1,1,1,1,3,1,1,5,6,7,7,7,1,6,1,1,7,7,7,4.939,95.023,96.244,58,4,5,4,4,5,1,1,0,0,0,1,4,1,2,6,4,1,1,6,1,1,1,1,1,6,7,1,4,1,1,1,5,2,5,1,7,1,7,7,4,1,2,1,1,1,1,1,7,7,4,6,7,1,1,1,4.208,99.553,99.825,65,1,20,18,7,4,1,26,2,,,5ec54eefe89daa4ce7b3a4ef,68f93eda9d39995d2bc88d21,68fa473f5e1881a48358d256,Textbook,a textbook,Parking,parking,Bottle of wine,a bottle of wine
2025-10-23 11:16:33,2025-10-23 11:25:35,0,173.27.156.49,100,541,1,2025-10-23 11:25:36,R_3n75bewgDiXQQyA,,,,,41.8528,-90.2071,anonymous,EN,1,2,1,3,4,2,5,4,3,3,4,3,3,3,3,3,5,2,3,2,6,7,3,4,6,2,4,6,4,6,2,1,1,6,5,6,6,2,2,4,3,7,2,2,5,3,4,3,12.6,150.509,156.571,45,4,1500,500,4,4,0,2,5,2,6,7,2,2,5,6,2,2,2,2,2,4,7,2,6,2,2,2,4,4,3,2,6,6,4,2,2,2,2,2,2,2,2,2,2,6,2,2,6,4,3,2,7.446,113.694,115.14,45,3,150,100,7,6,1,1,0,0,0,4,5,2,7,6,5,2,6,7,4,3,3,2,2,4,7,6,2,2,2,2,2,2,3,2,7,7,7,7,7,7,7,6,1,2,2,2,2,7,2,4,6,2,4,3,6.864,107.001,108.63,45,4,800,250,5,4,0,69,2,,,62348c41368404b2ade8312b,68f93eda9d39995d2bc88d21,68fa46c722b7025c91d09c15,Life insurance,life insurance,Concert ticket,a concert ticket,Designer handbag,a designer handbag
2025-10-23 11:16:14,2025-10-23 11:25:51,0,172.58.48.40,100,576,1,2025-10-23 11:25:51,R_5od3OlXqFUpiAS5,,,,,29.7212,-95.3626,anonymous,EN,1,2,1,1,3,1,1,5,6,1,1,1,4,1,1,4,1,1,7,1,5,1,1,5,7,1,4,1,7,7,7,7,7,7,6,1,1,1,1,1,4,7,1,1,4,1,1,1,12.216,162.952,164.128,47,1,50,25,7,5,0,7,6,5,7,4,4,7,4,7,7,5,1,1,1,6,7,1,7,1,1,6,1,1,7,1,7,7,6,7,1,1,1,4,1,1,1,1,7,4,7,1,7,1,1,1,17.917,132.345,133.233,46,1,100,50,1,1,0,1,1,0,0,7,7,7,7,5,1,7,7,7,1,1,1,7,1,7,7,7,1,1,1,1,1,1,3,1,7,7,7,7,7,7,7,7,1,1,1,1,7,7,7,1,3,1,1,1,7.588,104.189,105.421,45,1,10000,2000,1,1,0,67,1,,,677d8ca02a50ccdc47145568,68f93eda9d39995d2bc88d21,68fa46ad2d93828e990ee944,Pair of sneakers,a pair of sneakers,Concert ticket,a concert ticket,Luxury watch,a luxury watch
2025-10-23 11:15:55,2025-10-23 11:25:53,0,98.122.138.126,100,597,1,2025-10-23 11:25:53,R_7fwlUy1aTd9uvuh,,,,,34.3789,-80.0831,anonymous,EN,1,1,1,4,4,3,4,5,4,4,1,4,7,1,2,4,4,2,6,6,2,1,1,4,2,2,3,7,7,7,1,1,1,6,6,6,4,3,3,3,4,7,3,4,4,6,5,6,6.781,141.549,142.29,64,4,200,200,2,5,0,1,2,1,1,5,2,1,1,2,7,2,6,5,1,1,5,5,3,3,1,3,5,6,7,1,7,7,7,4,5,1,1,1,1,1,1,3,5,4,2,2,3,6,6,7,3.053,113.341,114.482,66,1,50,40,5,6,0,1,0,0,0,5,7,7,2,3,5,1,1,2,7,4,7,7,7,7,2,7,5,3,6,7,3,6,7,1,6,4,1,1,1,1,4,1,6,7,7,7,6,7,5,4,4,7,6,7,6.991,110.55,111.17,62,5,30,10,3,4,0,30,2,,,5d5618b69cd0f20015e1ab0d,68f93eda9d39995d2bc88d21,68fa46a3110ced5ba3deb1e9,Online course,a online course,Public transit pass,a public transit pass,Parking,parking
2025-10-23 11:16:07,2025-10-23 11:25:58,0,74.209.54.15,100,590,1,2025-10-23 11:25:58,R_7Lomd1smHmWXzwM,,,,,46.942,-122.606,anonymous,EN,1,2,1,4,4,2,4,5,4,3,2,5,6,3,2,4,2,4,6,5,2,2,2,2,4,3,5,6,6,6,6,6,4,6,6,5,2,2,2,3,3,6,5,6,6,6,5,6,10.667,180.894,181.737,50,2,25,25,1,4,0,6,6,4,5,4,3,5,4,3,4,4,4,2,2,3,6,4,5,4,4,3,6,2,5,6,6,6,2,4,6,6,5,2,1,2,2,2,2,6,6,5,3,2,4,4,9.39,130.782,131.552,47,5,1000,750,1,4,0,1,1,0,0,7,6,6,4,2,3,3,2,4,1,1,4,6,1,7,7,7,2,1,1,1,1,1,4,1,7,7,7,7,6,4,4,1,1,1,1,1,3,7,7,7,6,1,1,1,6.178,129.345,130.169,46,4,35,15,1,1,0,67,2,,,5c1021a547d07800011a23de,68f93eda9d39995d2bc88d21,68fa46afeb3e9be7f2b90d78,Bike share membership,a bike share membership,Rent,rent,Perfume,perfume
2025-10-23 11:18:54,2025-10-23 11:25:58,0,12.221.62.83,100,423,1,2025-10-23 11:25:59,R_3hP7U5TXOFz6jXr,,,,,29.7959,-95.4973,anonymous,EN,1,2,1,2,2,2,2,6,1,2,1,2,6,2,2,2,2,2,6,7,2,3,1,2,6,1,2,7,5,3,2,1,1,3,2,2,2,1,1,1,3,2,1,2,3,5,2,6,3.661,106.349,108.091,51,1,50,50,7,7,1,1,1,1,1,7,4,1,1,6,6,7,2,1,1,1,6,6,1,1,1,1,7,2,1,7,6,5,1,1,6,7,4,7,1,1,1,1,6,6,1,2,2,4,3,6,3.649,104.163,104.975,54,1,25,25,7,7,1,1,1,0,0,2,6,6,1,2,3,1,1,1,6,7,7,6,6,2,6,1,6,6,6,2,5,6,7,6,6,4,1,1,1,6,1,2,6,1,1,7,1,1,6,6,1,6,5,6,3.152,104.831,105.516,55,6,20,5,2,4,1,39,1,,,5bab56483b5e93000195a1af,68f93eda9d39995d2bc88d21,68fa47220aaca345b06f7aad,Gym membership,a gym membership,Netflix,a Netflix subscription,Parking,parking
2025-10-23 11:18:52,2025-10-23 11:26:06,0,174.224.10.255,100,433,1,2025-10-23 11:26:06,R_7sNfqy1YWv2saLD,,,,,32.9247,-96.8917,anonymous,EN,1,2,1,2,3,1,1,5,3,1,1,2,2,1,1,1,1,6,7,7,1,1,1,1,5,3,5,1,6,6,7,7,1,1,1,1,1,1,1,2,6,3,1,2,2,6,6,6,12.125,126.891,127.6,47,1,7,7,6,4,1,4,6,2,3,5,2,5,4,3,4,1,4,1,4,1,6,6,2,3,2,1,2,1,4,6,5,1,1,1,1,5,5,4,1,1,1,1,1,5,2,3,3,1,3,3,15.369,101.472,102.231,49,5,50,20,5,4,0,1,0,0,0,5,5,2,6,4,6,2,6,3,4,4,2,2,2,5,6,7,2,1,2,2,1,1,2,2,5,4,5,4,1,5,1,5,1,1,1,1,2,3,6,6,5,6,6,5,7.111,87.879,88.539,47,4,80,40,4,5,0,29,2,,,667041824bfac26003bcc3cd,68f93eda9d39995d2bc88d21,68fa4754fc21d9fad6a5182d,Fast food meal,a fast food meal,Gym membership,a gym membership,Meal kit subscription,a meal kit subscription
2025-10-23 11:18:16,2025-10-23 11:26:07,0,172.58.120.201,100,471,1,2025-10-23 11:26:07,R_3hX7kUgoh4Qgdab,,,,,42.4248,-83.1951,anonymous,EN,1,2,1,7,7,7,7,2,7,5,5,6,3,7,7,5,7,7,5,6,3,1,5,5,3,5,6,2,7,1,5,7,6,6,5,3,3,3,2,2,1,6,6,7,7,1,1,2,11.543,125.707,126.885,47,7,60,20,7,3,1,5,2,1,1,4,4,1,2,5,1,1,1,3,1,5,7,7,1,1,1,3,2,5,5,1,5,1,6,7,3,1,3,1,1,1,1,1,5,7,7,5,5,1,1,2,5.36,104.379,105.37,45,2,15,10,5,3,1,1,0,0,0,4,4,4,5,4,3,4,3,5,5,4,4,4,1,4,6,5,2,1,1,1,1,1,1,4,5,1,1,1,1,3,4,5,3,3,3,4,1,7,7,5,6,1,4,5,5.872,99.96,100.787,45,5,100,25,5,5,0,46,2,,,66293da691cec8862619b1dc,68f93eda9d39995d2bc88d21,68fa472d0e7e14adf35b5741,Physical video game,a physical video game,Bottle of wine,a bottle of wine,Online course,a online course
2025-10-23 11:15:56,2025-10-23 11:26:07,0,74.74.203.104,100,610,1,2025-10-23 11:26:08,R_3PjOmgRvA6o4ZLr,,,,,42.7009,-73.1087,anonymous,EN,1,2,1,3,2,1,4,7,1,3,2,5,4,1,1,1,1,5,7,5,5,1,1,1,1,2,4,1,7,7,7,7,7,7,7,6,1,1,1,1,5,6,1,2,3,2,5,4,8.181,151.853,153.373,46,3,250,250,7,6,0,7,7,7,7,1,1,7,7,7,1,1,1,7,1,7,7,7,4,2,1,1,1,1,2,1,7,7,7,7,7,7,7,6,1,1,1,1,6,7,7,3,2,1,1,2,9.527,134.351,135.846,46,7,1000,200,2,1,0,1,0,0,0,3,5,1,6,5,1,6,4,1,7,2,1,2,1,2,5,3,4,5,4,4,7,1,2,7,7,1,1,1,1,7,7,7,1,1,1,1,1,7,1,1,3,3,7,7,13.912,148.112,149.751,50,7,350,300,1,5,0,58,2,,,6276d97e209059496d37bf74,68f93eda9d39995d2bc88d21,68fa46a5235a97e8c1d1ab81,Bike,a bike,Designer handbag,a designer handbag,Monthly car payment,monthly car payment
2025-10-23 11:16:12,2025-10-23 11:26:10,0,216.103.158.104,100,597,1,2025-10-23 11:26:11,R_7Dr748d15lCVFrb,,,,,39.0462,-77.1195,anonymous,EN,1,2,1,1,7,1,1,1,7,1,1,1,1,1,1,1,1,7,1,7,1,1,7,2,1,1,7,1,1,1,7,7,7,1,1,1,1,1,1,1,7,1,1,1,6,1,1,1,119.665,211.359,212.05,140,1,90,50,5,5,0,7,1,1,7,1,1,7,1,1,1,1,7,1,7,7,1,1,7,7,1,1,1,1,7,7,7,1,1,1,1,1,1,7,1,1,1,1,1,1,2,1,1,1,7,1,1.752,78.424,79.267,132,5,150,75,1,5,1,1,0,0,0,7,7,7,7,1,1,1,1,1,1,1,1,1,1,1,1,1,1,7,7,1,7,7,1,1,1,1,7,7,7,1,1,1,1,1,1,1,1,1,1,1,1,1,1,1,1.188,104.165,105.15,171,5,200,75,1,3,0,34,1,,,5e27868c5cbbcc0b3599574b,68f93eda9d39995d2bc88d21,68fa46b1bce6b57662a9c2d6,Theme park ticket,a theme park ticket,Electricity bill,an electricity bill,Textbook,a textbook
2025-10-23 11:18:51,2025-10-23 11:26:12,0,67.171.189.109,100,441,1,2025-10-23 11:26:13,R_5MYUqpJcMrB8WJo,,,,,45.4805,-122.6363,anonymous,EN,1,2,1,5,5,5,5,4,6,2,2,5,7,3,2,5,2,5,7,6,2,3,5,1,1,3,5,2,6,1,3,3,2,2,2,2,2,1,1,2,5,3,2,5,6,6,7,7,0,0,132.228,0,4,35,20,4,5,0,3,3,3,3,5,3,2,1,7,7,7,7,3,2,4,7,7,3,1,1,1,1,2,4,1,7,1,7,7,7,2,3,2,3,1,1,2,4,7,2,5,6,2,3,2,0,0,109.538,0,2,50,50,5,5,0,1,1,0,0,5,4,5,3,3,5,2,2,7,7,7,7,6,5,5,7,7,3,1,1,1,1,2,5,1,7,1,7,7,7,6,6,5,2,3,1,5,5,7,2,6,7,2,2,4,0,0,96.143,0,3,25,20,4,5,0,29,2,,,605fbc12c61d8d10250f6e51,68f93eda9d39995d2bc88d21,68fa475445ec6557e6485613,Uber or Lyft,Uber or Lyft,Theme park ticket,a theme park ticket,Physical video game,a physical video game
2025-10-23 11:15:51,2025-10-23 11:26:14,0,96.255.18.63,100,622,1,2025-10-23 11:26:15,R_7FDRX8PL4k2GPLc,,,,,39.1063,-76.866,anonymous,EN,1,2,1,2,2,2,1,4,5,1,1,1,1,1,1,1,3,1,7,2,6,2,1,2,6,6,6,1,7,7,7,7,7,6,5,1,1,1,2,4,3,7,1,3,5,1,2,2,9.2,178.587,180.293,49,1,10,10,5,5,1,5,4,2,2,4,3,1,1,3,2,7,7,7,5,3,7,6,3,1,1,1,5,4,7,7,7,1,1,1,1,7,7,1,1,1,2,4,7,5,1,2,1,1,4,5,6.471,137.86,138.901,48,1,16.99,8,6,6,1,1,0,0,0,2,3,1,5,5,1,2,2,5,1,1,1,1,1,2,7,3,7,1,1,3,2,1,2,1,7,7,4,4,4,1,1,1,1,1,1,1,6,7,1,5,1,1,1,1,5.5,135.292,136.752,49,2,40,40,7,7,1,30,1,,,57dab7f721d77800018e42fe,68f93eda9d39995d2bc88d21,68fa46a4548fa32c95102c16,Shampoo,shampoo,Netflix,a Netflix subscription,Concert ticket,a concert ticket
2025-10-23 11:18:18,2025-10-23 11:26:15,0,139.102.144.100,100,477,1,2025-10-23 11:26:16,R_3sjEwlf6h3zRzLE,,,,,39.4642,-87.3531,anonymous,EN,1,2,1,6,5,3,5,4,2,2,1,1,1,1,1,1,7,2,7,1,6,5,1,6,2,2,2,2,3,2,1,1,1,1,4,6,5,1,2,7,4,7,3,2,2,1,4,1,10.57,126.884,127.961,46,2,500,25,5,5,0,1,1,1,1,6,5,1,1,5,5,1,1,1,1,5,7,7,4,1,1,1,1,2,5,1,6,4,7,7,7,7,7,5,1,2,1,2,3,7,1,6,5,1,4,2,5.716,105.485,106.333,45,2,100,100,5,6,0,1,1,0,0,7,6,6,5,5,1,1,1,1,7,1,1,7,6,1,2,1,6,6,5,7,4,5,3,1,6,6,7,7,7,6,7,4,1,1,2,6,7,6,1,7,5,1,5,1,4.439,104.455,105.55,46,5,100,25,4,6,0,41,2,,,5dddb4071e70dad3885f1601,68f93eda9d39995d2bc88d21,68fa473298472e23df42bc5e,Life insurance,life insurance,Bike,a bike,Textbook,a textbook
2025-10-23 11:15:58,2025-10-23 11:26:21,0,162.219.113.166,100,622,1,2025-10-23 11:26:21,R_3pSRHbVWZ24b96h,,,,,35.9546,-91.5447,anonymous,EN,1,2,1,5,6,5,5,4,2,3,3,4,3,1,2,3,4,6,7,4,2,1,1,1,3,2,5,1,7,1,2,4,1,1,1,1,1,1,1,1,3,6,6,3,5,1,5,6,12.631,161.326,162.39,48,5,250,180,5,4,1,6,6,5,4,4,2,5,1,5,1,1,1,2,2,4,7,6,2,3,1,1,1,1,2,7,7,6,1,1,4,3,5,7,1,7,1,1,3,4,6,2,2,1,1,2,11.943,146.01,147.168,54,6,250,50,4,3,0,1,0,0,0,4,3,3,4,4,4,4,1,2,7,3,3,4,3,5,6,5,1,1,1,1,3,3,5,3,7,5,7,7,7,6,7,5,1,1,1,1,6,6,2,2,4,2,6,6,11.959,131.387,132.342,48,2,550,250,6,7,0,65,2,,,5de5538f8fde1c4dbc951498,68f93eda9d39995d2bc88d21,68fa46a6a89eaea4b2e8a114,Luxury hotel stay,a luxury hotel stay,Life insurance,life insurance,Laptop,a laptop
2025-10-23 11:16:37,2025-10-23 11:26:26,0,67.167.162.147,100,589,1,2025-10-23 11:26:27,R_3MSij6SyB4d5XT9,,,,,41.8993,-84.0402,anonymous,EN,1,2,1,6,7,6,7,2,7,1,6,6,2,7,6,7,1,7,7,7,6,1,1,1,1,1,1,1,7,7,7,7,7,2,7,1,1,1,1,1,2,7,7,4,1,1,5,1,18.899,182.323,183.998,62,6,2800,400,1,1,0,7,7,7,7,2,2,5,5,1,7,1,1,7,7,1,2,5,5,7,7,6,6,1,2,7,5,6,1,1,1,7,3,7,1,1,7,7,3,6,1,1,5,2,7,7,10.379,127.461,128.076,64,5,200,40,5,5,1,1,1,0,0,7,7,7,7,1,5,4,6,6,1,1,1,7,1,7,7,7,1,1,1,1,1,1,4,1,7,7,7,7,7,7,7,7,1,1,1,1,2,7,2,1,1,1,1,3,4.334,105.432,106.357,58,6,2200,500,5,5,0,33,1,N/A,,66a6bbb40b48d0e4f326767e,68f93eda9d39995d2bc88d21,68fa46cbeb3e9be7f2b90d7b,Designer handbag,a designer handbag,Health insurance,health insurance,Luxury watch,a luxury watch
2025-10-23 11:16:39,2025-10-23 11:26:29,0,107.205.33.252,100,589,1,2025-10-23 11:26:30,R_3N7Zo67NKbdl7Ne,,,,,40.0536,-83.0115,anonymous,EN,1,2,1,7,7,7,5,1,7,4,1,1,6,7,6,7,4,2,1,1,7,7,7,7,6,6,6,1,7,7,1,1,1,1,1,1,1,5,2,7,7,1,4,1,1,6,4,7,11.67,152.908,153.801,48,6,7,0.50,1,1,1,7,7,7,6,1,7,4,2,2,6,7,6,7,6,2,2,1,7,7,7,7,7,7,1,1,3,7,1,1,1,1,1,1,1,4,2,6,1,1,2,2,1,5,5,6,2.322,112.147,113.042,48,4,12,12,2,5,0,1,1,0,0,4,2,4,2,5,5,2,1,5,2,2,1,6,1,6,7,6,2,1,1,2,1,1,4,1,7,1,1,1,1,3,3,1,1,1,1,1,5,4,3,5,5,1,5,4,7.416,166.224,168.469,49,2,12,12,2,4,0,28,2,,,671319ab9d074e6270def574,68f93eda9d39995d2bc88d21,68fa46d21e30af9bff56b08e,Parking,parking,Digital book,a digital book,Digital book,a digital book
2025-10-23 11:16:50,2025-10-23 11:26:33,0,68.107.112.117,100,583,1,2025-10-23 11:26:34,R_7xp2RAO0271cc4p,,,,,33.1955,-117.2862,anonymous,EN,1,2,1,5,4,2,5,5,4,5,5,5,5,1,1,1,2,3,6,5,3,1,1,1,7,5,4,7,6,6,7,7,6,1,2,5,1,1,1,1,4,7,1,7,7,6,6,6,2.926,108.287,108.684,62,4,100,85,5,5,1,5,7,4,6,4,2,6,6,6,5,1,1,1,1,4,7,1,6,2,2,2,1,2,5,1,6,7,7,4,4,1,1,3,1,1,1,1,2,2,1,3,4,1,3,2,4.296,98.991,99.61,63,6,150,50,6,6,0,1,0,0,0,7,6,6,7,4,2,7,7,6,2,5,5,3,1,6,6,7,4,1,3,2,1,3,2,1,7,4,7,7,7,7,7,6,1,1,1,1,2,6,4,3,2,1,2,2,38.271,111.431,111.846,74,7,500,150,3,2,0,35,1,,,664770af0e8f4c4cc2b8a6e8,68f93eda9d39995d2bc88d21,68fa46ac84dba1e380cad528,Meal kit subscription,a meal kit subscription,Concert ticket,a concert ticket,Designer handbag,a designer handbag
2025-10-23 11:19:35,2025-10-23 11:26:39,0,47.210.118.229,100,424,1,2025-10-23 11:26:40,R_7mwSuYOZ9KEff60,,,,,32.5434,-93.7011,anonymous,EN,1,2,1,3,2,2,5,6,3,2,5,5,4,3,5,2,4,2,5,2,4,2,2,2,4,4,2,2,5,5,4,4,2,4,4,5,2,2,3,2,2,5,3,4,4,5,5,5,1.721,98.792,99.888,52,2,200,200,6,6,1,3,3,2,2,5,4,2,2,4,5,2,2,3,6,3,6,5,3,4,2,2,5,5,5,6,5,6,3,2,3,2,6,5,4,2,4,4,4,5,3,2,3,5,5,6,1.176,98.579,99.556,51,1,8,8,7,7,1,1,0,0,0,2,6,4,2,3,2,2,3,6,3,2,5,5,4,4,6,5,3,2,2,2,3,4,4,4,5,4,5,5,5,5,6,3,3,4,4,4,4,5,4,4,5,4,4,4,0.799,93.396,94.61,50,2,15,15,4,4,0,34,1,n/a,,5fd67cce91f9895969c0edee,68f93eda9d39995d2bc88d21,68fa477d68e9c1b1c3e6d921,Luxury hotel stay,a luxury hotel stay,Netflix,a Netflix subscription,Digital book,a digital book
2025-10-23 11:16:38,2025-10-23 11:26:45,0,76.14.51.242,100,606,1,2025-10-23 11:26:46,R_1dp0ahh2yCuELbr,,,,,37.9208,-122.0182,anonymous,EN,1,2,1,1,1,1,1,7,2,1,1,1,6,1,5,7,1,1,7,7,1,1,1,1,1,6,1,1,7,5,1,1,1,7,7,3,1,1,1,1,6,6,4,6,6,6,6,6,11.583,141.701,142.311,61,1,20,20,7,4,1,1,5,1,5,1,1,1,1,7,7,1,1,1,1,1,7,7,1,1,1,1,1,1,1,1,1,7,7,7,7,7,7,7,1,1,1,1,1,7,1,1,1,6,7,6,5.97,139.565,141.905,59,6,3500,3500,5,6,0,1,0,0,0,1,1,1,1,7,1,1,1,7,5,1,1,1,1,7,7,7,1,1,1,1,7,1,7,1,7,7,7,7,2,1,2,1,1,1,1,1,7,7,1,1,1,1,5,4,4.453,99.532,100.393,60,4,6,6,5,5,0,69,2,,,5e2b74daae56b71b9d24d89b,68f93eda9d39995d2bc88d21,68fa46cc9372993029082e99,Digital book,a digital book,Luxury watch,a luxury watch,Starbucks,Starbucks
2025-10-23 11:17:38,2025-10-23 11:26:48,0,72.93.88.68,100,550,1,2025-10-23 11:26:49,R_6Lb64GmiInaS9SS,,,,,42.2229,-70.8819,anonymous,EN,1,2,1,4,4,3,2,4,3,3,1,1,7,5,6,4,1,1,2,2,5,6,2,4,7,5,3,1,2,7,6,7,4,3,3,1,1,1,1,1,4,4,2,3,4,2,4,4,3.402,141.846,142.759,52,3,15,12,4,5,1,4,5,3,6,6,3,6,4,3,5,1,1,4,1,4,6,4,4,5,3,4,1,3,2,1,6,7,7,7,7,7,6,5,1,1,1,1,1,7,2,3,1,5,6,6,3.204,116.781,117.742,54,5,1000,700,7,6,0,1,0,0,0,6,6,6,6,6,7,4,2,1,7,2,4,3,1,1,1,1,7,7,7,7,7,6,6,7,7,7,1,1,1,3,3,1,1,1,1,4,5,2,1,1,1,1,6,7,5.612,125.46,126.103,54,6,600,150,2,3,1,38,2,,,6708079d21a0f618b83716b0,68f93eda9d39995d2bc88d21,68fa46f9346cbfa4c9237348,Laundry detergent,laundry detergent,Laptop,a laptop,Electricity bill,an electricity bill
2025-10-23 11:18:26,2025-10-23 11:26:52,0,64.85.219.165,100,506,1,2025-10-23 11:26:53,R_6Bbur0tHeoSJOCu,,,,,38.9933,-92.3078,anonymous,EN,1,2,1,2,1,1,2,7,2,2,1,1,7,2,4,1,1,1,6,6,2,5,1,3,5,6,3,1,7,7,7,7,7,6,5,6,1,1,1,1,2,7,1,4,4,7,7,7,5.61,147.214,148.049,54,2,80,80,7,7,1,1,1,1,1,7,1,1,1,1,7,7,6,3,1,1,1,3,7,7,1,5,7,7,7,1,7,7,7,7,6,5,4,3,1,1,1,1,7,7,1,1,1,7,7,7,4.252,103.72,104.444,52,1,25,22,6,7,1,1,0,0,0,6,5,4,7,4,1,7,5,1,7,7,7,5,1,2,1,3,5,7,6,7,7,1,1,7,7,6,1,1,1,4,4,1,1,1,1,1,1,7,5,7,7,6,7,7,3.934,124.303,125.243,50,7,1800,1200,1,6,0,42,2,,,5588e0b4fdf99b304ee56a0e,68f93eda9d39995d2bc88d21,68fa473c468075c4b5e061e4,Pair of sneakers,a pair of sneakers,Laundry detergent,laundry detergent,Rent,rent
2025-10-23 11:17:47,2025-10-23 11:26:58,0,174.240.17.31,100,551,1,2025-10-23 11:26:59,R_6v8SMLSvbtquvbr,,,,,33.5594,-112.0902,anonymous,EN,1,2,1,6,6,4,6,3,7,1,1,4,5,1,1,1,1,7,7,7,1,1,1,1,4,2,7,1,7,7,5,3,1,1,1,1,1,1,1,1,6,7,6,1,5,1,5,1,13.202,144.089,145.776,51,1,8,5,6,4,1,5,4,4,4,2,7,1,1,1,5,3,3,5,5,3,6,4,5,1,5,5,4,4,7,5,7,1,1,1,1,4,2,1,6,6,6,6,7,1,3,1,2,5,5,6,8.193,140.648,141.513,51,2,5,0,5,4,0,1,1,0,0,6,6,5,4,4,7,1,2,6,1,1,1,1,1,7,7,7,2,1,1,1,1,1,6,1,7,7,6,6,6,6,6,1,1,1,1,1,7,7,7,6,6,1,1,1,7.746,112.843,114.049,48,2,25,25,6,5,1,51,1,,,61fa94df5719bc09cb835064,68f93eda9d39995d2bc88d21,68fa4703af5006ed35a4f6de,Starbucks,Starbucks,Parking,parking,Bottle of wine,a bottle of wine
2025-10-23 11:18:10,2025-10-23 11:27:12,0,24.216.76.78,100,542,1,2025-10-23 11:27:13,R_6oCa39rF9YuhC1z,,,,,38.763,-90.5474,anonymous,EN,1,2,1,4,5,2,5,5,5,2,1,6,4,1,1,7,1,6,7,7,1,1,1,7,6,4,6,1,7,7,7,7,1,1,1,1,1,1,1,1,3,7,6,5,5,6,4,5,6.46,115.156,115.885,105,1,8,8,6,4,1,7,7,6,7,4,3,7,7,7,4,1,3,1,1,7,7,7,2,1,1,1,1,1,1,1,7,7,7,7,7,7,7,7,1,7,1,1,1,7,3,5,6,1,2,2,3.948,90.748,91.206,87,6,600,300,4,6,0,1,1,0,0,5,5,1,6,6,2,4,4,5,6,1,3,1,1,5,7,7,2,1,1,7,1,2,2,1,7,1,7,7,7,7,7,6,1,3,1,1,2,6,1,6,6,4,6,5,3.027,82.812,83.024,88,2,400,400,7,6,0,43,1,"I don't have any additional feedback.  Thanks. ",,5ade0203066c510001d42abf,68f93eda9d39995d2bc88d21,68fa472d2f77fc63804e096c,Fast food meal,a fast food meal,Designer handbag,a designer handbag,Bike,a bike
2025-10-23 11:19:01,2025-10-23 11:27:18,0,70.164.98.157,100,496,1,2025-10-23 11:27:19,R_3gMLykEIOM0xR8N,,,,,33.1617,-117.2429,anonymous,EN,1,2,1,5,2,5,4,3,3,6,2,7,1,2,1,6,2,7,7,7,1,1,2,1,3,4,1,1,7,2,7,7,1,1,1,5,1,1,1,1,1,7,3,1,7,4,3,6,7.829,132.675,139.94,52,4,20,15,6,2,1,7,7,5,5,1,7,6,4,7,1,2,1,7,3,7,1,7,2,1,1,1,1,1,5,7,7,1,1,1,1,1,1,7,1,1,1,2,6,7,1,7,7,4,7,7,6.426,102.964,103.78,48,7,60,30,1,1,0,1,1,0,0,7,7,7,7,2,7,7,7,7,1,7,5,7,7,7,7,4,1,1,5,7,6,4,7,7,7,5,1,1,1,4,4,7,3,2,6,7,7,7,7,6,7,1,2,2,11.502,108.403,109.092,57,7,18,8,1,1,0,36,1,Thank you,,5ff3c01f3986cc9cf2249165,68f93eda9d39995d2bc88d21,68fa475fd1e248318c00786e,Restaurant dinner,a restaurant dinner,Meal kit subscription,a meal kit subscription,Netflix,a Netflix subscription
2025-10-23 11:19:27,2025-10-23 11:27:20,0,98.30.142.187,100,472,1,2025-10-23 11:27:21,R_7349q6dxyMbuWPF,,,,,41.4517,-82.0354,anonymous,EN,1,2,1,3,3,1,1,7,5,1,1,1,4,7,7,7,1,1,1,4,4,4,1,4,7,7,7,4,7,7,7,7,7,7,7,1,1,1,1,1,6,7,1,1,1,4,6,7,11.972,122.855,124.286,70,1,15,15,4,7,1,6,6,4,3,4,5,3,2,6,4,1,1,1,1,3,7,7,1,2,1,4,2,7,4,1,7,7,1,1,1,1,1,1,1,1,1,1,1,3,6,4,7,4,7,7,2.924,106.741,107.401,78,6,20,10,2,4,1,1,1,0,0,7,7,7,7,4,1,7,4,1,4,1,1,7,7,1,1,4,7,7,7,7,7,7,1,7,7,7,1,1,1,5,4,7,1,1,1,7,1,7,2,4,1,2,4,4,3.035,93.511,94.763,77,7,250,0,1,7,0,33,2,"The health insurance one was hard to answer some of the wuestions--like I pay every month for it, but haven't ""shopped"" in 6 months",,60ef2700e476748689a999f7,68f93eda9d39995d2bc88d21,68fa4779d5548469a4989f24,Laundry detergent,laundry detergent,Uber or Lyft,Uber or Lyft,Health insurance,health insurance
2025-10-23 11:18:48,2025-10-23 11:27:30,0,195.252.220.16,100,522,1,2025-10-23 11:27:30,R_6AYUxnMNm6e4Wap,,,,,40.4444,-86.9256,anonymous,EN,1,2,1,4,5,2,6,4,4,2,2,2,7,1,1,7,3,1,4,3,7,3,5,4,5,5,7,4,7,4,5,5,4,5,4,3,1,1,3,2,7,1,2,1,1,7,7,7,6.498,153.594,154.928,79,3,50,15,5,5,0,4,4,4,4,7,4,1,2,7,6,4,4,1,1,4,7,7,1,1,1,1,4,1,1,4,7,7,1,1,1,2,4,5,1,1,1,2,4,7,1,5,6,3,4,6,4.942,111.913,112.873,68,1,75,75,6,7,1,1,1,0,0,5,6,1,2,5,1,1,1,1,3,6,7,1,1,2,6,4,7,6,2,7,7,7,7,1,7,7,7,7,7,5,7,1,1,1,1,1,7,7,1,1,7,4,5,5,2.151,109.03,109.61,69,2,21,14,7,7,1,35,1,n/a,,66622a784a9e6c43497fc064,68f93eda9d39995d2bc88d21,68fa47524bd45b00a3cb2fbe,Public transit pass,a public transit pass,Online course,a online course,Shampoo,shampoo
2025-10-23 11:16:06,2025-10-23 11:27:33,0,99.132.235.78,100,686,1,2025-10-23 11:27:33,R_368vP3sSnvlK0Lq,,,,,41.5852,-87.8059,anonymous,EN,1,2,1,5,6,3,6,5,1,6,1,1,6,1,1,7,4,1,1,1,5,7,6,7,7,7,7,7,7,7,1,1,1,5,6,5,1,1,1,2,5,2,2,1,1,2,6,6,17.64,143.757,175.838,46,5,1400,1000,1,5,0,5,4,3,4,4,7,2,1,4,5,1,1,1,1,6,5,6,2,1,3,3,3,6,6,1,7,1,1,1,1,1,1,1,1,1,1,1,5,1,5,4,4,5,4,6,6.148,118.937,120.695,48,4,25,15,3,3,0,1,0,0,0,6,5,3,6,4,2,4,2,1,1,1,1,5,1,1,1,1,6,7,6,7,7,7,2,7,7,7,1,1,1,7,7,7,1,1,1,3,4,4,1,2,2,1,5,5,8.475,102.232,183.667,48,6,9000,65000,4,5,0,43,1,,,62e0532289a4e5d9fedadde1,68f93eda9d39995d2bc88d21,68fa46ae548fa32c95102c19,Rent,rent,Uber or Lyft,Uber or Lyft,Health insurance,health insurance
2025-10-23 11:18:46,2025-10-23 11:27:33,0,174.218.211.64,100,527,1,2025-10-23 11:27:34,R_3WThYHMHnXccAmM,,,,,29.6876,-95.4049,anonymous,EN,1,2,1,5,5,1,4,6,5,4,3,7,2,5,4,1,3,4,7,4,3,2,1,1,4,3,4,1,6,6,7,7,7,7,6,4,1,1,1,1,6,6,4,5,5,1,2,3,48.605,164.286,165.046,48,2,60,45,7,5,1,5,5,4,7,4,4,7,7,7,2,1,2,1,1,6,7,5,4,1,1,1,1,2,1,1,7,7,7,7,7,7,7,6,1,1,1,1,6,6,7,1,1,1,1,1,18.41,121.725,122.6,46,5,5000,1000,4,3,0,1,0,0,0,3,4,3,4,5,3,3,2,4,6,2,3,5,2,2,6,5,2,3,2,2,3,4,3,1,6,4,1,1,1,3,4,6,1,1,2,2,4,5,6,2,5,5,4,4,26.452,114.1,114.843,46,3,100,100,4,6,0,42,1,,,5c7f489defd9e20015751167,68f93eda9d39995d2bc88d21,68fa474f10622edcb8fc4ff3,Physical video game,a physical video game,Luxury watch,a luxury watch,Online course,a online course
2025-10-23 11:18:03,2025-10-23 11:27:35,0,45.50.78.11,100,571,1,2025-10-23 11:27:35,R_61cGffM6vq7TY2b,,,,,33.8206,-118.034,anonymous,EN,1,2,1,3,3,3,3,3,3,3,2,4,3,3,4,5,3,4,5,4,3,3,3,3,3,3,4,4,4,2,6,6,2,4,4,3,2,3,3,3,3,4,4,4,3,4,4,4,19.956,136.023,137.181,65,2,10,10,4,5,0,5,5,5,5,2,4,4,4,6,2,2,2,4,1,4,7,6,1,1,2,2,4,2,4,1,6,2,6,6,2,2,4,1,1,1,1,1,3,6,3,2,4,3,2,3,4.436,127.336,128.712,56,2,6,3,6,4,1,1,0,0,0,4,4,3,4,4,2,4,1,2,4,3,4,3,2,3,2,4,4,5,3,4,4,4,4,7,5,4,2,1,2,4,5,3,1,3,1,1,3,4,3,4,1,4,4,4,5.803,129.303,133.013,69,4,200,150,4,4,1,27,2,,,5eeaa000fc53c11be14cfc62,68f93eda9d39995d2bc88d21,68fa47216efcce05e493ebe8,Bike share membership,a bike share membership,Starbucks,Starbucks,Monthly car payment,monthly car payment
2025-10-23 11:17:26,2025-10-23 11:27:43,0,107.77.202.217,100,617,1,2025-10-23 11:27:44,R_6Dvz8c7kf9VkCml,,,,,38.8851,-76.8891,anonymous,EN,1,2,1,5,5,1,5,3,5,3,2,5,6,2,2,1,2,5,6,6,3,2,2,2,2,2,6,1,6,1,7,7,7,6,6,5,1,1,1,2,2,6,2,6,3,2,5,6,6.746,173.92,174.77,98,2,300,200,6,6,0,6,5,5,2,3,2,3,2,3,2,1,2,2,1,6,7,6,2,2,2,2,5,5,6,1,6,6,7,7,6,2,2,2,1,1,1,1,3,6,6,6,2,1,2,2,1.49,138.856,139.595,94,2,25,21,5,3,1,1,0,0,0,5,6,5,6,6,2,5,1,1,6,1,1,1,1,1,3,5,6,6,6,7,7,6,3,7,6,1,1,1,1,6,4,7,1,1,1,1,6,6,2,5,5,1,7,7,1.517,140.477,141.403,86,5,300,200,7,7,1,51,1,no comments,,665d92a608fef982937744df,68f93eda9d39995d2bc88d21,68fa46c5a214c7cde712ebb5,Bike,a bike,Bottle of wine,a bottle of wine,Health insurance,health insurance
2025-10-23 11:16:30,2025-10-23 11:27:57,0,76.20.164.51,100,687,1,2025-10-23 11:27:58,R_6kZghtlGeGfoRX3,,,,,42.6456,-83.3563,anonymous,EN,1,2,1,4,5,5,5,6,6,5,3,2,5,2,2,6,1,2,4,3,6,5,3,4,6,3,5,7,7,7,2,2,1,6,6,4,1,1,1,1,4,2,2,1,2,4,3,6,21.584,202.179,203.387,49,5,300,200,1,5,0,4,4,3,3,5,3,1,1,1,4,1,2,2,2,3,3,3,5,3,1,2,7,7,5,1,7,7,7,7,5,4,3,1,1,1,1,2,2,7,2,2,2,2,6,6,7.04,159.631,161.295,45,1,7,6,3,4,1,1,1,0,0,4,4,3,4,4,3,2,1,3,6,1,2,3,1,2,6,4,3,2,2,3,3,5,2,1,6,7,7,7,7,5,4,3,1,1,1,1,3,7,2,2,4,2,4,4,7.312,143.249,144.641,47,3,80,60,4,5,1,58,1,,,58ac91c38bf22a00015b91b3,68f93eda9d39995d2bc88d21,68fa46c724143839e4f82398,Monthly car payment,monthly car payment,Shampoo,shampoo,Pair of sneakers,a pair of sneakers
2025-10-23 11:15:58,2025-10-23 11:27:59,0,174.195.198.111,100,721,1,2025-10-23 11:28:00,R_7du1wIFnYP3QaBY,,,,,34.0964,-117.8582,anonymous,EN,1,2,1,6,6,4,6,5,2,4,5,1,4,1,5,1,5,1,1,4,4,5,6,6,6,7,5,7,6,6,1,1,1,5,5,3,4,1,4,5,4,7,5,1,5,5,4,4,5.106,209.951,210.912,111,4,200,100,6,6,0,4,4,2,4,4,1,1,1,5,1,1,1,1,1,4,7,7,1,1,1,1,7,7,2,1,5,1,6,5,1,1,2,1,1,1,1,1,2,7,4,4,5,5,6,6,4.347,149.05,149.565,103,1,50,30,7,5,1,1,0,0,0,4,4,4,5,5,2,4,4,4,2,1,1,1,2,1,6,7,1,5,5,2,1,6,4,5,6,4,1,1,1,6,6,5,1,1,1,1,2,7,2,4,5,2,4,4,1.808,209.785,210.567,113,3,1500,800,5,5,0,44,1,,,5ffb8c5b60571908f3ac19fa,68f93eda9d39995d2bc88d21,68fa46a2fe48666b07f741c2,Health insurance,health insurance,Restaurant dinner,a restaurant dinner,Life insurance,life insurance
2025-10-23 11:16:33,2025-10-23 11:28:14,0,174.50.87.85,100,700,1,2025-10-23 11:28:14,R_3YSv3D9eZh2zF1F,,,,,34.8062,-106.7334,anonymous,EN,1,2,1,1,2,1,1,5,4,2,1,1,7,1,1,4,4,1,1,4,2,4,1,1,7,7,5,5,4,7,7,7,1,5,6,1,1,1,1,1,5,7,7,1,6,7,7,7,17.304,200.315,202.141,49,1,15,15,7,7,1,7,7,7,7,1,7,7,7,1,1,7,7,1,7,7,7,7,1,1,1,1,1,1,1,1,7,1,7,7,7,7,7,4,1,1,1,1,1,7,7,1,4,1,1,1,5.921,155.499,156.695,46,7,50000,20000,1,1,0,1,0,0,0,5,3,7,2,3,7,5,1,7,4,7,1,2,7,7,7,7,1,1,1,1,2,1,7,1,4,4,7,7,1,1,1,1,1,1,7,7,7,7,7,2,7,7,6,7,6.701,182.61,183.6,53,2,30,15,6,2,1,49,2,,,67469dde494c2b78202fc16e,68f93eda9d39995d2bc88d21,68fa46c909d72634f748a1c3,Laundry detergent,laundry detergent,Luxury watch,a luxury watch,Restaurant dinner,a restaurant dinner
2025-10-23 11:18:33,2025-10-23 11:28:21,0,108.69.89.38,100,588,1,2025-10-23 11:28:22,R_3jZI7AsHHjnXYIj,,,,,34.0515,-84.0713,anonymous,EN,1,2,2,4,4,2,3,7,4,2,1,1,7,5,6,2,1,1,2,1,7,7,6,5,7,7,4,7,3,7,4,4,4,5,6,2,1,1,1,3,4,2,1,2,5,7,7,7,26.799,187.171,188.201,54,3,105,85,2,7,1,3,5,3,6,5,7,2,2,2,7,2,5,7,6,1,2,4,6,7,5,5,3,4,5,1,6,7,7,7,7,2,7,5,1,1,6,7,6,3,5,3,6,3,5,6,7.018,121.25,122.22,50,5,35,20,1,5,1,1,1,0,0,4,5,2,5,5,1,2,1,6,1,1,1,1,1,6,7,7,1,1,1,1,2,7,4,1,7,7,7,7,7,4,4,1,1,1,1,1,2,7,5,5,7,1,1,1,3.687,116.104,117.112,50,5,165,110,7,4,1,45,2,Thanks,,5b16e1a5457ace0001b40d46,68f93eda9d39995d2bc88d21,68fa4746957734e5bb082a31,Electricity bill,an electricity bill,Textbook,a textbook,Perfume,perfume
2025-10-23 11:18:33,2025-10-23 11:28:22,0,69.251.160.95,100,589,1,2025-10-23 11:28:23,R_3d0UpxAGMRVCzpT,,,,,39.0462,-77.1195,anonymous,EN,1,2,1,6,5,2,5,4,2,3,5,2,7,4,6,7,4,1,4,4,4,4,7,7,7,7,7,1,7,7,7,7,7,4,5,1,1,1,2,4,7,1,1,1,1,7,6,7,10.273,141.546,147.453,46,4,200,75,4,6,0,5,5,2,5,5,1,4,5,1,7,5,5,7,4,2,2,4,4,4,6,7,7,7,7,1,7,7,7,7,7,6,6,1,1,1,1,3,7,1,1,1,1,7,7,7,11.721,122.053,125.876,48,4,200,75,5,5,0,1,0,0,0,4,4,4,4,4,4,4,2,4,4,6,4,3,1,4,6,7,1,1,1,1,5,7,1,1,7,7,6,6,2,1,1,1,1,1,1,1,1,7,1,4,7,7,5,1,7.049,118.231,120.811,47,4,25,20,7,4,1,42,2,n/a,,6554d4289b97389cfe72bd3d,68f93eda9d39995d2bc88d21,68fa4734fa12752d8091ff0a,Public transit pass,a public transit pass,Public transit pass,a public transit pass,Restaurant dinner,a restaurant dinner
2025-10-23 11:16:59,2025-10-23 11:28:24,0,73.152.196.121,100,685,1,2025-10-23 11:28:25,R_7V2cNGde1INRScX,,,,,37.4928,-77.47,anonymous,EN,1,2,1,7,7,7,7,1,7,4,4,4,7,4,4,7,7,2,1,1,7,7,7,1,4,7,7,1,1,2,7,1,1,1,1,1,4,1,7,7,7,1,4,4,4,4,4,4,53.537,324.643,326.958,49,6,15,0,4,1,1,6,6,4,5,1,6,4,1,6,1,1,1,1,1,5,7,6,1,1,1,1,7,7,6,1,7,4,7,7,6,1,1,1,1,1,1,1,1,7,1,1,5,7,4,4,10.874,108.64,109.703,47,4,10,5,5,5,1,1,0,0,0,6,7,5,7,4,1,7,6,7,7,1,4,4,1,1,4,1,7,7,7,7,1,4,1,7,7,1,7,7,7,7,7,7,1,1,1,1,1,7,1,4,6,4,7,7,4.931,97.412,98.509,49,7,500,150,1,1,0,46,1,,,62d86c63e2966588c71b9ff2,68f93eda9d39995d2bc88d21,68fa46e4761b2ad7ac93ebdc,Parking,parking,Fast food meal,a fast food meal,Monthly car payment,monthly car payment
2025-10-23 11:18:58,2025-10-23 11:28:38,0,38.66.230.104,100,580,1,2025-10-23 11:28:39,R_761UvfnlgVvOIO5,,,,,33.7485,-84.3871,anonymous,EN,1,2,1,5,5,3,5,3,2,5,2,5,5,2,2,2,2,1,5,2,6,3,2,2,3,3,5,1,5,6,6,7,7,6,5,3,1,2,2,2,6,6,5,5,5,3,6,6,10.484,169.355,170.258,56,3,60,35,5,5,0,7,7,6,7,3,2,7,3,1,6,1,2,7,1,2,2,7,7,6,6,4,7,5,5,7,6,7,7,7,6,6,5,6,1,1,1,1,6,6,2,5,5,5,1,1,5.975,140.424,141.189,59,7,700,300,1,3,1,1,1,0,0,2,3,2,2,5,3,2,2,2,5,2,3,5,3,2,5,6,6,2,1,6,6,1,5,2,5,5,2,2,2,5,5,1,1,2,1,2,6,2,3,2,2,5,5,6,5.497,125.954,126.749,51,2,5,3,4,3,0,47,1,,,6734f38285a487704a4dc0e1,68f93eda9d39995d2bc88d21,68fa4759694c9357a12f227d,Pair of sneakers,a pair of sneakers,Monthly car payment,monthly car payment,Public transit pass,a public transit pass
2025-10-23 11:18:11,2025-10-23 11:28:39,0,47.205.157.248,100,628,1,2025-10-23 11:28:40,R_3r0WrgydXJJziMR,,,,,27.4067,-82.5314,anonymous,EN,1,2,1,7,7,6,3,2,4,5,1,6,3,7,7,1,5,6,7,5,2,1,2,2,1,2,4,6,7,1,1,1,1,4,2,1,1,2,4,5,7,3,3,4,4,1,2,2,4.18,108.509,109.245,53,2,20,5,2,2,0,7,6,6,2,2,6,2,1,1,6,7,7,6,1,1,3,2,5,4,1,4,5,7,6,1,7,4,7,7,2,3,3,1,1,1,1,2,6,7,1,1,2,4,4,4,27.571,114.529,115.563,51,2,5,2,1,4,1,1,1,0,0,7,7,7,2,1,7,1,1,1,1,2,1,7,1,7,2,4,4,1,1,1,1,1,7,1,7,1,7,7,2,2,4,1,3,1,2,2,7,7,6,4,2,1,4,1,2.55,80.917,140.236,48,2,5,3,1,1,0,49,1,,,5d55d43e25dd4c00174122dc,68f93eda9d39995d2bc88d21,68fa473004b1fa397a7086ec,Netflix,a Netflix subscription,Laundry detergent,laundry detergent,Shampoo,shampoo
2025-10-23 11:16:05,2025-10-23 11:28:44,0,47.133.77.20,100,758,1,2025-10-23 11:28:44,R_7V8Tc4GpRsA3lhw,,,,,35.7589,-81.3263,anonymous,EN,1,2,1,6,6,6,6,4,3,7,3,4,2,4,1,4,2,7,7,7,1,1,1,1,4,6,5,1,7,7,7,7,2,1,1,1,1,1,1,1,6,7,5,5,5,6,5,5,8.308,204.992,208.103,46,4,30,30,5,2,1,7,6,6,6,3,7,7,4,4,6,7,2,6,6,4,4,4,5,5,7,5,3,5,7,2,7,2,1,7,1,2,3,2,6,6,6,6,4,4,4,6,4,6,5,5,9.32,186.118,186.839,53,5,15,5,4,4,0,1,1,0,0,3,3,2,3,7,3,2,1,1,7,7,7,1,2,1,2,2,7,7,1,6,7,5,7,7,7,7,4,4,2,5,6,7,1,7,1,2,6,1,1,1,1,1,6,7,10.094,157.068,158.019,48,2,120,100,1,7,1,43,1,n/a,,5bc8897f462bdb0001a61426,68f93eda9d39995d2bc88d21,68fa46ad7d862792a2afb1a7,Restaurant dinner,a restaurant dinner,Parking,parking,Electricity bill,an electricity bill
2025-10-23 11:16:45,2025-10-23 11:28:47,0,40.142.157.207,100,721,1,2025-10-23 11:28:47,R_5HnKlC0DdfI4oDI,,,,,29.9591,-82.9282,anonymous,EN,1,1,1,6,7,1,7,7,1,7,4,1,7,4,2,4,7,1,3,1,7,7,5,6,7,7,3,7,3,7,1,1,1,6,6,6,1,2,1,6,2,6,1,4,4,7,7,7,7.989,187.029,187.823,57,7,600,300,6,6,1,6,5,2,6,5,1,6,3,1,7,4,5,3,4,1,6,5,3,7,4,7,7,7,3,7,7,7,6,7,7,6,6,4,1,1,1,2,3,6,1,3,2,7,7,7,9.773,184.509,185.437,59,5,1000,700,1,6,0,1,1,0,0,4,5,2,6,3,3,6,4,1,7,4,4,3,3,1,6,5,3,7,5,6,7,7,3,7,5,7,6,7,6,6,6,5,1,4,1,2,3,5,1,3,3,7,7,7,2.495,169.776,170.513,70,6,1000,700,1,6,0,45,2,Thank you for the opportunity to participate in your study. I hope you have a wonderful day! :),,5d69678bf4d251001c0f81f3,68f93eda9d39995d2bc88d21,68fa46d352e0bee777493d39,Health insurance,health insurance,Rent,rent,Rent,rent
2025-10-23 11:17:59,2025-10-23 11:28:49,0,72.196.115.72,100,650,1,2025-10-23 11:28:50,R_6T4TnNikjvcVslP,,,,,29.6959,-82.4042,anonymous,EN,1,2,1,4,2,2,5,6,5,6,3,1,6,5,7,4,1,2,4,5,6,3,4,6,2,2,6,2,7,7,7,6,7,6,6,6,1,1,1,1,7,2,1,2,2,3,4,5,12.601,196.466,197.465,52,6,1000,750,5,5,0,6,5,3,6,2,4,6,5,7,2,1,1,6,1,7,6,7,3,3,1,1,1,1,5,1,7,7,2,2,1,1,1,1,1,1,1,1,6,5,7,3,4,1,2,3,11.865,155.149,156.482,51,6,300,200,6,3,0,1,1,0,0,5,4,3,3,3,3,4,3,3,1,1,2,2,1,7,7,3,5,1,1,1,1,1,4,1,4,7,1,1,1,1,2,1,1,1,1,1,4,5,7,4,4,1,1,1,4.302,146.549,147.706,49,4,100,50,5,3,0,64,1,,,6004d426710b3c300a1259ee,68f93eda9d39995d2bc88d21,68fa471ed2618226c89412cd,Laptop,a laptop,Luxury hotel stay,a luxury hotel stay,Theme park ticket,a theme park ticket
2025-10-23 11:16:45,2025-10-23 11:28:50,0,24.15.201.232,100,725,1,2025-10-23 11:28:50,R_6lidkBk2MgNlqvI,,,,,41.7466,-87.7206,anonymous,EN,1,2,1,7,7,4,7,6,1,7,7,1,1,1,1,2,7,1,4,6,1,7,1,1,7,4,1,7,7,7,1,7,1,7,6,7,1,7,6,7,1,7,5,7,7,1,7,7,15.907,215.355,216.001,50,7,150,100,4,4,0,7,7,5,6,1,7,4,1,7,1,4,7,1,7,7,7,7,1,1,1,1,2,7,7,1,7,1,7,7,1,1,1,1,1,1,1,1,1,7,7,7,7,1,1,1,7.709,175.096,176.054,51,1,10,3,3,3,1,1,0,0,0,6,4,1,4,1,6,3,1,7,1,1,1,1,1,7,7,7,1,1,1,1,4,4,7,1,7,7,7,7,1,1,1,1,1,1,1,1,7,7,7,5,3,5,4,4,9.385,158.628,159.449,46,1,15,5,7,5,1,43,2,,,65b278a17913fcaf5ea53055,68f93eda9d39995d2bc88d21,68fa46d45780184fa9d2ca3d,Health insurance,health insurance,Starbucks,Starbucks,Fast food meal,a fast food meal
2025-10-23 11:18:40,2025-10-23 11:28:58,0,73.52.113.209,100,617,1,2025-10-23 11:28:58,R_3z7hg71nokHDU0V,,,,,40.0537,-77.5216,anonymous,EN,1,2,1,7,7,7,7,1,7,7,7,7,1,1,1,7,1,7,7,7,1,1,7,1,1,1,1,1,7,1,1,7,1,1,1,1,1,7,1,1,1,7,1,7,1,1,1,1,6.747,152.617,153.831,47,7,800,300,1,1,0,7,7,7,7,1,7,7,7,7,1,1,1,7,7,7,7,7,1,1,7,1,1,1,1,1,7,7,1,7,1,1,1,1,1,7,1,1,1,7,1,1,1,1,1,1,10.979,152.769,154.08,49,7,800,300,1,1,0,1,1,0,0,2,1,1,2,7,1,1,1,7,7,1,7,1,1,1,7,7,7,1,1,1,1,7,1,1,7,7,7,7,7,7,7,7,1,1,1,1,1,7,7,5,2,1,1,1,5.375,146.903,148.041,50,1,70,55,7,7,1,41,2,,,63b6be87ead45e4fa772fbf5,68f93eda9d39995d2bc88d21,68fa4748a6a86aade2651825,Luxury hotel stay,a luxury hotel stay,Luxury hotel stay,a luxury hotel stay,Physical video game,a physical video game
2025-10-23 11:18:33,2025-10-23 11:28:59,0,172.100.4.209,100,625,1,2025-10-23 11:29:00,R_3n1rtW3Kj4QodlW,,,,,42.9135,-78.889,anonymous,EN,1,2,1,6,6,4,4,1,6,6,2,6,1,4,2,7,1,7,7,2,1,1,5,1,1,1,4,2,7,1,7,7,7,6,5,1,1,1,1,1,4,6,7,6,6,1,1,1,11.432,322.959,323.569,53,6,60,20,1,1,0,5,4,2,4,6,6,5,3,7,1,1,1,1,1,7,7,7,1,1,1,1,5,6,3,1,6,2,7,7,2,1,2,1,1,1,1,1,2,7,6,2,6,6,7,6,4.518,89.879,90.675,51,3,20,20,7,5,1,1,1,0,0,6,5,5,5,3,7,2,2,5,1,1,1,7,1,6,7,6,1,1,1,1,1,1,1,1,5,1,7,7,7,7,6,1,1,1,1,1,1,5,7,1,3,1,1,1,4.126,90.962,91.659,50,7,250,40,7,2,0,29,1,,,5acb69b70527ba0001c25872,68f93eda9d39995d2bc88d21,68fa472f1c3d9137e31f8b46,Perfume,perfume,Restaurant dinner,a restaurant dinner,Luxury watch,a luxury watch
2025-10-23 11:16:15,2025-10-23 11:29:01,0,99.98.221.155,100,765,1,2025-10-23 11:29:02,R_52KOSdxqZQU2Nd9,,,,,32.749,-96.4629,anonymous,EN,1,2,1,6,6,5,2,2,6,1,3,5,2,1,1,1,1,5,7,6,1,1,1,1,3,4,2,1,1,6,6,5,1,1,1,1,1,1,1,3,6,4,3,1,5,1,1,4,14.296,239.222,239.965,46,1,7.00,3,5,3,1,5,6,2,6,4,4,1,3,4,7,1,1,1,2,1,3,6,2,5,4,6,5,6,5,1,7,7,7,7,7,7,7,7,1,1,1,2,6,7,3,4,4,7,6,7,8.942,194.869,195.802,56,6,500,100,6,7,1,1,0,0,0,6,7,7,6,1,7,3,1,1,1,7,7,7,7,7,1,2,7,1,7,7,4,3,7,6,7,1,1,1,1,1,1,1,7,7,7,7,7,4,1,7,7,5,1,1,10.697,188.244,189.3,47,7,25,0,1,1,1,50,1,N/A,,66ddaada62f406b5bf2e0542,68f93eda9d39995d2bc88d21,68fa46b89d3df26c0aa59715,Starbucks,Starbucks,Laptop,a laptop,Parking,parking
2025-10-23 11:18:25,2025-10-23 11:29:03,0,138.207.249.11,100,638,1,2025-10-23 11:29:04,R_6Jt1qT8Nb2gS3Mv,,,,,41.0217,-78.4418,anonymous,EN,1,2,1,4,7,4,3,6,6,4,2,2,7,4,7,7,7,1,2,7,4,6,7,4,6,5,7,7,7,4,4,7,1,4,2,7,4,4,7,7,7,7,7,4,2,7,7,7,10.292,203.695,205.157,60,7,7,1,3,3,1,7,7,7,7,1,7,7,7,2,4,4,4,7,4,7,7,7,1,1,1,2,1,4,7,6,4,7,7,7,7,7,6,4,2,1,1,1,7,7,7,2,4,2,4,2,5.7,105.554,106.301,51,7,5000,500,1,1,0,1,1,0,0,7,7,7,6,4,7,6,6,5,2,4,7,4,7,3,4,6,7,6,6,2,6,4,7,7,4,7,1,1,1,7,7,7,1,1,7,7,7,4,7,4,4,4,4,7,4.928,107.442,108.289,50,6,6000,0,4,4,0,36,1,Thank you!,,66e9a6cf278a9806ebe7bd0b,68f93eda9d39995d2bc88d21,68fa473bcc78413723d8e6ce,Parking,parking,Designer handbag,a designer handbag,Life insurance,life insurance
2025-10-23 11:15:53,2025-10-23 11:29:04,0,67.82.141.183,100,790,1,2025-10-23 11:29:05,R_6f8gXNsc5UfkB4E,,,,,40.7621,-73.3313,anonymous,EN,1,2,1,3,3,3,1,5,5,5,2,4,6,1,2,2,3,4,6,6,3,1,4,1,4,2,5,1,7,7,7,7,2,1,1,1,1,1,1,1,6,6,3,2,3,7,6,7,29.4,205.543,211.541,57,2,6,6,4,2,1,3,4,2,2,5,6,1,2,1,6,2,4,4,1,2,2,4,5,4,2,3,6,6,6,1,7,7,7,7,5,3,4,1,1,1,1,1,5,6,3,2,4,5,6,5,7.625,230.489,231.409,61,2,8,8,5,5,1,1,0,0,0,7,7,3,7,3,4,6,5,7,4,2,2,1,1,6,7,7,1,1,4,2,3,5,6,1,7,7,6,5,3,1,2,1,1,1,1,1,6,5,6,3,2,6,3,5,3.929,180.658,181.365,63,5,7,5,5,4,1,47,1,,,66536bcd1febb9fc714b6922,68f93eda9d39995d2bc88d21,68fa46a47c7c9f271a231c65,Fast food meal,a fast food meal,Laundry detergent,laundry detergent,Starbucks,Starbucks
2025-10-23 11:16:04,2025-10-23 11:29:07,0,172.56.125.116,100,782,1,2025-10-23 11:29:07,R_6UheMbgFJTKVcne,,,,,42.3888,-83.1895,anonymous,EN,1,2,1,4,4,1,4,2,3,5,1,5,4,2,4,5,4,5,7,4,1,3,2,1,2,3,5,7,6,1,2,7,1,3,1,6,1,1,1,1,5,6,4,2,2,4,4,4,10.618,185.191,186.203,55,4,30,10,1,6,0,4,4,2,2,4,2,4,1,4,1,2,1,7,2,2,7,4,1,1,1,1,1,2,4,7,1,4,4,6,1,3,2,7,1,1,1,1,4,6,5,1,1,2,4,1,21.23,204.845,206.269,57,1,5,5,1,4,0,1,1,0,0,5,6,3,6,3,5,6,2,1,4,1,1,1,2,1,1,2,2,7,6,6,7,6,2,7,6,7,1,4,1,2,3,2,1,1,1,4,4,7,4,1,1,2,7,7,16.332,237.326,238.103,57,6,1000,500,4,7,1,27,1,,,615deb85c655c2768d2b5caa,68f93eda9d39995d2bc88d21,68fa46aebe528ad241297c5f,Gym membership,a gym membership,Public transit pass,a public transit pass,Rent,rent
2025-10-23 11:18:12,2025-10-23 11:29:24,0,144.126.183.78,100,672,1,2025-10-23 11:29:25,R_3C3fgQQzFTL3Ivg,,,,,35.4062,-94.5988,anonymous,EN,1,2,2,7,6,5,6,3,1,7,5,7,7,1,1,1,1,7,7,7,1,1,1,1,1,1,7,1,7,7,7,7,1,1,1,1,1,1,1,1,7,7,1,7,1,1,1,1,10.664,169.577,170.403,46,5,100,30,2,3,0,4,5,3,5,5,6,5,5,3,7,1,1,1,1,3,7,7,1,1,1,1,1,3,6,1,7,7,7,7,7,7,7,6,1,1,1,1,7,7,1,1,1,1,5,7,6.301,160.355,161.476,51,3,25,15,6,5,0,1,0,0,0,1,5,1,5,6,6,1,2,1,7,1,1,1,1,1,7,5,3,6,1,1,7,7,7,1,7,7,7,7,7,7,7,7,1,1,1,1,7,7,1,1,1,7,7,7,9.066,146.303,147.65,48,1,10,5,7,7,1,25,1,,,67315f2ba49e302d2346223d,68f93eda9d39995d2bc88d21,68fa472e6b648b5ee24b5978,Theme park ticket,a theme park ticket,Pair of sneakers,a pair of sneakers,Shampoo,shampoo
2025-10-23 11:19:10,2025-10-23 11:29:27,0,206.146.89.204,100,617,1,2025-10-23 11:29:28,R_5aLHaV3XBJrI3wg,,,,,44.2013,-92.6463,anonymous,EN,1,2,1,6,5,4,3,2,4,3,1,3,7,4,5,6,6,1,4,5,7,2,5,6,5,7,5,4,5,4,1,1,1,1,2,4,6,4,6,7,4,5,1,4,1,6,5,5,29.166,183.151,183.923,53,4,10,1,1,5,1,3,2,1,1,4,4,1,1,1,4,7,7,5,4,1,2,3,5,6,3,7,5,5,4,1,4,7,7,7,7,4,4,2,1,1,2,2,4,6,1,4,4,4,4,7,8.684,129.322,131.281,47,2,12,8,2,4,1,1,1,0,0,6,5,4,4,3,4,4,3,5,4,6,4,1,1,7,7,7,1,1,1,1,7,1,3,7,4,1,7,7,7,2,2,1,1,1,1,1,3,6,4,6,6,6,6,6,8.341,138.84,139.807,50,4,39,25,3,4,0,50,1,,,60a2abc7d14eb0935100dd31,68f93eda9d39995d2bc88d21,68fa475729329e01fd3bb4ba,Parking,parking,Laundry detergent,laundry detergent,Meal kit subscription,a meal kit subscription
2025-10-23 11:20:55,2025-10-23 11:29:27,0,172.56.219.209,100,512,1,2025-10-23 11:29:28,R_7OjD67Nh32ED8L6,,,,,39.9195,-75.1565,anonymous,EN,1,2,1,6,5,3,5,4,4,3,3,4,1,3,1,5,6,3,7,6,5,3,1,2,1,2,4,5,5,4,1,1,1,6,6,6,3,3,2,3,3,6,4,7,2,1,1,1,11.19,156.887,157.428,47,2,100,100,3,3,0,5,6,3,4,5,4,1,3,5,1,1,1,1,1,5,7,6,2,1,1,1,1,1,6,2,7,1,3,3,1,1,2,1,1,1,1,1,4,5,4,3,4,1,1,1,5.07,115.428,116.821,47,1,70,40,6,4,0,1,0,0,0,6,5,4,5,3,2,1,2,4,5,1,1,1,1,6,7,7,1,1,1,2,5,6,3,1,7,6,5,5,1,1,1,1,1,1,1,1,2,7,6,5,6,5,5,5,4.088,112.68,113.395,50,2,50,20,6,3,1,40,2,,,66293995c3278d1cad933ef0,68f93eda9d39995d2bc88d21,68fa47d2c246b1095fd65d2b,Life insurance,life insurance,Theme park ticket,a theme park ticket,Restaurant dinner,a restaurant dinner
2025-10-23 11:16:23,2025-10-23 11:29:29,0,24.164.67.186,100,786,1,2025-10-23 11:29:30,R_7R38l2gxK2lJXcl,,,,,39.5082,-84.3987,anonymous,EN,1,2,1,7,7,5,5,4,7,1,1,1,5,1,1,7,7,1,3,7,5,4,1,5,5,5,7,1,7,4,7,7,7,5,6,5,1,4,1,5,7,5,1,1,1,7,7,7,21.64,238.725,240.099,53,1,80,40,4,5,0,4,4,2,6,4,4,2,1,1,7,3,1,7,3,1,7,6,3,1,1,5,1,1,1,1,7,7,1,1,1,4,1,7,1,1,1,2,1,7,1,7,7,1,5,4,5.268,170.306,171.408,50,1,400,250,4,5,0,1,1,0,0,7,7,5,5,5,3,1,1,7,7,7,7,1,1,1,7,1,7,5,3,6,7,7,1,1,7,7,7,7,7,7,7,5,1,1,1,1,4,7,1,1,4,1,7,5,5.075,134.756,136.303,48,1,90,50,7,7,1,50,1,thank you for the study,,5c0dbb9b9166290001253342,68f93eda9d39995d2bc88d21,68fa46c0454840f06afd08fd,Public transit pass,a public transit pass,Online course,a online course,Pair of sneakers,a pair of sneakers
2025-10-23 11:16:31,2025-10-23 11:29:31,0,99.29.61.109,100,780,1,2025-10-23 11:29:32,R_3Qt5c6DnNo6sTPr,,,,,37.9895,-121.8023,anonymous,EN,1,2,1,4,4,1,4,6,1,1,1,3,1,1,1,1,1,4,7,4,1,1,1,1,2,1,5,1,7,3,7,5,1,1,1,2,1,1,1,1,1,7,7,4,3,1,1,1,7.815,215.491,216.374,100,1,30,30,5,3,0,1,1,1,1,7,7,1,1,1,7,1,1,1,1,1,7,4,1,1,1,1,7,1,3,7,7,7,1,6,7,1,7,7,1,1,1,1,1,7,1,1,1,1,7,5,3.046,234.472,235.114,101,1,15,15,7,7,1,1,0,0,0,1,4,1,1,7,3,1,1,1,7,2,1,4,1,1,7,7,1,5,1,1,7,7,7,1,7,7,7,7,4,7,7,1,1,1,1,1,7,7,1,1,1,7,4,7,2.099,168.139,168.697,105,1,17,17,6,6,1,56,2,,,681956cc835cc0d092ab1775,68f93eda9d39995d2bc88d21,68fa46c62fe09414ddbceac2,Bottle of wine,a bottle of wine,Gym membership,a gym membership,Laundry detergent,laundry detergent
2025-10-23 11:16:29,2025-10-23 11:29:39,0,71.10.74.151,100,790,1,2025-10-23 11:29:40,R_5JLOIjYwXaBd1zA,,,,,43.7746,-88.4376,anonymous,EN,1,2,1,1,4,1,1,4,1,4,1,7,4,4,4,1,4,4,7,7,1,1,1,1,4,4,1,7,7,7,7,7,7,7,1,1,1,1,1,1,4,7,4,7,7,4,4,4,25.399,277.59299999999996,281.137,50,1,50,50,1,4,0,1,4,4,4,7,1,4,4,1,1,1,1,1,1,1,7,7,1,1,1,1,1,1,1,7,7,7,1,1,1,4,7,7,1,1,1,1,4,7,1,1,1,1,4,4,7.419,153.315,153.976,50,1,100,50,5,4,1,1,0,0,0,1,1,1,1,7,1,1,1,1,5,1,1,1,1,1,7,4,1,4,1,1,7,7,7,4,7,7,4,4,4,5,4,4,1,1,1,1,7,1,1,1,1,7,7,7,6.846,135.878,136.242,50,1,20,20,4,5,0,45,2,,,5d9968a81e667f00161f811b,68f93eda9d39995d2bc88d21,68fa46c629de295ed21e3632,Meal kit subscription,a meal kit subscription,Life insurance,life insurance,Public transit pass,a public transit pass
2025-10-23 11:18:40,2025-10-23 11:29:50,0,68.53.131.203,100,669,1,2025-10-23 11:29:50,R_3Nb7XrYqco2dkE0,,,,,36.0964,-86.8212,anonymous,EN,1,2,1,3,6,2,7,5,4,5,6,7,3,1,1,2,1,7,7,7,1,1,1,1,1,4,4,1,7,7,7,7,7,6,5,6,1,1,1,1,3,5,7,2,2,1,4,4,10.747,163.779,165.31,46,1,6000,800,4,4,1,6,5,4,7,4,1,6,7,7,6,1,7,1,1,7,7,7,1,1,1,1,1,1,6,1,7,7,7,7,7,7,7,7,1,1,1,1,7,7,1,1,2,4,4,4,7.196,124.828,126.743,45,1,30000,2500,7,4,1,1,1,0,0,4,4,1,4,1,4,4,1,1,7,7,7,4,7,1,1,1,7,7,1,7,7,7,7,7,7,7,7,7,7,5,4,1,1,1,1,1,7,1,1,1,4,6,1,7,15.646,125.638,127.33,45,1,200,80,4,4,1,61,1,,,5f7b8d1186b828165dae8e5f,68f93eda9d39995d2bc88d21,68fa47472d6f7ee539df1147,Designer handbag,a designer handbag,Luxury watch,a luxury watch,Electricity bill,an electricity bill
2025-10-23 11:16:54,2025-10-23 11:29:58,0,174.245.24.192,100,783,1,2025-10-23 11:29:58,R_1HiMNCuz8X0elSY,,,,,42.3313,-83.4656,anonymous,EN,1,2,1,3,2,2,3,5,2,3,1,1,7,1,1,1,1,1,5,6,2,7,1,6,7,6,7,7,7,7,1,4,6,6,6,6,1,1,1,1,3,7,1,1,2,6,7,7,13.695,254.481,255.162,53,5,200,200,1,6,0,7,3,5,1,1,3,1,1,4,1,1,1,7,1,7,7,7,1,1,1,1,1,1,7,6,7,1,1,1,1,4,1,1,1,4,1,1,7,3,3,1,4,1,1,1,36.184,194.468,195.396,46,7,30,20,1,1,0,1,0,0,0,6,5,7,5,1,6,3,1,1,1,1,1,7,1,7,7,7,1,1,1,1,1,1,6,1,7,1,1,1,1,1,1,1,1,1,1,1,5,3,1,3,2,1,1,1,5.204,150.796,151.673,47,7,30,10,1,1,0,38,1,,,63d698af12a4d488c5fdf05a,68f93eda9d39995d2bc88d21,68fa46cb4b5affc21b549c87,Monthly car payment,monthly car payment,Bike share membership,a bike share membership,Uber or Lyft,Uber or Lyft
2025-10-23 11:18:32,2025-10-23 11:30:03,0,173.73.192.41,100,691,1,2025-10-23 11:30:04,R_7dNii9JOsiGyRwm,,,,,38.8851,-77.1803,anonymous,EN,1,2,1,4,4,4,6,6,2,5,4,1,6,4,3,3,2,1,3,4,6,6,6,7,7,7,7,7,6,6,2,3,1,3,6,3,1,1,1,3,2,4,2,3,2,2,5,6,6.934,160.468,161.353,56,6,2000,1200,2,4,0,4,4,3,3,5,3,3,2,3,5,2,2,2,2,7,6,5,4,2,3,2,7,3,7,7,6,1,4,3,2,5,4,3,2,2,3,5,4,5,4,5,4,5,5,5,4.8,141.335,142.268,55,4,50,25,4,5,0,1,0,0,0,5,4,4,5,5,2,5,4,5,5,2,2,2,2,6,7,4,2,2,1,2,3,4,2,1,6,5,5,4,2,1,2,2,1,1,2,2,2,5,3,4,5,2,3,3,2.443,132.083,133.128,59,4,100,65,6,6,0,61,2,"The cost of any of these items can vary so much it’s difficult to do a good assessment. And I’d never heard of a bike share though I think I get the gist, though I have no concept of what that would cost.",,63b0953847122ffebd8a5991,68f93eda9d39995d2bc88d21,68fa47404ee8ac2b764f6759,Rent,rent,Bike share membership,a bike share membership,Concert ticket,a concert ticket
2025-10-23 11:19:00,2025-10-23 11:30:06,0,104.6.108.161,100,666,1,2025-10-23 11:30:07,R_1D6uaF7tDZzawt4,,,,,38.5347,-121.4442,anonymous,EN,1,2,1,5,6,5,4,3,3,5,3,5,2,3,3,3,3,5,6,6,3,2,4,3,2,2,5,2,6,6,4,4,3,2,2,2,2,2,2,2,4,4,3,5,3,3,2,2,4.384,176.579,177.603,52,5,80,40,4,5,0,5,6,5,5,2,3,6,5,6,3,3,4,4,2,5,5,6,2,2,3,4,2,3,5,6,4,6,5,5,4,3,4,6,2,2,2,2,3,5,5,6,6,4,3,4,3.922,161.135,162.494,51,6,200,150,2,4,0,1,1,0,0,6,5,3,5,5,2,5,5,4,5,3,5,6,2,3,5,6,6,6,6,6,2,2,4,6,4,5,2,2,4,5,5,6,2,3,1,2,5,4,3,5,5,5,5,5,5.246,135.648,139.936,49,6,300,200,4,5,0,34,1,,,632f09dfbcfe2edefdae1447,68f93eda9d39995d2bc88d21,68fa475cc848c0b05f0b069e,Theme park ticket,a theme park ticket,Meal kit subscription,a meal kit subscription,Life insurance,life insurance
2025-10-23 11:23:00,2025-10-23 11:30:12,0,76.217.223.173,100,431,1,2025-10-23 11:30:12,R_53fNi2DtKHU5cD5,,,,,35.1128,-89.9085,anonymous,EN,1,2,1,4,4,4,5,5,3,4,4,6,4,5,5,4,5,5,4,4,5,4,4,5,7,4,4,5,4,5,6,4,4,4,5,3,3,4,6,5,3,5,4,4,5,4,4,4,1.231,60.281,81.006,12,1,750,750,7,6,0,5,4,4,4,4,5,4,5,4,4,5,5,4,4,4,4,4,4,4,5,4,4,4,4,2,4,4,4,2,4,4,3,5,4,4,4,4,4,4,4,4,4,4,5,4,4.979,49.118,50.635000000000005,43,5,150,150,5,5,1,0,0,0,0,4,4,4,4,3,3,5,3,4,4,4,4,5,4,3,3,3,3,4,4,4,5,4,3,4,4,4,7,4,3,4,4,4,4,1,1,3,3,4,4,4,5,4,3,4,1.752,34.884,46.191,18,4,1200,1150,4,4,0,30,1,,,5bcc60b95c2b810001dc68e2,68f93eda9d39995d2bc88d21,68fa47d4c13a947b4dfb9390,Laptop,a laptop,Health insurance,health insurance,Rent,rent
2025-10-23 11:16:28,2025-10-23 11:30:12,0,172.81.71.128,100,824,1,2025-10-23 11:30:13,R_3402bMass2aHlft,,,,,30.7733,-89.8653,anonymous,EN,1,2,1,7,6,4,7,4,3,1,1,1,7,1,1,1,1,1,2,1,6,7,4,7,7,7,7,1,7,7,7,7,1,4,3,1,1,1,1,1,6,7,1,1,1,7,7,7,15.423,164.255,164.993,45,6,15,8,7,7,1,4,3,2,4,6,1,4,2,4,6,1,1,1,1,5,7,7,6,2,1,1,7,7,1,1,7,7,7,7,7,7,6,2,1,1,1,1,4,7,3,6,5,1,4,2,37.554,170.082,171.326,45,6,55,20,7,7,1,1,0,0,0,7,7,4,7,3,4,6,4,1,7,1,1,1,1,1,7,2,7,7,6,6,2,5,2,7,7,7,7,7,7,7,7,6,1,1,1,1,2,7,1,1,2,7,7,7,36.545,157.178,157.956,45,7,600,300,1,6,0,51,2,"Everything went well, thanks.",,66a63df6388e9adeb75e857d,68f93eda9d39995d2bc88d21,68fa46bcb3f99497c025b25d,Laundry detergent,laundry detergent,Physical video game,a physical video game,Monthly car payment,monthly car payment
2025-10-23 11:23:01,2025-10-23 11:30:16,0,68.41.137.47,100,435,1,2025-10-23 11:30:17,R_7qyxhtAp3DF95wY,,,,,42.4859,-83.1052,anonymous,EN,1,2,1,3,1,1,1,4,3,1,1,5,1,1,1,1,1,2,6,5,1,1,1,1,2,3,5,1,6,7,7,7,7,2,5,1,1,1,1,1,6,7,1,3,6,1,2,3,11.399,116.981,117.657,45,1,12,15,7,5,1,1,1,1,1,7,7,1,1,1,4,1,1,6,1,1,7,6,6,3,4,5,5,7,7,1,6,7,7,7,7,5,6,1,1,1,1,1,7,7,1,1,2,3,6,6,41.352,121.856,122.39,45,1,7,7,7,7,1,1,1,0,0,7,7,7,7,3,1,6,3,2,6,3,7,7,7,1,1,2,7,7,7,7,2,6,4,7,7,7,1,1,1,7,7,5,1,1,6,6,1,7,2,7,7,5,6,6,4.122,85.401,86.034,45,7,300,0,1,7,1,36,1,Nothing further to add at this time,,6683077da96221a925f683dd,68f93eda9d39995d2bc88d21,68fa484c964adcc71a4b598d,Bottle of wine,a bottle of wine,Shampoo,shampoo,Health insurance,health insurance
2025-10-23 11:19:49,2025-10-23 11:30:17,0,68.134.72.102,100,627,1,2025-10-23 11:30:17,R_5nou3nTeJJzMpgQ,,,,,39.4623,-76.2791,anonymous,EN,1,2,1,3,3,1,4,7,4,3,2,5,7,2,2,2,1,1,7,5,3,1,1,3,1,2,3,1,7,7,7,7,7,7,7,7,1,1,1,1,6,6,1,1,2,5,7,7,17.433,185.418,186.729,58,3,500,500,7,7,0,6,6,4,5,3,4,3,4,7,1,1,1,1,1,7,7,6,1,1,1,1,1,1,4,1,7,6,5,6,4,4,6,4,1,1,1,1,6,7,4,2,2,1,1,1,14.754,147.955,148.988,50,5,60,30,4,3,0,1,1,0,0,2,2,1,2,6,2,1,2,6,4,6,5,1,2,7,7,6,1,1,1,1,4,1,2,7,7,5,1,1,1,7,7,4,1,1,1,1,7,5,1,2,1,1,2,3,7.98,144.082,145.322,53,2,30,30,7,6,0,71,2,,,5ff07b5ee7a1d23e719e421e,68f93eda9d39995d2bc88d21,68fa46ff1ea4f6dd68b17383,Laptop,a laptop,Perfume,perfume,Netflix,a Netflix subscription
2025-10-23 11:16:21,2025-10-23 11:30:20,0,98.175.167.207,100,839,1,2025-10-23 11:30:21,R_7Cv3CR8hHs4wz9e,,,,,38.8976,-77.5109,anonymous,EN,1,2,1,3,6,3,3,3,3,4,2,6,4,4,4,4,3,5,6,1,4,4,4,5,2,4,3,1,4,4,3,2,4,4,4,4,1,4,1,3,6,3,3,4,3,2,4,4,6.216,258.512,259.63,63,6,100,50,2,3,0,5,5,2,7,5,1,1,5,3,5,4,4,4,4,6,6,6,4,1,1,1,4,1,4,1,6,5,7,7,7,6,7,5,1,1,1,1,4,5,2,4,4,4,4,4,4.709,125.621,126.378,56,5,1000,1000,7,7,1,1,0,0,0,4,4,1,6,4,4,4,6,5,4,3,4,4,2,4,6,4,2,5,2,4,4,4,4,4,6,5,7,7,4,4,7,5,1,1,1,1,4,5,4,3,5,4,4,4,5.497,199.418,201.598,49,5,5000,2000,6,5,0,41,1,,,67291fecd7b792dbe483dc89,68f93eda9d39995d2bc88d21,68fa46bd7db160601bae5cae,Concert ticket,a concert ticket,Designer handbag,a designer handbag,Luxury watch,a luxury watch
2025-10-23 11:19:10,2025-10-23 11:30:22,0,172.59.108.46,100,672,1,2025-10-23 11:30:23,R_346i5JUbt4osOeM,,,,,29.9734,-90.0885,anonymous,EN,1,2,1,7,7,7,6,1,7,5,1,7,1,1,1,1,1,7,7,7,1,1,1,1,5,7,7,1,7,7,7,7,1,1,1,1,1,1,1,1,6,7,7,1,7,7,7,7,12.132,195.185,196.305,50,3,15,10,7,5,1,5,5,1,5,5,1,5,1,7,1,1,1,1,1,5,7,7,1,1,1,1,5,1,7,1,7,7,7,7,1,1,1,1,1,1,1,1,1,7,7,1,1,7,7,7,15.687,152.974,154.064,48,5,7,7,7,7,1,1,1,0,0,7,7,1,7,7,1,7,7,7,7,1,1,1,1,4,7,7,1,1,1,1,1,1,1,7,7,7,1,1,7,7,7,7,1,1,1,1,1,7,1,7,7,1,1,1,5.784,161.027,163.158,50,7,15000,10000,5,7,0,62,2,,,62a099bb01ad779df1971ea4,68f93eda9d39995d2bc88d21,68fa475ba461e879ebd85572,Fast food meal,a fast food meal,Starbucks,Starbucks,Online course,a online course
2025-10-23 11:19:41,2025-10-23 11:30:25,0,67.141.72.229,100,643,1,2025-10-23 11:30:26,R_7WGuZZK1opXeCJl,,,,,31.7246,-96.1653,anonymous,EN,1,2,1,4,4,3,2,4,6,2,2,4,3,2,2,1,2,6,7,6,2,1,2,1,3,3,5,1,6,7,7,7,2,2,1,1,2,1,1,1,5,7,6,3,2,2,3,5,9.39,176.36,177.409,47,2,12,5,5,4,1,1,5,4,6,3,3,2,3,3,2,1,1,4,2,2,2,2,5,6,4,2,6,2,4,7,7,6,1,2,2,7,6,6,1,1,1,1,5,7,1,4,1,1,5,4,6.788,161.103,161.935,48,6,100,50,5,6,0,1,1,0,0,5,4,2,5,5,3,3,2,4,7,1,2,5,1,4,6,6,2,2,1,2,1,2,4,2,6,6,7,7,7,6,5,3,1,1,1,1,2,7,5,6,5,4,5,5,5.882,131.035,132.032,45,3,1000,800,7,6,0,35,1,,,6724eda4ec6f7b44f4406acf,68f93eda9d39995d2bc88d21,68fa470e832a571046d2637f,Starbucks,Starbucks,Life insurance,life insurance,Laptop,a laptop
2025-10-23 11:18:17,2025-10-23 11:30:35,0,174.100.201.150,100,737,1,2025-10-23 11:30:36,R_6P5E4wTFX4y5xBa,,,,,41.4708,-81.5246,anonymous,EN,1,2,1,1,4,1,5,6,1,1,4,1,7,2,1,1,1,5,7,3,3,5,1,1,7,1,1,7,5,6,1,1,1,7,7,5,1,1,1,1,1,5,1,1,1,1,4,5,7.151,198.252,199.692,55,1,300,300,7,7,1,1,4,1,4,7,7,1,1,1,7,1,7,1,4,1,3,1,7,7,1,7,7,1,7,7,5,7,1,1,1,7,7,1,1,1,1,4,7,3,1,1,1,7,7,7,3.786,142.527,144.071,53,2,150,150,2,7,1,1,0,0,0,1,2,2,3,6,1,1,1,1,7,1,1,1,1,1,7,5,5,1,1,1,4,7,4,1,6,4,7,7,7,7,6,1,1,1,1,1,1,7,1,5,3,1,6,1,4.55,147.794,149.172,54,1,135,120,5,7,1,42,2,,,5de7b588ff15c2a06658dd1d,68f93eda9d39995d2bc88d21,68fa473052b3c224abb55f4b,Gym membership,a gym membership,Electricity bill,an electricity bill,Pair of sneakers,a pair of sneakers
2025-10-23 11:21:10,2025-10-23 11:30:37,0,74.141.120.112,100,567,1,2025-10-23 11:30:38,R_5nOzVnygn2KX8z9,,,,,40.5912,-83.1258,anonymous,EN,1,2,1,7,7,6,4,1,7,5,3,1,4,5,2,7,4,4,3,4,5,4,4,5,4,7,4,1,7,4,7,7,7,1,5,2,1,1,1,2,7,7,1,6,6,1,3,4,10.468,160.603,161.327,45,5,160,20,4,3,1,1,1,1,2,7,4,1,1,4,5,6,7,1,1,6,7,5,4,1,1,1,6,7,2,1,7,3,4,2,2,7,7,6,1,5,1,2,4,6,2,4,4,6,5,7,5.259,185.282,186.435,46,1,15,15,7,7,1,1,1,0,0,7,7,7,7,1,1,7,6,1,4,7,6,7,1,7,7,7,1,1,1,1,1,1,1,6,7,7,7,7,7,1,1,1,1,1,1,1,1,7,1,7,7,5,5,5,4.605,86.344,87.081,45,6,120,50,1,2,0,46,2,,,593f819f0ab1bd00019fd63d,68f93eda9d39995d2bc88d21,68fa47d84efaf2778de900da,Textbook,a textbook,Digital book,a digital book,Meal kit subscription,a meal kit subscription
2025-10-23 11:16:36,2025-10-23 11:30:42,0,98.250.120.97,100,846,1,2025-10-23 11:30:43,R_5YNLShdV3fO8Pzb,,,,,42.1382,-83.2179,anonymous,EN,1,2,1,5,5,5,4,6,5,6,3,6,6,6,1,2,5,1,6,1,7,5,6,4,7,6,6,6,7,7,7,7,7,5,1,1,5,2,6,6,7,7,6,7,7,5,7,7,13.951,177.133,178.584,60,1,10,7,7,6,1,7,7,5,7,6,6,5,6,6,6,4,7,7,5,3,6,6,7,1,7,5,5,6,6,6,7,5,6,7,7,6,7,7,6,5,7,6,6,7,6,6,7,6,6,7,66.959,203.524,204.486,57,3,45,30,6,6,1,1,0,0,0,6,7,4,6,6,7,6,6,7,7,6,6,1,6,1,6,7,6,5,2,5,3,6,6,7,7,7,6,7,7,7,6,7,7,7,6,6,7,5,7,7,6,7,6,7,5.055,147.106,148.211,62,3,845,570,7,7,0,37,1,,,630a8feaa8eef385f72dc1a5,68f93eda9d39995d2bc88d21,68fa46c66052497634bf1c3c,Shampoo,shampoo,Perfume,perfume,Laptop,a laptop
2025-10-23 11:18:52,2025-10-23 11:30:49,0,35.148.93.131,100,717,1,2025-10-23 11:30:50,R_6zqe3yGBVZ55yAD,,,,,43.0812,-89.3838,anonymous,EN,1,1,1,4,2,2,5,4,4,5,2,6,3,1,1,2,1,7,7,7,1,1,1,1,4,1,1,1,7,5,7,7,4,1,1,2,1,1,1,1,1,7,3,6,7,4,4,5,44.967,232.563,233.5,58,2,15,20,5,3,0,7,7,7,6,1,4,5,2,5,2,1,1,1,1,7,7,7,1,1,1,1,1,1,6,1,7,6,7,7,2,1,1,1,1,1,1,1,5,7,7,4,7,6,5,6,6.803,159.145,159.701,49,2,8,5,4,2,1,1,1,0,0,6,4,2,4,4,4,3,1,2,7,7,7,6,2,2,4,4,3,6,4,5,7,7,7,1,7,7,7,7,7,7,7,1,1,1,1,2,4,7,2,3,7,7,7,7,4.781,130.97,131.956,55,4,10,5,4,6,0,31,1,Thank you,,5ad2c8334d061300011b1985,68f93eda9d39995d2bc88d21,68fa474f225a1a453a5b4b38,Restaurant dinner,a restaurant dinner,Fast food meal,a fast food meal,Laundry detergent,laundry detergent
2025-10-23 11:22:54,2025-10-23 11:30:56,0,98.16.228.127,100,481,1,2025-10-23 11:30:56,R_56rIEEFaePtSVLb,,,,,35.1315,-79.4295,anonymous,EN,1,2,1,1,6,1,3,3,1,1,1,1,1,1,2,2,2,1,7,7,1,1,1,1,4,4,1,7,1,1,2,1,1,7,6,1,1,1,1,1,1,1,1,1,1,1,1,1,10.07,226.831,227.952,49,1,50,40,4,3,0,3,1,1,3,2,4,4,1,1,1,2,4,1,4,3,3,3,3,4,1,5,4,1,1,5,3,6,4,1,2,4,2,4,5,1,1,3,1,2,1,2,4,1,2,1,3.356,49.895,53.031,46,1,150,125,5,4,0,1,0,0,0,3,2,3,1,4,2,2,3,1,1,4,2,1,1,4,4,1,2,1,2,1,1,2,3,1,1,1,1,2,1,1,1,1,4,3,1,1,1,1,4,1,1,1,2,3,3.268,42.519,43.882,46,1,25,20,5,6,0,40,1,,,606cf604adbb6982bb382881,68f93eda9d39995d2bc88d21,68fa48451a2ec6f188889cdf,Gym membership,a gym membership,Luxury hotel stay,a luxury hotel stay,Public transit pass,a public transit pass
2025-10-23 11:20:56,2025-10-23 11:31:16,0,184.59.194.45,100,619,1,2025-10-23 11:31:16,R_32EtsAsW4lC1nHj,,,,,44.5523,-88.0825,anonymous,EN,1,2,1,7,7,6,7,3,7,7,5,7,3,3,5,6,5,7,7,7,1,5,1,3,1,5,3,4,7,1,7,7,7,5,5,3,1,1,1,1,2,7,4,7,1,1,3,5,32.45,204.714,205.385,53,5,800,250,5,2,1,2,2,1,1,5,3,1,1,1,6,6,6,2,1,1,4,5,3,3,2,2,6,7,5,1,5,7,5,7,6,3,3,1,1,1,5,6,3,7,1,5,6,7,7,6,6.018,107.845,108.725,55,1,15,10,7,6,1,1,1,0,0,7,7,7,5,1,6,4,2,7,3,1,1,7,1,7,7,7,1,1,1,1,1,4,6,1,6,1,7,7,4,1,1,1,1,1,3,2,5,5,1,6,7,1,2,1,3.319,154.629,155.442,56,2,8,4,1,1,0,41,2,,,5589cd58fdf99b18be3203af,68f93eda9d39995d2bc88d21,68fa47d0f7dee166b2a6a7d0,Designer handbag,a designer handbag,Laundry detergent,laundry detergent,Starbucks,Starbucks
2025-10-23 11:22:47,2025-10-23 11:31:19,0,69.254.155.44,100,511,1,2025-10-23 11:31:20,R_12vsYWTqMnXDsLD,,,,,35.6591,-106.0171,anonymous,EN,1,2,1,5,5,5,3,3,7,2,2,5,4,5,6,2,4,4,5,6,2,2,2,2,3,2,6,1,6,3,2,4,4,6,5,2,1,2,3,4,6,1,4,2,2,5,3,4,10.474,150.244,151.326,58,2,10,5,4,4,0,4,5,4,4,4,5,3,5,2,6,3,2,6,1,3,3,5,5,5,5,6,6,1,5,1,7,7,1,1,1,1,1,1,1,1,1,1,3,3,6,3,7,6,6,7,7.753,118.594,119.246,56,5,20,15,3,4,1,1,0,0,0,7,7,7,7,2,4,6,7,7,1,1,1,7,1,7,7,7,1,1,4,1,1,1,1,1,7,1,7,7,7,6,6,5,1,1,1,1,3,7,7,4,5,1,1,1,6.27,100.251,101.359,48,7,1000,500,2,2,0,40,1,,,5d8d12f6d88e3a00142c9751,68f93eda9d39995d2bc88d21,68fa4841427f9f82fd065df5,Digital book,a digital book,Uber or Lyft,Uber or Lyft,Luxury watch,a luxury watch
2025-10-23 11:23:06,2025-10-23 11:31:19,0,73.246.22.204,100,493,1,2025-10-23 11:31:20,R_7qsJajEM8HW7h68,,,,,41.6673,-87.8303,anonymous,EN,1,2,1,4,3,2,1,4,6,1,1,5,4,5,7,2,1,4,5,6,6,1,1,1,1,1,4,1,3,2,1,1,1,4,4,4,1,3,3,2,7,5,3,5,6,2,2,2,5.619,132.183,132.656,66,1,6,5,4,5,0,5,4,1,5,4,3,5,2,1,6,2,1,2,4,1,5,4,2,4,4,5,6,1,7,7,6,4,1,1,1,7,7,7,1,1,1,1,2,7,1,4,2,3,6,6,4.318,120.533,121.356,63,4,200,200,5,6,0,1,0,0,0,3,4,2,1,4,5,1,1,5,5,1,1,1,1,5,3,7,1,1,5,1,2,3,4,1,3,1,7,7,1,1,1,1,1,1,1,1,4,7,1,1,4,5,5,4,2.76,123.025,123.636,60,1,8,5,7,5,1,30,2,,,66043087e6f547531945bb3f,68f93eda9d39995d2bc88d21,68fa485313aa00054acd95b2,Digital book,a digital book,Life insurance,life insurance,Fast food meal,a fast food meal
2025-10-23 11:16:25,2025-10-23 11:31:20,0,67.248.11.40,100,894,1,2025-10-23 11:31:21,R_7jG6COfZyNMMsEh,,,,,42.9135,-78.889,anonymous,EN,1,2,1,2,2,2,4,6,2,2,1,7,7,1,1,1,4,4,7,7,1,1,1,1,3,2,5,1,7,7,7,7,7,6,6,1,1,1,1,1,4,7,1,1,1,2,4,1,13.775,231.118,232.507,57,2,25,30,6,6,1,5,5,3,3,4,1,3,2,6,7,1,1,4,1,5,7,7,1,4,1,1,5,7,2,7,7,7,7,7,7,7,7,7,1,1,1,1,2,6,1,1,1,2,6,4,8.473,220.4,221.332,58,3,20,15,4,6,1,1,0,0,0,3,1,1,2,5,4,1,2,7,7,1,4,1,2,4,7,7,1,1,1,1,5,5,5,1,7,1,1,1,2,7,6,4,1,1,1,1,6,7,1,5,6,4,4,4,4.578,182.892,184.807,60,1,9,9,4,5,1,33,1,,,6400db08ae94a6b881964731,68f93eda9d39995d2bc88d21,68fa46be2eda96b932e1ca40,Bottle of wine,a bottle of wine,Gym membership,a gym membership,Digital book,a digital book
2025-10-23 11:18:22,2025-10-23 11:31:20,0,128.194.2.212,100,778,1,2025-10-23 11:31:21,R_3r7WiSLcwOQoloJ,,,,,30.6567,-96.3335,anonymous,EN,1,2,1,2,4,1,2,6,3,1,1,1,5,5,5,1,1,1,7,2,6,3,1,7,6,7,5,1,7,7,7,7,2,4,6,2,1,1,1,4,7,7,1,1,1,2,5,6,7.231,162.806,163.564,54,1,10,10,6,7,1,4,5,5,3,1,2,5,3,5,2,1,6,7,1,7,7,7,1,1,1,1,1,1,6,1,7,1,7,7,7,1,6,1,1,1,1,1,4,4,7,5,5,1,1,2,4.883,101.678,102.422,56,4,10,5,1,1,0,1,0,0,0,3,4,7,1,1,7,2,2,1,1,7,7,7,1,7,7,7,1,1,3,1,1,1,7,1,3,7,1,1,1,4,2,1,1,7,2,1,7,6,7,6,4,1,1,1,2.831,254.618,254.808,58,3,10,5,1,1,0,34,2,,,5ceac8abb5a9d90001c07ec0,68f93eda9d39995d2bc88d21,68fa47299bea838f3c33af68,Laundry detergent,laundry detergent,Digital book,a digital book,Digital book,a digital book
2025-10-23 11:18:38,2025-10-23 11:31:31,0,75.62.64.146,100,772,1,2025-10-23 11:31:31,R_3V2cdkaKe9RzoIE,,,,,32.6731,-96.7755,anonymous,EN,1,2,1,4,4,2,2,6,3,4,2,6,6,3,2,3,2,1,4,6,6,4,4,4,3,3,2,1,6,6,7,6,7,6,7,5,1,1,1,1,2,6,1,5,4,5,6,6,14.141,187.491,188.36,60,3,80,75,6,6,1,5,5,3,4,4,2,5,3,6,1,2,2,4,3,5,1,5,2,1,1,1,1,1,2,1,6,6,6,7,4,2,3,3,1,1,1,1,1,6,5,4,5,1,1,1,51.174,200.228,200.803,63,2,25,20,4,4,0,1,0,0,0,3,4,3,2,5,4,3,2,3,4,4,4,5,4,3,5,6,4,3,3,2,3,3,5,5,5,3,6,6,6,4,4,4,4,2,3,3,3,3,1,2,3,5,5,5,1.358,204.162,207.063,59,4,5,4,4,4,0,38,2,,,672166c613ae45d2990702b6,68f93eda9d39995d2bc88d21,68fa473f71e13df639606c37,Pair of sneakers,a pair of sneakers,Bottle of wine,a bottle of wine,Public transit pass,a public transit pass
2025-10-23 11:16:40,2025-10-23 11:31:31,0,97.155.243.156,100,891,1,2025-10-23 11:31:32,R_5eOs9oZ9UY5ubYn,,,,,29.522,-98.5305,anonymous,EN,1,2,1,6,7,5,7,5,7,6,4,1,6,2,1,4,3,2,2,1,6,7,7,7,7,7,4,7,7,7,1,3,1,7,6,6,6,1,1,3,6,2,1,1,1,2,7,6,22.574,260.305,261.173,53,6,350,150,1,5,1,5,7,5,7,5,6,7,4,1,6,2,2,7,2,1,2,3,6,6,7,7,7,7,5,7,7,7,2,1,1,7,6,7,6,1,1,2,6,2,1,1,2,1,7,7,32.313,226.756,227.301,50,6,350,150,1,5,1,1,0,0,0,3,3,2,4,5,2,4,2,5,5,2,3,1,1,4,7,6,1,4,1,1,5,2,5,7,7,1,6,4,2,7,6,7,1,1,1,1,5,4,1,2,5,2,4,3,9.03,185.704,186.681,49,3,60,30,6,6,0,43,2,,,66e4d86dc6b20335f135a8e5,68f93eda9d39995d2bc88d21,68fa46c3c46cbb8b221d97ce,Electricity bill,an electricity bill,Electricity bill,an electricity bill,Gym membership,a gym membership
2025-10-23 11:16:17,2025-10-23 11:31:43,0,75.175.171.102,100,926,1,2025-10-23 11:31:44,R_6DLHrITA0AXypXQ,,,,,36.1473,-115.1152,anonymous,EN,1,2,1,5,5,4,3,4,1,2,1,4,4,1,2,4,2,4,7,7,2,1,2,1,2,2,5,1,4,1,7,7,2,2,2,1,1,1,1,2,1,7,5,3,5,5,3,5,13.989,233.189,236.885,46,4,80,50,6,5,0,4,6,3,5,4,2,5,1,1,5,4,6,4,5,1,2,3,2,6,4,4,6,4,5,3,4,5,1,1,2,4,4,3,4,2,2,3,5,7,2,4,3,4,5,4,7.819,212.447,214.861,50,5,200,100,5,6,0,1,1,0,0,3,4,3,2,4,2,4,1,3,3,2,5,4,3,5,7,6,2,2,2,3,2,6,5,3,4,7,7,7,7,6,5,4,2,3,2,2,6,4,3,5,4,4,2,5,9.907,195.906,201.556,47,2,50,50,5,4,0,37,1,"Interesting study, I hope the research goes well!",,6344e676138c37d41771acd0,68f93eda9d39995d2bc88d21,68fa46b9a7e638fa3dad5480,Restaurant dinner,a restaurant dinner,Health insurance,health insurance,Perfume,perfume
2025-10-23 11:16:14,2025-10-23 11:31:43,0,81.161.5.140,100,928,1,2025-10-23 11:31:44,R_7egFjSAS46ceyaa,,,,,40.7662,-74.0178,anonymous,EN,1,2,1,5,4,5,5,4,3,4,5,5,4,5,5,5,6,4,5,4,5,4,5,5,4,5,5,4,5,5,5,4,4,5,6,4,4,4,4,4,3,3,5,4,6,4,4,5,30.245,113.979,114.63199999999999,81,5,5,5,4,5,1,5,4,5,5,5,5,6,4,6,5,6,5,6,5,5,5,4,5,4,4,4,6,5,5,5,6,4,5,4,4,5,4,5,5,5,5,5,5,6,5,5,4,5,4,4,0.976,33.616,33.915,67,5,15,15,5,6,1,1,0,0,0,6,5,4,4,4,4,4,5,5,4,4,5,5,5,5,5,4,3,5,6,5,6,6,6,4,5,5,5,5,5,5,5,4,4,4,5,5,5,5,5,5,6,5,6,5,1.084,32.97,33.75,67,6,40,40,6,5,1,33,2,n/a,,66e9236f775eae67be04229d,68f93eda9d39995d2bc88d21,68fa46bafe48666b07f741c6,Starbucks,Starbucks,Luxury watch,a luxury watch,Physical video game,a physical video game
2025-10-23 11:17:07,2025-10-23 11:31:54,0,216.249.88.60,100,886,1,2025-10-23 11:31:55,R_7JrOIL7IspKWs4d,,,,,39.1215,-86.5784,anonymous,EN,1,2,1,3,3,1,1,4,3,2,1,1,4,1,1,1,1,1,6,1,6,4,1,5,7,6,6,1,1,6,7,7,4,3,3,1,2,1,1,1,6,7,1,2,5,1,2,1,10.471,267.642,269.109,56,1,5,5,6,6,1,5,4,1,4,5,1,5,2,7,2,1,1,1,1,7,7,7,1,1,1,1,2,1,3,1,7,7,6,4,1,1,1,1,1,1,1,1,1,7,6,5,7,5,5,5,7.394,211.578,213.198,52,4,20,15,7,2,1,1,1,0,0,7,6,4,6,3,2,7,6,5,4,1,1,1,1,7,7,7,1,1,1,1,1,1,3,1,7,7,7,1,1,1,1,1,1,1,1,1,2,7,6,2,6,1,4,2,7.073,184.755,186.215,53,6,400,250,7,1,0,62,2,,,59f38493da08940001d4e599,68f93eda9d39995d2bc88d21,68fa46e352e0bee777493d3b,Shampoo,shampoo,Restaurant dinner,a restaurant dinner,Luxury hotel stay,a luxury hotel stay
2025-10-23 11:19:37,2025-10-23 11:32:00,0,47.134.200.223,100,742,1,2025-10-23 11:32:01,R_5s5FD1Aunw8zbxb,,,,,36.2099,-81.6724,anonymous,EN,1,2,1,2,5,4,7,5,1,5,3,6,1,1,2,2,1,6,6,6,4,1,1,2,4,4,2,1,6,6,7,6,4,6,6,4,1,1,1,1,1,6,4,4,1,6,1,4,8.205,217.851,219.89,58,4,75,75,7,7,0,6,6,2,6,6,1,6,5,1,6,4,6,1,2,1,4,5,6,6,4,6,6,6,1,6,6,6,6,6,6,6,5,6,1,1,1,1,2,6,1,5,5,1,6,6,7.613,177.328,179.037,50,7,2000,1000,1,7,1,1,1,0,0,5,4,3,6,5,1,6,4,6,2,2,2,3,2,4,6,6,1,1,2,4,4,5,3,2,6,6,6,6,6,6,6,5,1,1,1,1,2,6,4,4,4,3,3,2,10.778,145.052,146.966,52,4,75,75,7,7,0,66,2,,,6786df6d5fcaf600fa98bb40,68f93eda9d39995d2bc88d21,68fa477a3fe9c2c55cb4418b,Perfume,perfume,Rent,rent,Perfume,perfume
2025-10-23 11:23:35,2025-10-23 11:32:20,0,73.89.252.117,100,524,1,2025-10-23 11:32:21,R_6pmJZx969XRMafn,,,,,42.1224,-72.5116,anonymous,EN,1,2,1,4,4,1,4,4,4,4,1,4,7,4,1,7,1,4,7,7,1,1,1,1,1,1,6,1,7,7,1,4,1,1,1,1,1,1,1,1,7,4,1,7,7,6,6,6,23.535,136.864,139.26,50,1,50,20,4,1,0,4,4,4,4,4,4,4,4,7,6,4,4,4,1,4,7,7,1,1,1,1,1,4,4,4,7,4,1,1,1,4,4,4,1,2,1,4,1,7,2,7,7,1,4,4,35.752,139.663,140.768,51,4,100,100,4,4,0,1,1,0,0,4,4,4,4,4,4,4,4,7,5,4,4,4,1,4,7,7,1,1,1,1,1,4,4,4,7,4,1,1,1,4,4,4,1,4,1,1,4,7,4,7,7,4,4,4,8.784,103.039,103.901,51,4,100,100,4,4,0,50,1,"Two out of the three items were the exact same thing, and I've never purchased an online course or used ride-sharing.",,66e0813b79955faf3b6017c3,68f93eda9d39995d2bc88d21,68fa46d533e771ad075c3c90,Uber or Lyft,Uber or Lyft,Online course,a online course,Online course,a online course
2025-10-23 11:18:04,2025-10-23 11:32:22,0,141.217.199.226,100,858,1,2025-10-23 11:32:23,R_5MAV5LwaOBb7PsT,,,,,42.3845,-83.0408,anonymous,EN,1,2,1,7,7,7,7,4,6,3,2,7,5,4,7,3,4,7,6,7,5,1,1,1,1,3,6,1,5,7,7,7,1,4,2,1,1,1,1,1,7,7,1,1,2,3,3,4,504.095,623.962,624.531,45,5,7,4,7,3,1,7,7,7,7,5,4,5,7,1,6,4,5,5,7,4,4,3,4,5,7,7,3,4,7,4,3,5,4,7,7,5,6,4,1,1,1,1,4,5,5,5,5,2,4,4,12.96,57.544,58.239,55,7,500,200,1,3,0,1,1,0,0,7,7,7,7,4,4,6,7,4,4,4,4,4,4,3,6,5,4,5,5,5,3,5,4,5,4,7,4,7,3,3,5,1,4,4,1,1,3,6,4,5,4,4,3,5,2.722,43.231,44.05,58,5,7,4,5,5,1,39,1,n/a,,5be9e6959907dd00013bd3c6,68f93eda9d39995d2bc88d21,68fa4727881de3e3b732a99d,Starbucks,Starbucks,Monthly car payment,monthly car payment,Starbucks,Starbucks
2025-10-23 11:20:05,2025-10-23 11:32:29,0,65.185.27.75,100,744,1,2025-10-23 11:32:30,R_7hWFHG2ezNnQNcf,,,,,40.0732,-82.4017,anonymous,EN,1,2,1,1,7,1,7,7,1,5,1,1,7,1,1,1,1,1,1,1,7,7,3,7,7,7,7,7,7,7,1,1,1,1,1,2,1,1,1,1,1,1,4,1,1,1,7,1,12.852,209.82,210.681,48,5,1600,1000,1,1,1,7,1,1,6,1,1,3,1,1,7,1,7,1,1,4,7,7,1,1,1,1,1,1,7,7,7,1,1,1,1,7,4,7,1,1,7,7,1,7,1,4,1,1,7,7,4.795,220.779,221.75,52,3,100,0,4,4,1,1,0,0,0,7,6,1,4,4,4,3,1,3,7,1,1,1,1,4,7,7,1,1,1,1,1,1,7,1,7,7,1,5,1,7,6,7,1,1,1,1,7,7,7,7,4,1,4,7,5.403,161.691,162.454,47,1,50,50,4,4,0,29,2,,,59f22a9fd6380600018b2929,68f93eda9d39995d2bc88d21,68fa478feede1244de15d701,Rent,rent,Gym membership,a gym membership,Uber or Lyft,Uber or Lyft
2025-10-23 11:20:39,2025-10-23 11:32:45,0,174.99.96.51,100,726,1,2025-10-23 11:32:46,R_7JV1EBAUAz9vTKR,,,,,35.5831,-78.7881,anonymous,EN,1,2,1,2,3,2,3,7,1,2,2,7,1,7,7,1,3,3,7,1,2,1,1,1,1,1,5,1,7,7,7,7,7,7,7,3,1,1,1,1,7,7,1,5,6,1,1,2,8.537,160.75,161.302,56,1,60,40,6,3,0,2,3,3,4,4,1,2,2,7,1,7,7,1,5,4,1,2,5,1,1,1,1,1,3,1,7,7,7,7,7,7,7,2,1,1,1,3,7,7,1,6,5,1,1,1,10.705,235.443,235.746,53,1,60,40,6,2,0,1,1,0,0,6,6,6,6,5,1,5,2,1,7,7,7,7,7,1,1,2,1,7,7,7,7,2,7,7,7,7,1,1,1,2,1,5,1,1,1,4,2,7,1,1,1,7,7,7,5.434,125.476,126.069,57,3,100,25,1,1,1,35,2,,,67ad135340401bf2ed4b7e11,68f93eda9d39995d2bc88d21,68fa4768d6c651e3119af9d7,Physical video game,a physical video game,Physical video game,a physical video game,Monthly car payment,monthly car payment
2025-10-23 11:18:55,2025-10-23 11:33:00,0,71.145.255.12,100,845,1,2025-10-23 11:33:01,R_6oosB6i8yJud2tH,,,,,37.6257,-97.3142,anonymous,EN,1,2,1,4,4,4,4,4,4,4,4,4,4,4,4,4,4,4,6,4,4,1,1,2,4,4,4,6,4,5,4,7,6,4,5,6,1,1,1,1,3,6,4,4,6,5,4,4,11.056,252.341,253.605,45,4,100,100,1,4,0,4,4,1,5,4,2,5,4,4,5,1,4,4,1,2,4,6,4,2,4,4,4,4,3,2,6,5,4,6,1,3,1,4,1,1,1,1,1,6,6,4,6,5,4,4,5.915,147.556,149.068,46,4,150,150,6,6,0,1,1,0,0,4,4,4,4,4,4,5,4,4,5,4,4,2,1,4,7,5,4,4,2,2,2,4,2,1,5,2,6,7,6,5,6,4,1,1,1,1,4,6,4,4,4,4,4,4,30.878,252.831,255.043,46,5,500,900,5,5,0,53,1,TY  Have a good day,,6143af8721d1445864c4f6c8,68f93eda9d39995d2bc88d21,68fa473a091159b8f591ff15,Meal kit subscription,a meal kit subscription,Luxury hotel stay,a luxury hotel stay,Designer handbag,a designer handbag
2025-10-23 11:18:18,2025-10-23 11:33:07,0,172.59.85.63,100,888,1,2025-10-23 11:33:07,R_5nioXMZ1pjsIa6O,,,,,38.1608,-85.7807,anonymous,EN,1,2,1,4,6,1,4,6,7,3,1,1,7,1,4,4,6,1,1,2,6,7,2,6,7,1,6,7,7,7,1,1,1,7,7,1,1,1,1,1,6,1,1,1,4,4,7,7,6.914,291.083,291.977,64,3,150,100,7,7,1,1,1,1,1,6,6,1,1,6,1,1,1,1,4,4,7,6,1,1,1,1,5,6,5,4,6,1,1,1,1,6,6,1,1,4,1,1,6,6,4,1,1,1,1,1,3.245,130.415,210.201,8,1,10,10,7,7,1,1,1,0,0,4,6,2,6,4,1,5,6,6,4,4,1,1,1,5,1,6,1,1,1,1,1,1,6,1,6,7,4,7,1,1,4,1,1,1,1,1,6,7,6,6,4,1,1,1,1.584,152.849,153.272,61,6,250,150,6,7,0,62,1,,,66042d8fc8f0421abb8ecf06,68f93eda9d39995d2bc88d21,68fa4731ad4e10b79d730c87,Electricity bill,an electricity bill,Digital book,a digital book,Luxury hotel stay,a luxury hotel stay
2025-10-23 11:18:42,2025-10-23 11:33:13,0,73.210.179.174,100,871,1,2025-10-23 11:33:14,R_7t3Yq3yVPq8LdXp,,,,,41.9199,-88.3075,anonymous,EN,1,2,1,2,4,1,6,7,1,3,1,2,6,1,3,1,4,2,6,7,1,7,1,1,7,6,2,7,7,6,1,2,2,4,5,7,1,1,1,3,1,7,1,1,4,6,6,5,15.403,264.54200000000003,267.195,49,1,30,30,7,7,1,2,3,1,3,7,1,2,1,1,6,1,3,2,2,2,7,4,1,5,1,1,7,6,1,7,6,7,4,4,5,4,6,7,1,1,1,1,3,6,1,1,3,6,6,6,6.894,254.675,255.418,48,1,100,50,4,7,1,1,1,0,0,3,5,1,5,7,3,3,1,1,6,1,1,1,1,1,7,7,1,2,1,1,7,6,3,7,7,7,4,5,3,6,6,7,1,1,1,1,1,7,1,1,3,6,6,6,38.072,194.592,195.159,47,1,25,5,4,7,1,41,2,Too many repetitive questions for the product,,65cf6dbbe3b7c1159d0364e9,68f93eda9d39995d2bc88d21,68fa474d6b648b5ee24b597d,Life insurance,life insurance,Life insurance,life insurance,Parking,parking
2025-10-23 11:19:57,2025-10-23 11:33:13,0,75.52.163.190,100,796,1,2025-10-23 11:33:14,R_3i5nKzZEoLaByuy,,,,,30.8207,-88.0706,anonymous,EN,1,2,1,1,4,1,5,7,1,2,1,6,1,1,1,1,1,7,7,7,1,1,1,1,1,1,1,1,7,7,1,1,1,1,1,2,1,1,1,1,7,7,1,4,7,1,1,1,7.251,208.747,209.702,139,1,150,150,7,6,0,1,1,1,4,7,1,4,2,4,7,1,1,7,1,4,7,7,7,2,1,1,1,1,1,1,7,1,1,1,1,7,4,7,1,1,1,1,1,7,1,1,1,1,7,7,2.717,160.944,161.712,108,1,1000,500,4,7,0,1,0,0,0,1,1,1,1,7,4,1,1,1,4,7,1,1,1,1,1,7,1,6,1,7,7,7,7,1,7,7,7,7,7,1,1,1,1,1,1,1,7,7,1,1,1,1,7,7,4.762,158.133,159.065,107,1,15,13,7,7,1,26,1,,,6696dcdd685b78a4a5f3efcf,68f93eda9d39995d2bc88d21,68fa47929fa14cfb2f196ae2,Concert ticket,a concert ticket,Online course,a online course,Laundry detergent,laundry detergent
2025-10-23 11:18:19,2025-10-23 11:33:16,0,107.134.2.228,100,897,1,2025-10-23 11:33:16,R_6ubJ67umZHvU3a9,,,,,36.0048,-86.7886,anonymous,EN,1,2,1,4,4,4,1,3,5,1,1,3,2,6,5,5,5,6,7,7,2,1,1,1,1,5,6,7,5,7,1,3,1,7,6,4,4,2,5,5,6,5,5,5,6,2,2,2,14.242,192.308,196.81,50,4,15,10,2,2,0,7,6,4,6,2,1,3,4,4,1,1,1,1,1,5,7,4,7,1,3,1,1,5,4,1,7,7,1,1,1,1,1,4,1,1,1,1,2,7,4,4,4,1,1,1,6.125,161.78400000000002,164.64700000000002,49,6,100,50,5,3,0,1,0,0,0,4,3,3,5,4,3,3,4,3,7,1,1,1,1,2,7,3,4,6,1,1,3,4,4,7,6,7,1,1,1,7,6,6,1,1,1,1,3,6,1,6,6,1,5,2,6.449,152.114,153.923,47,5,75,50,5,5,0,53,1,,,66491123bad1ab6fd3b455c0,68f93eda9d39995d2bc88d21,68fa47322b0859df535b56fb,Netflix,a Netflix subscription,Theme park ticket,a theme park ticket,Gym membership,a gym membership
2025-10-23 11:18:22,2025-10-23 11:33:27,0,73.225.181.98,100,905,1,2025-10-23 11:33:28,R_3rkzXtvJzZgX9Ej,,,,,47.2476,-122.4643,anonymous,EN,1,2,1,4,3,4,3,4,4,2,1,2,4,4,3,4,6,6,7,4,2,1,1,1,3,2,4,7,6,6,1,2,1,6,4,2,1,2,4,6,4,4,6,6,6,3,4,4,27.839,260.751,261.779,53,2,20,10,2,4,0,1,1,1,1,5,4,1,1,7,1,1,1,1,1,4,6,6,2,1,1,4,4,6,1,1,7,7,7,7,4,1,1,1,1,1,1,7,4,6,2,1,7,4,4,4,8.593,164.884,166.63,53,1,30,20,6,4,1,1,1,0,0,4,4,4,4,1,4,1,1,1,4,4,4,7,7,7,7,4,4,1,1,1,1,1,4,7,7,6,1,1,1,5,4,1,1,1,4,4,4,4,7,4,7,4,4,4,9.3,216.399,217.48,53,2,20,10,2,2,0,27,2,none,,60fef46ad3fef7593e28ead4,68f93eda9d39995d2bc88d21,68fa47339902201129f43124,Bike share membership,a bike share membership,Restaurant dinner,a restaurant dinner,Bike share membership,a bike share membership
2025-10-23 11:24:56,2025-10-23 11:33:38,0,148.59.89.127,100,522,1,2025-10-23 11:33:39,R_1nZF47XCpFQXkjv,,,,,42.9934,-84.1595,anonymous,EN,1,2,1,7,7,7,7,2,1,4,1,7,1,1,1,1,1,7,7,7,1,1,1,1,1,1,5,1,7,7,7,4,1,1,1,1,1,1,1,1,6,6,5,4,6,1,1,1,9.187,146.01299999999998,148.81599999999997,47,6,75,40,6,2,1,4,4,5,5,1,1,3,1,7,1,1,1,1,1,7,7,7,1,1,1,1,1,1,4,1,7,7,7,7,7,4,4,1,1,1,1,1,6,7,1,7,7,1,1,1,9.329,94.868,95.606,46,4,40,15,1,4,0,1,1,0,0,7,7,7,7,1,1,7,7,7,5,1,1,4,1,7,7,7,1,1,1,1,1,1,1,1,7,7,1,1,1,1,1,1,1,1,1,1,1,7,6,7,7,1,1,5,5.068,121.068,122.073,49,7,400,250,7,2,0,42,2,,,60e755dd08b47aac26807cd9,68f93eda9d39995d2bc88d21,68fa48bf10eca89613c459b2,Theme park ticket,a theme park ticket,Bottle of wine,a bottle of wine,Luxury hotel stay,a luxury hotel stay
2025-10-23 11:20:28,2025-10-23 11:33:57,0,76.37.179.0,100,808,1,2025-10-23 11:33:58,R_1AHLpHY4pLKb9ex,,,,,43.9462,-76.1191,anonymous,EN,1,2,1,1,2,1,3,7,7,1,1,4,7,1,1,1,1,1,7,7,1,1,1,1,1,1,7,1,7,7,7,7,7,7,7,7,1,1,1,1,4,7,1,1,3,7,7,7,38.8,120.784,162.763,8,3,150,150,4,5,0,4,5,2,5,5,5,7,3,7,7,1,1,7,1,7,7,1,7,1,1,7,1,1,1,1,7,7,1,1,1,1,1,1,1,1,1,1,7,7,1,2,7,1,1,1,41.517,203.833,216.591,5,5,150,100,7,7,0,1,0,0,0,6,5,5,2,4,4,3,4,4,7,1,1,1,1,7,7,7,1,1,1,1,7,1,4,1,1,7,7,7,1,1,1,1,1,1,1,1,4,7,7,5,7,1,5,5,7.641,239.721,265.801,7,2,10,6,7,4,1,32,2,,,62ac706d8544dbe5a81b4212,68f93eda9d39995d2bc88d21,68fa4772cbf61232a9acb080,Bike,a bike,Concert ticket,a concert ticket,Starbucks,Starbucks
2025-10-23 11:19:45,2025-10-23 11:34:12,0,107.203.97.72,100,867,1,2025-10-23 11:34:13,R_5ZXXBCqEb5dqepH,,,,,32.7453,-117.2449,anonymous,EN,1,2,1,3,5,3,5,5,1,5,4,5,1,1,1,1,4,6,7,7,1,1,1,1,3,4,1,1,7,6,7,7,7,7,6,5,3,1,1,1,1,7,1,7,1,1,4,4,4.966,297.361,298.09,54,6,100,50,5,5,0,2,5,3,5,5,5,1,2,1,6,1,1,1,2,3,7,7,1,1,1,1,6,6,5,1,7,7,7,7,7,1,3,1,2,1,1,2,3,7,2,2,1,4,4,5,15.535,208.819,209.378,53,1,5,3,7,7,1,1,1,0,0,5,6,5,5,3,1,2,3,1,5,1,6,1,1,5,7,7,1,1,1,1,6,5,6,7,7,7,1,1,1,7,7,1,1,1,1,1,2,5,7,1,1,1,4,2,6.101,103.678,104.388,54,5,16,9,5,5,0,35,1,,,66463e3ccc2fcde4d3fabf53,68f93eda9d39995d2bc88d21,68fa4786ae7fb165a0483ea6,Perfume,perfume,Starbucks,Starbucks,Netflix,a Netflix subscription
2025-10-23 11:22:49,2025-10-23 11:34:23,0,174.171.131.193,100,694,1,2025-10-23 11:34:23,R_5Ny1f9x1tMHnBXW,,,,,29.6918,-95.6526,anonymous,EN,1,2,1,4,5,2,5,4,5,4,3,5,5,2,2,3,1,1,2,6,2,3,3,3,3,5,5,1,5,6,6,6,6,6,5,5,1,1,1,1,5,6,2,5,4,3,5,5,11.104,194.311,196.016,55,4,100,50,6,6,0,4,5,4,4,4,4,4,3,4,5,5,5,3,3,3,5,5,3,3,3,3,6,5,5,6,6,6,6,6,3,2,2,3,1,2,1,1,5,5,3,5,5,6,5,6,16.538,163.588,164.588,48,4,150,100,5,4,0,1,1,0,0,5,6,5,5,4,5,5,3,2,6,3,3,6,5,3,5,3,3,4,5,3,3,2,6,2,5,4,6,6,6,6,6,6,1,2,4,5,6,6,2,4,4,4,5,4,6.629,151.238,152.478,49,5,120,50,5,6,0,43,1,,,6632edd68127fba862de05bf,68f93eda9d39995d2bc88d21,68fa484281d04fbfc2297c7f,Pair of sneakers,a pair of sneakers,Meal kit subscription,a meal kit subscription,Textbook,a textbook
2025-10-23 11:19:39,2025-10-23 11:34:25,0,72.212.115.43,100,885,1,2025-10-23 11:34:25,R_5kdYGyb8IBBOqFo,,,,,33.6819,-112.0996,anonymous,EN,1,2,1,1,4,1,5,6,4,5,1,7,1,1,1,1,1,7,7,7,1,1,1,1,1,1,6,1,7,7,7,1,1,1,1,1,1,1,1,1,7,1,1,1,1,1,1,1,14.441,275.859,277.373,50,1,75,35,7,5,0,3,5,1,5,6,5,5,1,7,3,1,1,1,1,7,7,7,1,1,1,1,5,1,4,1,7,1,7,7,1,1,1,1,1,1,1,1,4,7,7,4,5,3,3,3,7.97,146.45,147.696,49,1,25,25,7,4,1,1,1,0,0,1,1,1,1,7,4,7,1,7,1,1,1,1,1,4,7,7,1,4,1,1,1,1,4,7,7,1,1,1,1,7,4,7,1,1,1,2,7,7,1,2,4,1,1,1,7.729,149.931,151.099,53,4,65,30,4,7,0,57,2,,,5a9a6f5f35237b000112920f,68f93eda9d39995d2bc88d21,68fa477ebde40056f307a908,Theme park ticket,a theme park ticket,Restaurant dinner,a restaurant dinner,Gym membership,a gym membership
2025-10-23 11:21:09,2025-10-23 11:34:27,0,216.147.122.154,100,797,1,2025-10-23 11:34:28,R_7KOf2yqoo0prWF3,,,,,39.7391,-104.9866,anonymous,EN,1,2,1,3,3,3,2,4,3,2,2,6,6,5,6,5,3,5,7,5,7,1,3,1,1,1,3,4,7,4,1,1,1,6,5,6,3,3,1,3,3,7,7,6,6,1,2,2,13.702,263.877,265.778,50,6,100,60,1,3,0,2,3,2,3,6,1,1,1,4,7,1,1,1,1,1,2,2,6,5,3,5,5,5,1,1,7,7,7,7,7,7,6,1,1,1,1,1,3,7,1,5,5,3,7,7,6.755,161.453,162.71,49,5,80,60,6,7,0,1,0,0,0,5,5,6,4,1,4,5,5,7,5,6,4,7,2,7,7,6,3,1,2,1,1,1,3,7,7,1,1,1,1,5,3,2,2,3,1,2,4,3,5,6,6,2,3,3,7.095,172.556,174.18,50,7,50,25,1,2,0,32,1,,,663bc31529719b8501c52820,68f93eda9d39995d2bc88d21,68fa476168cb91d1ce2f227f,Online course,a online course,Pair of sneakers,a pair of sneakers,Bike share membership,a bike share membership
2025-10-23 11:24:22,2025-10-23 11:34:32,0,96.60.249.155,100,609,1,2025-10-23 11:34:32,R_3HFbFnyp4E8rA6N,,,,,35.8762,-84.1746,anonymous,EN,1,2,1,5,5,4,5,4,5,5,3,5,4,2,2,3,6,4,6,4,3,5,4,3,4,6,4,5,5,4,1,1,1,1,1,6,4,3,5,5,6,5,4,4,6,4,3,4,10.077,169.26,170.334,52,6,20,5,4,4,0,5,6,6,6,4,5,5,2,3,6,5,4,6,6,4,3,6,5,4,5,5,4,5,5,1,6,4,1,1,1,2,2,1,6,6,6,6,4,5,4,5,2,6,6,6,7.735,142.175,143.056,52,6,5,0,5,5,1,1,0,0,0,5,6,2,7,5,5,7,6,7,5,2,5,6,1,6,7,6,3,2,2,3,1,5,4,1,6,4,6,6,6,6,6,6,1,2,1,1,6,6,5,6,5,1,4,4,7.161,149.512,150.648,54,4,300,125,5,5,0,45,2,Interesting survey. Thank you!,,66f2b62e0ed36bbf5a254874,68f93eda9d39995d2bc88d21,68fa489f263ac151cae50818,Life insurance,life insurance,Parking,parking,Designer handbag,a designer handbag
2025-10-23 11:18:10,2025-10-23 11:34:41,0,162.229.12.158,100,990,1,2025-10-23 11:34:41,R_6PiDIsYHNVxEvrV,,,,,41.4866,-81.8037,anonymous,EN,1,2,1,2,3,1,6,6,2,3,3,6,5,1,1,2,4,6,7,6,2,1,1,3,7,1,2,2,6,7,7,7,7,7,7,6,1,1,1,1,2,7,3,3,3,2,5,5,14.571,245.726,249.962,47,1,275,225,6,5,0,6,5,5,3,3,2,3,2,3,7,3,7,1,1,1,5,3,5,3,1,6,5,3,5,1,6,7,7,7,5,2,3,5,1,1,1,1,2,7,2,5,5,3,7,7,10.16,256.662,258.166,51,2,125,75,6,3,1,1,0,0,0,3,2,2,2,4,5,3,3,3,6,3,1,3,2,6,7,7,1,1,1,1,6,6,6,7,3,6,2,2,1,6,3,2,1,1,1,2,3,3,2,5,3,5,6,7,20.331,241.175,242.937,48,3,50,47,4,5,0,52,2,"No comments, thank you!",,654a86d08714f739c9fcea21,68f93eda9d39995d2bc88d21,68fa472c31517e99aeb04a54,Luxury watch,a luxury watch,Pair of sneakers,a pair of sneakers,Bike share membership,a bike share membership
2025-10-23 11:26:00,2025-10-23 11:34:51,0,72.224.205.31,100,530,1,2025-10-23 11:34:51,R_11dqVsGRmOSl6t0,,,,,43.0908,-77.4348,anonymous,EN,1,2,1,7,7,7,7,2,3,1,1,1,7,3,3,6,1,1,1,2,6,7,6,7,7,7,2,7,6,7,1,1,1,1,1,1,1,1,1,1,6,2,1,1,3,6,6,6,8.231,136.783,137.304,52,6,250,100,1,5,1,7,7,7,7,1,2,1,4,5,4,3,5,1,1,7,7,7,1,1,1,1,1,2,1,1,7,7,7,7,7,5,6,2,1,1,1,1,1,7,5,6,6,2,2,4,5.124,106.702,107.354,50,6,350,125,2,2,0,1,0,0,0,6,4,5,5,2,4,2,1,2,7,3,6,7,5,2,5,6,1,3,3,3,1,2,1,1,7,1,1,4,1,2,2,2,6,6,4,5,1,6,2,2,1,5,5,7,39.012,149.67,150.436,51,5,20,5,5,5,1,50,2,This was an interesting study.,,5eaf1a2c649fd108284c2b5f,68f93eda9d39995d2bc88d21,68fa49008427d38561cd785a,Electricity bill,an electricity bill,Designer handbag,a designer handbag,Parking,parking
2025-10-23 11:19:38,2025-10-23 11:35:03,0,89.46.180.172,100,924,1,2025-10-23 11:35:04,R_3f8x1ixA54vh4Q0,,,,,34.9458,-81.9334,anonymous,EN,1,2,1,3,1,1,7,7,3,5,5,4,5,1,4,2,2,1,7,4,5,1,1,6,3,6,5,3,5,7,7,7,6,7,7,7,1,1,1,1,5,7,1,1,4,4,4,5,13.987,188.508,190.496,45,1,5000,5000,7,6,0,1,1,1,7,7,4,4,5,4,4,1,3,1,1,1,7,6,5,1,1,1,4,6,5,1,6,7,7,7,7,7,7,7,1,1,1,1,6,7,1,1,4,4,4,5,11.701,137.696,139.047,45,1,5000,5000,7,7,0,1,0,0,0,1,2,1,1,7,4,1,1,5,6,1,3,3,1,1,6,6,1,2,1,4,4,6,5,1,5,5,4,4,3,6,5,5,3,1,3,4,5,6,2,1,4,3,5,4,7.766,131.379,132.707,45,1,100,100,3,4,0,25,2,none,,67eff0475e43d9a5390ff55e,68f93eda9d39995d2bc88d21,68fa477e2dbb71f0c5283772,Luxury watch,a luxury watch,Luxury watch,a luxury watch,Digital book,a digital book
2025-10-23 11:18:02,2025-10-23 11:35:12,0,172.58.13.64,100,1029,1,2025-10-23 11:35:13,R_51pj7r0WBC2aSru,,,,,44.9399,-93.2548,anonymous,EN,1,2,2,5,6,2,4,5,2,4,4,5,3,5,5,5,3,3,6,4,3,4,3,3,4,4,4,4,4,4,6,6,5,6,5,5,2,1,2,2,4,7,2,3,2,2,4,3,27.456,315.96,325.538,51,3,500,300,6,6,1,5,6,4,5,6,5,6,5,3,6,2,5,3,4,6,5,5,5,6,2,5,7,4,5,5,5,6,2,2,1,4,6,6,2,1,2,2,5,3,4,4,6,6,5,5,37.548,218.948,227.605,55,5,700,500,4,5,1,1,0,0,0,5,3,2,4,4,4,5,5,6,5,5,5,5,6,6,5,5,6,6,5,6,3,3,5,4,3,6,6,4,5,6,5,2,6,4,6,3,6,5,7,5,4,4,5,4,7.733,132.142,134.324,49,5,150,50,6,5,1,49,2,,,67e5cefeefd6e23bf7fef2ff,68f93eda9d39995d2bc88d21,68fa471eed9f09153de0ec01,Physical video game,a physical video game,Rent,rent,Theme park ticket,a theme park ticket
2025-10-23 11:19:07,2025-10-23 11:35:22,0,144.229.40.234,100,974,1,2025-10-23 11:35:22,R_5Ljs8LDjOE5Bxo2,,,,,39.7503,-75.5453,anonymous,EN,1,2,1,5,4,2,3,5,5,4,3,3,2,5,5,4,5,6,7,3,4,6,5,4,3,4,4,4,3,2,3,6,6,3,6,4,6,3,3,2,5,4,6,6,7,4,3,4,30.499,241.532,245.735,49,4,50,10,2,3,0,6,2,3,6,2,2,5,1,6,3,6,5,5,2,6,7,7,2,1,2,1,1,5,2,6,2,2,3,3,2,5,5,5,1,5,1,1,5,5,6,6,4,2,3,3,16.12,255.9,265.263,45,1,1500,1500,2,3,0,1,0,0,0,6,2,2,6,6,2,6,5,6,6,5,1,1,2,2,7,7,3,1,1,3,2,5,5,2,6,5,7,7,7,6,7,5,1,1,1,2,6,7,1,6,7,7,7,7,35.611,183.588,186.974,47,1,75,50,6,5,1,30,1,,,62dabc9d3a584120de29162e,68f93eda9d39995d2bc88d21,68fa475f6b92e3e0533d2773,Meal kit subscription,a meal kit subscription,Bike share membership,a bike share membership,Bike,a bike
2025-10-23 11:24:16,2025-10-23 11:35:29,0,71.60.35.18,100,672,1,2025-10-23 11:35:29,R_30IRekowUKN330N,,,,,40.4422,-79.9927,anonymous,EN,1,2,1,7,7,7,7,3,1,7,5,2,7,1,4,1,1,1,2,2,7,4,3,6,5,1,5,5,5,6,1,1,1,3,3,5,1,1,1,3,1,6,1,2,4,2,3,3,53.055,172.8,173.4,53,7,400,100,1,4,1,2,1,1,2,4,3,2,1,1,7,1,2,2,1,3,7,4,4,2,1,1,2,1,1,2,6,5,1,1,1,5,2,2,2,1,1,1,3,5,5,6,6,4,5,5,6.055,109.566,110.1,50,2,150,100,5,6,0,1,0,0,0,1,1,1,2,5,2,1,1,2,6,1,5,1,1,3,7,5,2,1,1,1,4,1,2,6,6,4,1,3,1,3,3,2,1,1,1,1,2,4,3,4,4,4,5,5,7.356,107.161,107.969,55,1,50,35,2,5,0,30,2,,,6017b65539ce08a28743cce5,68f93eda9d39995d2bc88d21,68fa47dc31392a858f5cff88,Health insurance,health insurance,Online course,a online course,Bike share membership,a bike share membership
2025-10-23 11:16:54,2025-10-23 11:35:34,0,66.213.29.211,100,1119,1,2025-10-23 11:35:34,R_3wpGvnacMjGNNg9,,,,,39.9046,-82.9703,anonymous,EN,1,2,1,3,5,1,2,7,2,1,1,1,3,1,1,4,6,1,7,2,3,2,1,1,7,7,5,1,7,7,7,3,7,7,6,4,1,1,1,3,5,5,1,5,1,1,4,6,12.426,286.033,290.39,68,1,4,2,5,7,1,7,7,7,3,1,3,5,2,1,1,1,4,7,1,7,7,7,1,1,1,1,1,1,1,1,7,7,7,7,7,7,7,1,1,1,1,1,1,7,7,1,1,1,1,1,8.843,261.075,263.352,52,6,20,10,1,1,0,1,1,0,0,2,2,2,2,7,6,1,2,6,5,3,2,6,4,1,7,4,1,1,1,1,1,5,5,1,7,2,7,7,7,7,7,5,1,4,3,2,5,5,3,3,1,4,5,4,13.324,212.132,224.546,78,2,12,5,6,7,0,41,1,,,5fb865ade47b465ad43580d9,68f93eda9d39995d2bc88d21,68fa46bc31dc70aa976df6ea,Shampoo,shampoo,Designer handbag,a designer handbag,Textbook,a textbook
2025-10-23 11:25:34,2025-10-23 11:35:41,0,73.168.63.63,100,606,1,2025-10-23 11:35:41,R_1tGxyWNXM758Oq4,,,,,41.6538,-86.1631,anonymous,EN,1,2,1,7,7,7,7,1,5,7,5,7,2,2,1,3,1,7,7,7,1,1,1,1,1,7,6,1,7,7,7,7,1,1,1,1,1,1,2,2,6,2,7,2,2,1,3,5,16.929,168.989,170.617,45,6,5,3,5,3,1,2,3,1,2,7,1,3,2,2,6,3,3,1,2,1,7,2,3,3,1,1,7,2,5,7,7,6,1,1,1,7,7,2,1,1,1,1,1,5,1,2,5,4,3,6,5.313,130.654,133.972,47,2,8,8,7,7,1,1,0,0,0,7,7,6,7,1,3,7,5,4,6,1,3,7,7,2,2,4,6,5,7,7,1,1,2,1,7,1,7,7,7,7,7,6,1,1,5,6,6,6,1,7,3,1,2,2,6.123,118.645,120.533,46,7,100,25,4,5,0,41,2,n/a,,671aa2883f601298f3de3283,68f93eda9d39995d2bc88d21,68fa48e49f1a949afd11e70d,Starbucks,Starbucks,Netflix,a Netflix subscription,Textbook,a textbook
2025-10-23 11:23:06,2025-10-23 11:35:46,0,72.178.16.73,100,760,1,2025-10-23 11:35:46,R_5IpieOz9hktEPZj,,,,,33.0036,-96.8834,anonymous,EN,1,2,1,6,7,2,6,5,5,6,3,6,6,2,2,1,2,1,7,6,4,2,1,1,3,1,2,1,7,7,7,6,6,1,2,4,1,1,1,1,2,7,2,3,7,1,5,6,17.292,221.876,223.782,58,2,100,50,7,6,1,5,6,2,6,4,6,5,3,2,7,6,6,1,4,1,5,2,7,7,1,7,7,7,7,7,7,7,1,5,1,7,6,5,1,1,1,1,6,6,1,1,4,5,7,7,7.312,175.077,176.751,52,2,150,50,2,7,1,1,1,0,0,3,5,2,5,6,5,5,2,4,7,5,4,1,4,1,7,6,5,6,1,2,2,6,7,2,7,1,2,6,1,1,2,5,1,1,1,1,7,6,1,6,7,7,7,7,5.874,153.553,156.153,50,2,15,10,7,6,1,56,1,"no comments, thanks",,676ca3da9773676ad989ef10,68f93eda9d39995d2bc88d21,68fa48504efaf2778de900e8,Concert ticket,a concert ticket,Electricity bill,an electricity bill,Uber or Lyft,Uber or Lyft
2025-10-23 11:22:00,2025-10-23 11:36:00,0,24.171.3.222,100,840,1,2025-10-23 11:36:01,R_7Rxs5o0rhtQgCJE,,,,,38.5434,-90.0351,anonymous,EN,1,2,1,4,4,2,4,4,1,4,2,6,4,2,2,5,4,5,6,5,3,1,2,2,1,4,4,6,5,1,1,2,1,5,2,3,2,5,4,5,4,5,5,3,2,4,5,5,14.051,138.164,139.014,45,5,50,50,4,5,0,4,5,1,6,5,1,6,3,1,1,2,1,2,1,1,1,2,6,6,6,6,7,7,2,7,7,6,1,1,1,7,2,5,1,1,1,1,2,6,2,2,2,1,2,4,6.636,93.133,94.031,45,6,800,600,1,4,1,1,1,0,0,4,4,1,4,5,1,3,1,7,1,2,4,1,2,3,7,7,1,2,1,1,1,2,2,1,6,5,7,7,7,1,1,1,2,3,2,2,2,7,2,3,7,1,1,1,6.315,120.778,121.571,45,4,100,60,7,6,0,51,2,none,,5d88db42c1d06e001a1fdcab,68f93eda9d39995d2bc88d21,68fa47564ef857fce1d55e8a,Bike share membership,a bike share membership,Rent,rent,Concert ticket,a concert ticket
2025-10-23 11:20:11,2025-10-23 11:36:07,0,100.10.40.44,100,956,1,2025-10-23 11:36:08,R_5NdOxkbOlYOwplT,,,,,41.6903,-71.5744,anonymous,EN,1,2,1,2,2,1,1,7,7,1,1,6,1,1,1,1,1,4,7,7,5,1,1,1,1,1,7,1,6,1,7,1,1,7,7,5,2,1,1,1,7,1,1,6,5,5,2,5,12.911,357.011,363.803,47,1,14.99,8.99,6,6,1,7,7,5,5,3,4,4,1,5,1,1,1,1,7,6,7,7,1,1,3,1,7,1,6,7,7,7,1,1,1,4,1,1,3,1,1,2,7,6,5,1,7,1,1,5,8.83,174.227,176.497,47,3,18.99,9.99,6,4,1,1,0,0,0,7,7,4,7,3,7,4,1,7,1,1,1,1,1,7,7,7,7,1,2,1,1,1,1,1,7,7,7,1,1,1,1,1,1,1,1,1,7,7,3,7,1,1,1,1,9.342,165.821,168.272,46,4,49,29,1,1,0,58,2,none,,67be4c756ba3a15a47e60356,68f93eda9d39995d2bc88d21,68fa46bf715623449defb026,Digital book,a digital book,Netflix,a Netflix subscription,Theme park ticket,a theme park ticket
2025-10-23 11:22:49,2025-10-23 11:36:10,0,69.194.186.86,100,800,1,2025-10-23 11:36:11,R_5j9hyCRyMMXGh6b,,,,,32.3974,-93.8052,anonymous,EN,1,2,1,7,7,7,7,4,1,7,7,7,3,7,7,7,7,7,7,7,1,1,1,1,1,1,1,1,7,1,1,4,1,1,1,1,1,1,1,1,1,7,6,4,1,1,4,1,0,0,129.963,0,7,500,300,4,4,0,1,4,1,1,7,7,1,1,1,7,7,7,1,7,1,1,1,7,7,7,7,7,7,7,7,7,7,1,4,4,7,7,7,1,1,1,1,7,1,1,1,7,7,7,7,0,0,109.918,0,3,100,70,5,7,1,1,0,0,0,4,4,4,4,1,4,4,1,1,1,1,1,7,1,7,7,4,1,1,1,1,1,1,1,1,7,1,7,7,7,7,7,1,1,1,1,1,1,7,7,7,7,1,1,1,0,0,126.551,0,4,30,20,1,1,0,37,1,I hope my questions help your research!,,631fdedf78d4f7b0a6b985ad,68f93eda9d39995d2bc88d21,68fa48421f15b07d18325859,Luxury hotel stay,a luxury hotel stay,Electricity bill,an electricity bill,Perfume,perfume
2025-10-23 11:18:29,2025-10-23 11:36:21,0,113.20.55.140,100,1072,1,2025-10-23 11:36:22,R_55KB4vDdC2oivqp,,,,,39.0814,-77.6443,anonymous,EN,1,2,1,3,1,1,4,6,3,1,1,6,5,1,1,2,1,1,7,2,3,1,1,1,2,1,5,1,6,4,7,7,7,7,6,1,2,1,1,1,6,6,1,1,7,5,5,5,0.897,229.119,229.779,85,1,97,80,6,6,0,1,1,1,1,6,5,1,1,1,5,1,4,1,2,1,6,4,5,1,1,1,4,3,6,4,6,6,7,7,7,4,5,1,2,1,1,1,6,4,4,1,2,5,5,6,3.446,203.132,203.637,88,1,50,40,5,5,1,1,0,0,0,1,1,1,1,7,6,1,1,5,4,1,1,4,2,1,6,6,1,1,1,1,2,5,2,1,6,1,7,7,7,7,7,1,3,1,1,1,7,7,1,1,6,2,1,4,1.172,382.641,383.301,83,1,10,7,7,6,1,33,1,,,682c3f62f2680e9a67130379,68f93eda9d39995d2bc88d21,68fa46e4208d44c913a96323,Bike,a bike,Public transit pass,a public transit pass,Textbook,a textbook
2025-10-23 11:21:07,2025-10-23 11:36:27,0,166.205.97.138,100,919,1,2025-10-23 11:36:28,R_75XMLbY82Cg337H,,,,,29.7738,-95.406,anonymous,EN,1,2,1,5,1,2,1,5,1,1,2,6,5,7,7,3,1,3,6,2,6,1,1,1,7,6,6,7,6,6,1,1,1,7,7,4,1,1,1,1,7,5,1,1,1,5,4,6,13.943,189.951,191.336,49,1,15,15,5,5,1,2,2,1,6,7,4,2,4,3,7,7,7,1,1,2,3,6,5,6,1,5,7,2,7,7,7,7,7,7,7,7,7,7,1,1,1,1,7,7,1,1,4,7,7,7,12.37,252.246,253.48,47,2,400,400,6,7,1,1,1,0,0,4,4,4,6,4,3,4,6,6,5,3,2,2,1,5,7,7,1,1,1,1,4,1,5,3,6,5,1,2,1,5,4,1,1,1,1,1,5,7,5,5,2,5,2,3,11.183,217.789,218.779,46,5,300,250,6,4,1,46,1,,,675de3bd64119cef93edfc75,68f93eda9d39995d2bc88d21,68fa46bdc46cbb8b221d97cb,Netflix,a Netflix subscription,Monthly car payment,monthly car payment,Luxury hotel stay,a luxury hotel stay
2025-10-23 11:23:21,2025-10-23 11:37:04,0,174.96.158.54,100,822,1,2025-10-23 11:37:04,R_1OJpTjH6RANrJsq,,,,,38.2173,-85.2247,anonymous,EN,1,2,2,2,6,1,6,7,5,6,3,3,7,1,1,6,2,1,7,7,7,7,5,6,1,2,6,7,7,5,4,4,7,7,7,7,1,1,1,1,1,6,2,4,6,7,7,7,17.479,239.627,241.491,50,6,350,250,1,4,0,7,6,5,3,4,6,2,2,7,1,1,5,6,1,7,7,5,3,1,1,2,1,5,6,1,7,1,5,7,7,7,7,1,1,1,1,1,6,7,7,6,1,1,1,1,6.798,193.357,194.987,50,3,50,30,5,2,1,1,1,0,0,7,7,7,7,1,1,6,6,7,1,1,1,6,6,7,7,7,7,1,7,1,1,1,7,1,7,1,3,3,2,1,1,1,1,1,1,5,7,6,6,1,1,1,1,1,12.628,186.591,187.426,48,7,120,40,5,1,0,53,2,,,66294848642a13eec741c3e4,68f93eda9d39995d2bc88d21,68fa4861ee27d28937be79ec,Monthly car payment,monthly car payment,Perfume,perfume,Theme park ticket,a theme park ticket
2025-10-23 11:20:04,2025-10-23 11:37:05,0,68.81.59.144,100,1020,1,2025-10-23 11:37:05,R_1nSrYlEqFNvcVIV,,,,,39.9082,-75.3275,anonymous,EN,1,2,1,1,1,2,2,7,3,1,1,1,6,1,1,1,1,4,7,6,3,1,2,3,1,1,6,1,5,7,7,7,1,1,1,1,1,1,1,1,7,4,4,2,2,7,6,7,11.841,265.488,266.444,57,1,6,6,5,4,1,3,2,2,1,5,4,1,1,1,6,1,1,6,1,6,6,6,3,1,3,4,1,1,3,6,2,4,1,1,1,1,1,4,1,4,1,1,3,4,6,7,6,1,2,5,16.785,225.341,226.235,53,4,20,20,1,4,0,1,1,0,0,5,5,4,1,3,4,3,1,6,5,7,6,2,3,5,7,7,1,1,1,1,1,1,1,1,5,2,1,1,1,7,7,1,1,2,2,1,6,6,3,4,4,2,3,4,35.105,238.99,239.865,55,2,15,9,2,4,0,50,2,I have no idea how much a bike share costs. I don't think I'd ever heard of that.,,662eeeb09572de78ffb440b1,68f93eda9d39995d2bc88d21,68fa479ae1815532d0ee22bc,Fast food meal,a fast food meal,Bike share membership,a bike share membership,Digital book,a digital book
2025-10-23 11:24:26,2025-10-23 11:37:13,0,184.99.132.72,100,766,1,2025-10-23 11:37:14,R_7gAoeCZch7MvMyJ,,,,,46.8524,-96.8121,anonymous,EN,1,2,1,4,4,4,4,3,3,5,3,4,4,4,2,6,5,3,4,6,4,3,5,4,2,2,4,2,4,4,4,4,2,4,4,2,2,2,4,5,3,4,5,5,4,2,4,3,11.676,190.045,191.191,48,5,100,20,1,4,0,4,4,4,4,3,4,4,3,4,6,4,4,5,4,4,4,6,3,3,5,4,3,3,4,2,4,5,3,3,3,4,3,3,3,3,4,5,4,4,5,5,4,2,3,3,6.524,142.384,144.097,50,3,80,50,3,4,0,1,1,0,0,5,6,5,5,3,3,3,4,6,3,3,3,2,2,5,6,5,4,1,2,2,3,6,2,1,4,5,5,4,4,2,2,1,2,2,2,2,3,5,4,5,6,4,4,5,10.749,169.921,170.881,51,4,10,4,3,2,1,35,2,,,6780486c5336056d064f4791,68f93eda9d39995d2bc88d21,68fa48825c0221eb85d422fc,Public transit pass,a public transit pass,Theme park ticket,a theme park ticket,Starbucks,Starbucks
2025-10-23 11:21:51,2025-10-23 11:37:45,0,99.172.122.117,100,953,1,2025-10-23 11:37:46,R_12QlyBAyr5jxTji,,,,,33.5619,-84.4319,anonymous,EN,1,2,1,6,7,5,7,5,2,4,5,1,6,7,3,6,2,3,7,7,2,5,2,6,6,2,6,7,7,7,1,7,4,7,6,7,1,1,2,2,6,7,2,6,3,4,5,7,30.16,278.153,278.901,45,5,1500,1000,1,1,0,3,6,5,4,6,6,2,1,3,6,4,6,6,7,2,7,6,5,1,1,5,2,5,6,6,6,3,1,6,2,6,5,6,7,2,7,7,5,7,1,1,2,4,7,7,11.962,235.099,236.033,45,1,25,25,7,6,0,1,0,0,0,5,2,1,1,6,7,1,1,2,5,6,6,2,6,1,7,6,1,1,1,3,5,5,5,1,7,6,6,7,6,6,6,1,2,1,1,1,4,7,1,5,1,6,6,5,17.199,228.466,229.365,45,1,7,5,5,5,0,58,2,,,66b41d5d3c2a978a7aac2264,68f93eda9d39995d2bc88d21,68fa47fbdd9dc85e770b2c47,Rent,rent,Parking,parking,Shampoo,shampoo
2025-10-23 11:21:07,2025-10-23 11:37:49,0,207.212.120.46,100,1001,1,2025-10-23 11:37:50,R_7LVJJ9iPfOYyyKR,,,,,33.346,-84.1091,anonymous,EN,1,2,1,6,6,5,6,3,6,6,5,7,2,4,2,4,4,6,7,7,2,1,1,1,2,2,5,7,7,6,7,7,2,4,5,5,2,1,1,2,6,7,6,7,7,5,2,2,4.403,347.557,350.808,57,7,75,35,6,4,0,4,3,2,4,5,7,4,2,5,4,2,1,1,4,4,7,7,1,2,2,1,5,2,7,7,3,3,2,2,1,7,4,5,2,2,2,1,7,1,1,2,2,1,2,1,7.127,182.897,183.813,59,4,29,19,6,6,1,1,0,0,0,1,3,1,2,5,5,2,2,3,7,2,7,2,4,1,1,7,1,1,2,2,5,7,3,1,2,5,7,7,7,7,7,1,2,1,1,1,7,7,1,2,1,1,7,7,5.332,209.446,210.013,61,1,30,30,7,7,0,46,1,,,67886a97eccd9d65d8fcfd2b,68f93eda9d39995d2bc88d21,68fa476f2d93828e990ee955,Meal kit subscription,a meal kit subscription,Gym membership,a gym membership,Pair of sneakers,a pair of sneakers
2025-10-23 11:18:51,2025-10-23 11:38:11,0,168.93.21.221,100,1159,1,2025-10-23 11:38:12,R_67m81FrskRO7Jt8,,,,,30.0409,-95.5302,anonymous,EN,1,2,1,7,7,7,7,2,6,7,5,7,2,4,2,4,4,6,7,7,2,1,2,1,2,1,7,7,6,2,4,4,3,2,2,6,2,1,3,3,7,6,6,6,7,2,3,3,14.989,212.543,213.53,54,3,80,20,1,2,1,4,4,4,6,4,6,5,4,2,2,5,2,6,6,1,3,7,2,6,4,2,1,2,6,5,5,5,1,1,1,6,6,7,2,1,5,5,6,6,1,5,6,1,3,2,8.689,176.581,178.393,52,3,46,46,4,5,0,1,0,0,0,7,7,7,7,2,6,6,5,6,3,3,3,3,3,6,6,7,2,1,2,2,1,2,6,7,6,2,5,4,2,2,3,6,1,1,3,3,6,6,3,6,7,3,3,3,8.764,125.088,126.204,48,3,80,20,2,3,1,33,2,,,5edb7d4bb27be27fdc6e973a,68f93eda9d39995d2bc88d21,68fa4744c93c2674d1cd782b,Meal kit subscription,a meal kit subscription,Life insurance,life insurance,Meal kit subscription,a meal kit subscription
2025-10-23 11:19:12,2025-10-23 11:38:12,0,24.243.52.107,100,1139,1,2025-10-23 11:38:12,R_3Jgwzk792twhJJv,,,,,27.7262,-97.4078,anonymous,EN,1,2,1,5,6,3,5,3,5,5,5,6,6,2,2,5,6,5,7,7,1,2,1,3,5,3,4,4,7,6,1,1,1,6,6,6,3,1,3,4,4,5,6,6,7,4,4,4,36.511,259.67,259.983,62,5,150,50,2,4,0,7,5,2,7,5,1,6,6,6,7,4,5,4,4,1,5,3,4,5,3,4,4,5,2,7,7,3,1,1,1,7,7,2,1,1,3,5,2,6,1,3,3,7,6,6,19.466,306.842,307.42699999999996,61,5,250,100,4,6,0,1,0,0,0,2,2,1,3,6,3,2,3,5,7,1,1,1,1,5,7,7,1,1,1,2,1,4,5,1,4,7,7,7,7,7,7,5,1,1,1,1,5,7,1,2,2,7,6,7,3.317,287.687,288.506,54,1,200,200,7,7,0,29,2,,,5dc5995e5d81cd4153e00138,68f93eda9d39995d2bc88d21,68fa472f89e0948ecc34314e,Online course,a online course,Health insurance,health insurance,Bike,a bike
2025-10-23 11:21:13,2025-10-23 11:38:17,0,24.62.65.143,100,1023,1,2025-10-23 11:38:18,R_72ZNjFpLDBFK2QN,,,,,42.232,-71.5361,anonymous,EN,1,2,1,4,4,3,3,7,6,1,1,1,7,4,4,1,1,1,1,2,7,1,1,7,7,7,7,7,7,7,1,1,1,7,7,1,1,1,1,1,5,3,1,1,1,7,7,7,3.438,279.45,280.389,54,1,125,125,2,7,0,4,4,4,2,4,4,1,1,1,4,1,1,1,2,1,6,6,6,1,1,7,1,1,1,1,7,1,7,7,7,4,7,5,1,1,1,1,1,2,7,7,6,1,1,3,0.954,293.816,294.723,58,2,35,15,3,5,0,1,0,0,0,5,6,6,3,4,5,1,1,1,7,1,1,5,5,5,6,7,2,2,1,5,4,5,5,2,7,1,1,1,1,2,2,1,4,1,2,2,5,5,2,1,1,7,7,7,0.934,213.997,214.887,66,5,6,1,4,2,0,49,1,,,6659a66af7c676a1655f8725,68f93eda9d39995d2bc88d21,68fa47df7e36dd295ac9fd5d,Electricity bill,an electricity bill,Textbook,a textbook,Parking,parking
2025-10-23 11:23:44,2025-10-23 11:38:18,0,68.134.219.130,100,873,1,2025-10-23 11:38:19,R_6f1AkPHWnjpafId,,,,,38.9512,-76.4944,anonymous,EN,1,2,1,6,6,5,6,2,2,6,5,7,1,2,1,2,2,6,7,7,6,1,1,1,1,1,2,1,7,7,6,7,1,1,2,1,1,7,1,2,5,3,4,2,2,1,2,2,11.228,217.918,221.983,48,4,200,100,4,5,0,7,7,6,6,1,5,5,4,6,5,1,1,6,1,7,7,7,2,1,4,1,1,1,4,6,7,7,1,1,1,1,1,1,1,1,1,1,4,2,4,4,1,6,5,5,9.698,171.617,173.436,46,4,15,5,4,5,0,1,0,0,0,6,6,6,6,2,5,4,4,6,4,1,1,6,1,6,7,7,1,1,4,1,1,1,5,4,7,7,1,1,1,1,1,1,1,1,1,1,4,4,4,4,6,5,6,6,18.321,156.421,157.991,49,4,10,5,4,5,0,82,1,no comments,,55abb1a5fdf99b501fab62e3,68f93eda9d39995d2bc88d21,68fa48699f1a949afd11e703,Concert ticket,a concert ticket,Uber or Lyft,Uber or Lyft,Uber or Lyft,Uber or Lyft
2025-10-23 11:21:06,2025-10-23 11:38:24,0,37.153.154.73,100,1038,1,2025-10-23 11:38:25,R_7E0PXi0FcRL66Bq,,,,,42.1028,-77.2336,anonymous,EN,1,2,1,2,4,4,5,6,6,5,5,2,7,2,3,2,7,2,6,2,2,2,1,7,6,5,6,6,3,3,7,6,6,6,6,1,2,1,1,1,2,7,4,6,5,6,6,6,52.821,264.276,266.128,48,2,2000,1000,6,7,0,6,5,4,3,7,2,3,6,3,5,3,6,1,6,2,6,1,2,3,2,6,6,6,3,6,7,6,5,6,7,1,3,1,2,1,2,4,7,6,5,6,7,3,7,6,6.954,202.786,205.802,50,3,12,12,7,6,1,1,0,0,0,7,7,4,5,7,1,6,4,1,7,1,2,1,1,2,1,5,3,7,2,1,6,3,6,7,2,7,1,2,2,6,4,1,1,1,6,7,4,1,1,2,1,6,7,7,19.165,195.821,196.933,47,6,150,50,2,4,1,26,2,,,67aa80c774c81448a3876d15,68f93eda9d39995d2bc88d21,68fa47d6ba0fc35928d20d93,Luxury watch,a luxury watch,Bottle of wine,a bottle of wine,Electricity bill,an electricity bill
2025-10-23 11:17:18,2025-10-23 11:38:40,0,154.7.225.213,100,1282,1,2025-10-23 11:38:41,R_75vMFRG1AQYGhk5,,,,,39.0469,-77.4903,anonymous,EN,1,2,1,3,7,4,7,7,3,5,5,7,1,1,1,1,1,3,7,5,1,1,1,3,5,7,4,5,7,1,7,7,7,7,7,4,1,1,1,1,7,7,1,1,2,1,1,1,56.268,437.113,438.66,53,1,250,200,7,7,0,1,1,1,4,7,1,1,1,7,1,1,1,1,1,1,7,7,1,1,1,1,5,7,1,4,7,1,7,7,7,7,7,1,1,4,1,1,7,7,1,1,1,1,5,7,10.034,247.653,248.459,47,1,100,70,7,7,0,1,1,0,0,3,6,1,5,5,7,4,1,5,7,1,1,1,1,2,7,7,1,1,1,5,7,7,7,1,7,1,7,7,1,1,1,1,1,3,1,1,5,7,4,1,1,7,5,5,12.522,276.413,277.601,55,1,15,8,7,7,1,31,1,,,66a3279007dbdd4d6d3a64a7,68f93eda9d39995d2bc88d21,68fa46d6c06f9c46931b9b59,Designer handbag,a designer handbag,Physical video game,a physical video game,Fast food meal,a fast food meal
2025-10-23 11:19:24,2025-10-23 11:38:44,0,50.106.188.180,100,1160,1,2025-10-23 11:38:45,R_5Qysgwxd7goSd0x,,,,,38.4345,-82.1324,anonymous,EN,1,2,1,3,2,1,5,5,2,3,5,5,1,2,2,2,2,5,6,5,3,1,3,3,5,2,5,2,6,5,5,5,2,1,3,1,1,1,1,1,5,7,6,5,5,1,1,1,9.867,235.915,237.205,51,2,20,25,5,5,1,6,7,5,3,2,6,2,2,1,6,1,5,4,6,6,2,6,6,6,6,6,6,6,7,2,6,2,1,1,1,2,2,1,6,6,6,6,6,6,7,2,1,7,6,6,239.083,452.236,453.362,47,6,20,10,2,2,1,1,1,0,0,5,5,2,5,6,3,5,5,2,6,1,1,2,1,1,2,3,6,6,6,5,6,6,4,6,6,6,1,6,2,6,6,5,1,1,1,1,3,7,3,3,3,1,6,6,47.758,229.526,230.557,50,5,1600,1200,3,5,0,59,1,,,67cc63a3a8d24ad74be65272,68f93eda9d39995d2bc88d21,68fa475dd8d673208fea0eeb,Bottle of wine,a bottle of wine,Parking,parking,Rent,rent
2025-10-23 11:21:40,2025-10-23 11:38:52,0,81.161.5.150,100,1031,1,2025-10-23 11:38:53,R_31WW2CjQI9XxuPb,,,,,40.7662,-74.0178,anonymous,EN,1,2,1,5,5,4,4,6,5,5,5,4,4,5,5,3,5,3,5,6,6,5,4,5,5,4,5,4,4,5,5,4,5,6,5,6,4,2,5,5,4,5,5,5,5,4,5,4,1.071,37.79,39.288,74,5,700,500,4,4,0,5,4,5,4,4,2,5,4,4,5,4,4,3,5,1,4,5,5,4,5,5,5,4,3,5,5,3,5,6,5,5,4,5,4,2,3,6,5,5,5,5,6,4,5,4,0.836,39.366,40.755,74,5,80,60,3,3,0,1,0,0,0,4,3,5,4,3,5,4,6,5,4,4,5,4,4,2,5,4,5,5,4,2,5,5,3,4,4,4,4,5,3,5,3,4,4,4,4,5,4,4,4,4,3,4,5,5,0.688,30.566,31.504,69,7,20,0,5,5,1,36,2,no,,66afcaa60f7d8f58dc21db8e,68f93eda9d39995d2bc88d21,68fa4801f9f358813e9e46ab,Laptop,a laptop,Bike share membership,a bike share membership,Parking,parking
2025-10-23 11:16:26,2025-10-23 11:39:53,0,209.237.107.3,100,1406,1,2025-10-23 11:39:53,R_31sNNvzxiywTcUx,,,,,44.9926,-92.9537,anonymous,EN,1,2,1,7,7,6,7,2,6,7,6,6,2,1,1,3,1,6,7,6,1,1,1,1,1,1,5,2,5,5,7,7,7,6,7,6,1,1,1,1,2,7,6,3,2,1,4,2,4.447,344.577,345.457,53,7,2500,500,4,2,0,3,5,5,5,3,4,2,3,7,5,1,5,4,2,5,7,4,6,1,1,1,1,1,6,1,6,7,1,1,1,2,2,1,1,1,1,1,7,4,3,5,6,1,1,1,3.749,372.017,373.178,52,5,115,50,6,5,0,1,0,0,0,2,1,2,3,6,4,2,1,3,6,1,2,4,2,6,7,6,6,1,6,3,6,2,6,7,7,6,5,2,2,5,6,4,1,1,1,2,5,5,2,3,3,5,6,7,5.849,475.665,477.396,51,2,30,25,6,6,0,41,1,,,561bbdf9811d22000df3138a,68f93eda9d39995d2bc88d21,68fa46b0f6286acdb77ed38b,Luxury watch,a luxury watch,Theme park ticket,a theme park ticket,Bike share membership,a bike share membership
2025-10-23 11:27:27,2025-10-23 11:40:03,0,38.194.21.92,100,756,1,2025-10-23 11:40:04,R_5QzGgT85VSr11wB,,,,,38.3426,-86.0924,anonymous,EN,1,2,1,7,7,7,7,4,1,7,1,4,4,5,4,7,5,1,7,7,7,7,7,1,7,1,7,7,6,7,1,1,1,4,1,6,1,1,4,5,7,7,7,1,7,1,2,4,23.35,350.178,350.835,93,7,1200,500,1,4,0,1,1,1,1,7,1,1,1,7,4,3,4,1,5,1,7,7,4,1,1,1,7,5,1,1,7,7,7,7,4,1,3,4,1,1,1,1,2,7,1,1,7,4,2,7,4.461,148.54,149.372,93,1,50,50,7,6,1,1,0,0,0,1,1,1,1,7,1,1,1,1,7,1,3,7,7,1,7,7,5,1,1,1,7,7,7,7,7,7,7,7,7,7,7,7,1,1,1,1,7,1,7,4,5,7,7,7,1.572,104.492,105.065,76,1,25,25,4,4,0,45,2,,,6772be1363ec1102cc8bc48d,68f93eda9d39995d2bc88d21,68fa48c78bf32a5243a2d240,Rent,rent,Restaurant dinner,a restaurant dinner,Public transit pass,a public transit pass
2025-10-23 11:17:00,2025-10-23 11:40:05,0,223.29.141.20,100,1384,1,2025-10-23 11:40:05,R_65THN8pnZJkIYKM,,,,,37.751,-97.822,anonymous,EN,1,2,1,1,1,1,7,7,1,4,4,1,4,1,1,1,1,1,7,1,1,1,1,1,1,7,1,1,7,7,7,7,1,1,4,1,1,1,1,1,1,7,1,1,1,3,7,7,10.526,198.395,200.015,55,1,1000,500,7,7,0,1,1,1,1,7,1,1,1,1,4,1,1,1,1,1,7,7,1,1,1,1,1,7,1,1,7,1,7,7,7,1,7,7,1,1,1,1,1,7,1,1,1,7,7,7,149.822,326.035,327.713,55,1,57,66,7,7,1,1,0,0,0,1,1,1,1,7,1,1,1,1,7,1,1,1,1,1,7,7,1,1,1,1,7,7,7,7,7,7,1,1,1,7,7,1,1,1,1,1,1,1,1,1,7,7,7,7,250.018,396.567,399.864,53,1,7,7,7,7,1,26,2,,,67266c0ecff4ab3acc3b5a54,68f93eda9d39995d2bc88d21,68fa46d2e0b2b3e56b0c6899,Luxury hotel stay,a luxury hotel stay,Pair of sneakers,a pair of sneakers,Netflix,a Netflix subscription
2025-10-23 11:18:52,2025-10-23 11:40:09,0,47.18.202.14,100,1276,1,2025-10-23 11:40:09,R_5Bu4SRfn6ugmCKp,,,,,40.7041,-73.6184,anonymous,EN,1,2,1,7,7,4,6,3,3,1,3,2,2,4,2,6,5,2,7,4,4,4,2,4,6,3,6,6,5,5,1,1,2,5,2,3,5,1,2,2,6,6,5,6,5,4,4,4,10.585,236.77,237.983,49,4,10000,5500,4,2,0,2,4,2,2,6,2,1,1,1,5,2,2,2,2,2,6,5,3,6,1,2,6,7,6,1,3,6,7,7,6,5,6,3,1,7,1,2,4,6,2,2,4,4,7,6,9.511,207.872,208.733,46,1,18,15,6,7,1,1,0,0,0,4,5,4,2,5,5,1,2,2,6,2,2,2,6,4,7,7,2,2,1,1,5,5,6,6,6,5,2,2,2,5,5,5,2,2,1,4,6,6,3,2,3,2,4,2,98.456,435.514,436.072,46,1,250,200,4,6,1,53,1,,,60f43c3a0fd9723feba1af38,68f93eda9d39995d2bc88d21,68fa47514ee8ac2b764f675e,Health insurance,health insurance,Shampoo,shampoo,Gym membership,a gym membership
2025-10-23 11:25:29,2025-10-23 11:40:14,0,149.18.53.232,100,885,1,2025-10-23 11:40:14,R_6GxneUznp8Id4UN,,,,,37.751,-97.822,anonymous,EN,1,2,1,1,1,1,1,7,1,1,1,1,7,1,7,7,1,1,7,1,1,7,1,2,7,7,6,6,7,7,7,7,6,6,7,6,1,1,1,1,7,7,1,7,7,7,7,7,10.496,188.255,189.226,53,1,15,10,7,7,1,1,3,1,2,7,2,6,5,7,7,1,7,7,1,1,7,6,1,1,1,1,1,1,6,1,7,1,7,7,7,7,7,7,1,1,1,1,7,7,1,1,6,7,7,7,13.433,172.872,173.694,61,1,1000,800,7,7,0,1,0,0,0,1,2,1,6,7,1,1,6,6,6,1,2,6,1,6,7,7,1,1,1,1,1,7,6,7,7,6,7,7,7,1,2,7,1,1,1,1,2,7,1,6,7,1,6,2,8.125,145.271,146.204,53,1,15,10,7,7,1,52,2,,,65c10fc4bfa12f9fbcfda656,68f93eda9d39995d2bc88d21,68fa475ab737a119ced7c9f7,Laundry detergent,laundry detergent,Bike,a bike,Bottle of wine,a bottle of wine
2025-10-23 11:17:35,2025-10-23 11:40:14,0,24.129.32.49,100,1359,1,2025-10-23 11:40:15,R_6sLx8D76YqFRozf,,,,,30.223,-81.7595,anonymous,EN,1,2,1,6,1,1,4,6,5,1,1,7,4,1,1,1,1,4,7,7,1,1,1,1,4,6,1,1,7,7,7,7,7,7,7,7,1,1,1,6,2,7,1,6,7,1,5,4,26.986,396.484,399.204,46,1,30,25,6,7,0,1,1,1,5,7,5,5,1,7,7,7,7,6,1,1,7,7,1,5,7,1,4,4,7,1,7,4,1,7,1,1,1,1,1,1,1,1,7,7,7,1,7,7,7,7,39.539,305.516,308.073,45,1,60,65,7,7,1,1,0,0,0,6,7,1,7,7,7,5,1,7,7,1,2,1,7,6,7,7,1,1,4,1,7,7,7,5,7,7,7,7,2,1,1,1,1,1,1,2,7,7,1,6,7,7,7,7,28.208,307.657,310.839,52,1,17,20,7,7,1,65,2,NA,,65ca418b08131c4a0ee1655a,68f93eda9d39995d2bc88d21,68fa46fd4645bdc6df57c7c3,Textbook,a textbook,Uber or Lyft,Uber or Lyft,Fast food meal,a fast food meal
2025-10-23 11:27:18,2025-10-23 11:40:24,0,174.108.69.0,100,785,1,2025-10-23 11:40:24,R_530gDNc42MUv1TP,,,,,35.0221,-80.5318,anonymous,EN,1,2,1,4,4,3,5,5,4,4,2,6,1,7,7,2,2,7,7,7,5,1,1,1,3,6,1,1,7,7,7,7,7,7,7,4,1,7,1,1,7,6,6,6,6,1,1,1,38.525,244.753,245.082,53,2,60,45,5,5,0,6,6,4,7,4,1,7,6,1,7,3,4,7,7,1,2,3,7,7,7,6,7,7,3,7,7,7,1,1,1,5,4,4,1,1,1,2,1,6,1,1,6,4,2,7,34.218,144.6,164.31,46,5,200,50,5,3,1,1,1,0,0,5,5,4,3,1,7,1,1,1,1,2,3,4,1,7,7,7,1,1,1,1,1,1,5,1,7,7,7,7,4,1,1,1,1,1,1,1,5,7,6,1,5,3,1,4,5.277,180.138,187.342,53,3,35,20,4,2,0,31,1,,,650b03136ab3d4c832d98b71,68f93eda9d39995d2bc88d21,68fa495332f7e3b334627378,Physical video game,a physical video game,Health insurance,health insurance,Fast food meal,a fast food meal
2025-10-23 11:16:15,2025-10-23 11:40:51,0,223.29.141.137,100,1475,1,2025-10-23 11:40:52,R_6mdXS4l4SlzhKgQ,,,,,37.751,-97.822,anonymous,EN,1,2,1,1,1,1,1,7,1,1,1,1,7,1,7,1,1,1,7,7,1,1,1,1,1,5,1,4,7,7,1,1,7,7,7,7,1,1,1,1,1,7,1,1,1,7,7,7,210.531,486.966,487.883,55,1,100,50,7,7,0,1,1,1,1,7,1,1,1,1,4,1,1,1,1,1,7,7,1,1,1,1,1,3,1,7,7,7,7,7,1,7,2,1,1,1,1,1,1,3,1,1,1,7,7,7,138.776,377.182,378.348,67,1,10,10,7,7,1,1,0,0,0,1,1,1,1,7,1,1,1,1,7,1,1,1,1,1,7,7,1,1,1,1,3,7,7,1,7,7,1,7,1,1,4,3,1,1,1,1,1,7,1,1,1,7,7,7,153.204,316.428,318.202,57,1,15,10,7,7,1,23,2,,,677da02dc68ea2b62a30b052,68f93eda9d39995d2bc88d21,68fa469ff59afa2f7d493d33,Online course,a online course,Uber or Lyft,Uber or Lyft,Uber or Lyft,Uber or Lyft
2025-10-23 11:23:13,2025-10-23 11:41:04,0,73.28.26.183,100,1070,1,2025-10-23 11:41:05,R_5wHMoIiUGOTHI9m,,,,,26.6049,-81.7287,anonymous,EN,1,2,1,3,4,3,4,5,5,6,4,6,6,3,4,4,3,6,7,5,4,3,2,1,5,4,5,6,6,6,3,5,3,7,6,5,2,2,2,2,4,5,2,3,4,2,3,4,14.68,273.468,274.974,51,3,400,350,6,6,0,4,5,4,7,4,2,7,4,5,7,5,4,5,2,2,6,5,3,6,4,4,1,4,2,7,7,7,7,7,6,6,6,5,2,1,1,1,2,7,2,5,5,2,6,7,18.291,289.915,290.86,55,6,500,350,2,6,0,1,1,0,0,5,3,2,3,5,6,4,3,1,7,6,6,3,3,2,2,4,4,7,5,6,7,5,6,7,7,7,2,2,1,7,6,4,1,1,1,2,5,3,1,1,2,6,7,7,22.877,225.821,227.691,51,4,80,70,4,7,1,56,2,none,,67c7d97be1bcafdd7b0a8059,68f93eda9d39995d2bc88d21,68fa474beafef7318f00ef25,Gym membership,a gym membership,Monthly car payment,monthly car payment,Electricity bill,an electricity bill
2025-10-23 11:16:32,2025-10-23 11:41:33,0,99.60.180.55,100,1500,1,2025-10-23 11:41:34,R_5Lt5bH0c3VeAsjD,,,,,33.9075,-117.7866,anonymous,EN,1,2,1,6,6,6,6,4,3,5,2,1,7,1,1,4,1,1,2,2,6,7,7,7,7,7,3,7,7,7,1,1,1,5,4,1,1,1,1,1,5,6,6,1,5,1,7,7,11.692,490.888,491.964,54,6,1500,500,1,4,0,2,2,1,3,5,3,1,1,1,1,1,1,1,1,1,7,5,4,3,1,1,3,7,5,1,7,6,7,7,7,6,6,1,3,1,1,1,5,7,4,4,4,2,5,6,3.729,667.895,668.665,56,1,3,3,5,5,1,1,0,0,0,5,5,3,4,4,2,2,1,5,1,1,1,1,2,4,7,1,1,1,1,1,5,6,4,1,7,6,6,5,4,1,3,1,1,1,1,1,1,7,2,4,5,5,6,6,2.883,159.139,160.067,57,2,50,25,7,2,1,59,1,,,5d47abcc2dc88900166f27c9,68f93eda9d39995d2bc88d21,68fa46c841ec6babc954f3c8,Rent,rent,Shampoo,shampoo,Restaurant dinner,a restaurant dinner
2025-10-23 11:37:03,2025-10-23 11:41:36,0,74.254.145.78,100,272,1,2025-10-23 11:41:37,R_7zoGp0c37ClRQeR,,,,,40.5885,-75.4642,anonymous,EN,1,2,1,7,7,7,3,2,3,6,5,3,2,6,5,3,4,5,3,3,3,6,2,3,6,3,4,6,7,1,6,6,5,3,3,2,1,4,4,1,4,5,7,3,4,3,5,2,2.789,58.645,59.059,84,6,5000,100,1,2,0,3,7,4,4,5,4,3,2,5,5,4,3,2,3,6,2,2,5,4,2,4,6,7,6,6,6,5,7,6,4,2,4,7,3,5,5,5,3,2,4,4,6,6,3,3,1.607,48.076,48,76,4,10,10,6,5,1,1,0,0,0,3,3,4,2,6,4,6,7,6,6,2,7,4,2,3,4,3,4,5,2,7,2,6,1,6,5,3,5,5,5,2,4,2,5,6,6,5,5,4,3,7,4,6,4,5,0.936,51.256,51.948,75,5,100,50,4,3,0,23,1,,,62cf6b6df766eafbd3f5a176,68f93eda9d39995d2bc88d21,68fa4b97dac147620c4eecdf,Luxury watch,a luxury watch,Fast food meal,a fast food meal,Meal kit subscription,a meal kit subscription
2025-10-23 11:27:17,2025-10-23 11:42:18,0,76.82.254.218,100,901,1,2025-10-23 11:42:19,R_3qwVvyvG4vQR7UJ,,,,,34.0716,-118.0111,anonymous,EN,1,2,1,4,4,3,4,5,4,4,2,6,2,3,3,3,2,5,7,6,4,1,3,1,3,2,3,1,7,6,5,3,1,2,2,2,1,1,1,1,3,4,5,6,4,3,3,4,24.704,230.806,233.985,50,3,20,25,6,4,0,3,3,3,2,3,3,3,1,4,2,2,2,3,2,6,7,6,3,1,3,1,2,2,3,1,7,7,6,3,1,2,2,2,1,1,1,1,3,5,4,4,4,5,3,4,6.97,241.967,242.8,49,2,10,12,4,3,0,1,0,0,0,5,4,4,4,4,4,4,3,6,4,4,5,4,4,6,7,4,5,1,3,1,4,3,4,2,7,5,7,7,7,6,6,2,1,1,1,3,4,5,5,4,3,2,2,3,8.867,143.358,144.227,52,3,60,50,4,3,0,61,2,,,59f226a9d6380600018b2923,68f93eda9d39995d2bc88d21,68fa493d2df9c73fef065e14,Restaurant dinner,a restaurant dinner,Fast food meal,a fast food meal,Physical video game,a physical video game
2025-10-23 11:23:54,2025-10-23 11:42:27,0,223.29.158.211,100,1113,1,2025-10-23 11:42:28,R_6uF2nJHr36QWTbg,,,,,37.751,-97.822,anonymous,EN,1,2,1,2,1,1,1,7,2,1,1,3,7,3,3,1,2,1,5,6,1,1,1,1,1,5,6,1,6,2,7,7,7,6,7,7,5,1,2,2,5,7,1,2,2,7,7,6,16.076,265.493,266.788,56,1,500,400,7,7,0,2,1,6,1,7,1,1,1,1,5,6,5,5,2,1,1,1,6,7,6,7,2,1,7,7,7,7,3,1,1,1,5,1,1,4,1,1,1,1,1,2,1,5,7,7,19.369,267.124,268.179,59,1,150000,1000,3,7,1,1,0,0,0,1,1,2,2,6,1,1,1,1,7,2,4,7,3,1,1,2,1,7,6,7,7,6,6,7,5,7,1,1,1,1,5,1,1,1,1,1,2,2,1,1,1,7,7,7,15.892,213.244,213.94,51,1,1500,1000,6,7,1,50,1,None,,67ccc62a623f466a4ad19371,68f93eda9d39995d2bc88d21,68fa487d5860e6dd8aa5973e,Laptop,a laptop,Rent,rent,Rent,rent
2025-10-23 11:25:45,2025-10-23 11:42:58,0,68.129.211.76,100,1032,1,2025-10-23 11:42:59,R_1Gxm4R3L999mKbV,,,,,40.9039,-73.837,anonymous,EN,1,2,1,4,2,2,4,6,2,2,2,2,6,5,2,3,2,2,5,5,4,2,2,3,6,5,3,5,5,1,2,6,5,4,4,4,2,2,2,2,5,6,2,2,3,6,6,6,13.324,180.772,181.929,55,4,350,200,1,6,0,3,4,2,4,6,2,2,2,5,5,5,3,2,4,2,6,6,2,2,2,2,4,5,4,2,4,5,2,2,2,2,2,2,2,2,2,5,5,6,2,2,3,6,5,2,33.768,182.617,183.61,54,1,90,50,7,6,1,1,0,0,0,6,6,6,3,2,4,2,2,5,2,6,6,6,6,6,6,5,5,1,2,2,2,4,6,6,6,6,2,6,2,2,2,2,2,2,5,3,3,6,2,2,2,5,3,4,13.833,156.192,157.722,50,6,15,5,5,4,0,60,2,,,647dde92d730823a9e5c7f0f,68f93eda9d39995d2bc88d21,68fa484131487db90382e3a5,Monthly car payment,monthly car payment,Concert ticket,a concert ticket,Netflix,a Netflix subscription
2025-10-23 11:30:51,2025-10-23 11:43:17,0,66.74.48.51,100,745,1,2025-10-23 11:43:17,R_7f16dFfij95fxIZ,,,,,34.1619,-116.4335,anonymous,EN,1,2,1,7,7,7,6,4,4,5,5,4,6,6,6,7,7,1,1,1,7,7,7,7,2,1,5,1,7,7,7,7,7,1,2,5,1,1,5,5,6,5,1,7,7,6,7,6,44.172,272.427,273.627,57,7,200,40,4,6,0,4,1,1,4,7,2,1,1,1,7,7,7,4,1,1,1,7,1,5,2,6,7,7,6,1,5,7,7,7,7,7,6,1,1,1,1,1,1,7,1,7,6,7,7,7,16.873,169.561,170.882,41,1,25,25,7,7,1,1,0,0,0,1,3,1,1,6,5,1,1,5,7,2,4,4,1,4,7,7,1,1,1,7,1,1,2,1,7,4,6,7,7,7,6,1,1,1,1,1,1,7,1,5,5,4,5,5,6.48,132.685,134.484,52,2,500,500,4,4,0,39,1,,,6660e87571cd35e3fdd8a0f9,68f93eda9d39995d2bc88d21,68fa4a1f997186a25c3bc8c6,Textbook,a textbook,Laundry detergent,laundry detergent,Bike,a bike
2025-10-23 11:35:07,2025-10-23 11:43:49,0,32.219.204.228,100,521,1,2025-10-23 11:43:50,R_1H2iTaMGraXwJaB,,,,,41.3219,-73.0816,anonymous,EN,1,2,1,4,5,5,5,3,2,4,3,2,4,4,2,2,3,2,5,4,3,3,1,4,3,3,2,4,3,6,1,1,4,4,4,3,2,2,2,2,3,3,3,4,3,4,4,4,6.286,66.57300000000001,68.173,54,2,19,10,2,2,0,4,3,3,4,3,3,5,4,5,2,4,4,4,3,3,2,3,4,5,4,3,5,4,4,4,3,4,4,1,4,4,4,4,5,5,1,5,4,2,3,4,5,4,4,5,2.713,140.14,140.47,52,1,300,0,1,3,0,1,1,0,0,4,4,4,6,5,3,5,4,5,4,5,4,3,4,4,5,3,5,3,3,4,4,5,3,4,4,2,4,4,3,4,4,4,5,1,1,2,4,4,3,3,4,4,4,5,3.068,34.164,36.336,55,5,500,300,4,5,1,39,1,none,,5ff591cba89e1b000bfb9852,68f93eda9d39995d2bc88d21,68fa4b1ec13a947b4dfb93de,Netflix,a Netflix subscription,Life insurance,life insurance,Monthly car payment,monthly car payment
2025-10-23 11:19:03,2025-10-23 11:44:01,0,99.39.57.183,100,1497,1,2025-10-23 11:44:02,R_3wh1jp8y26NfIsW,,,,,30.0245,-91.7496,anonymous,EN,1,2,1,6,7,3,7,7,6,7,5,7,7,4,5,7,4,7,7,5,7,2,6,7,7,7,6,7,6,7,3,2,3,6,7,7,2,3,3,3,5,7,6,3,2,5,7,6,7.782,414.24,415.099,60,5,550,350,6,7,0,2,2,1,3,6,3,2,1,2,7,1,1,7,5,3,5,2,4,7,6,1,2,3,2,1,7,5,7,7,6,7,2,1,1,1,1,1,7,6,1,5,5,6,7,7,2.303,255.259,256.446,54,4,100,75,6,6,1,1,0,0,0,4,5,1,7,6,5,6,2,6,2,1,1,2,2,2,6,6,1,1,1,1,1,1,7,1,7,5,5,1,6,6,2,7,3,1,2,2,7,6,6,6,1,3,2,6,31.231,442.079,442.94,59,6,120,95,6,6,0,41,2,na,,66e7a809808daaac1a79dd40,68f93eda9d39995d2bc88d21,68fa4759c17b0586df04f278,Monthly car payment,monthly car payment,Textbook,a textbook,Concert ticket,a concert ticket
2025-10-23 11:19:17,2025-10-23 11:44:13,0,68.39.238.227,100,1495,1,2025-10-23 11:44:13,R_1xPGWMuxRN8WP0E,,,,,41.1954,-85.1177,anonymous,EN,1,2,1,4,4,3,3,4,5,1,2,3,4,1,1,1,1,4,7,5,2,1,1,1,6,4,4,1,7,7,7,7,4,2,1,1,1,1,1,1,3,7,7,3,5,1,3,2,15.468,203.327,204.154,59,2,15,5,6,3,1,3,4,3,4,4,4,1,2,3,5,5,6,1,1,6,7,7,1,1,1,1,2,4,4,7,7,6,1,1,1,6,2,4,1,1,2,3,5,4,3,5,4,1,2,5,16.209,188.75,189.756,67,4,50,25,2,4,0,1,0,0,0,6,6,6,6,3,3,1,3,1,4,5,4,1,6,2,6,5,4,3,6,5,4,6,5,7,7,7,6,1,1,5,3,3,1,2,6,7,3,5,3,4,5,1,5,6,14.382,182.091,182.729,72,5,100,0,2,4,1,44,2,,,5c95493ddd325800166f838a,68f93eda9d39995d2bc88d21,68fa47672c477cf8a8ae6c21,Bottle of wine,a bottle of wine,Gym membership,a gym membership,Health insurance,health insurance
2025-10-23 11:24:53,2025-10-23 11:44:13,0,73.206.20.214,100,1160,1,2025-10-23 11:44:14,R_1OK1ehkdJMTcGCZ,,,,,29.9762,-95.6401,anonymous,EN,1,2,1,4,4,4,4,4,1,4,4,1,1,1,1,7,1,4,4,7,4,1,4,1,1,1,1,1,4,1,7,7,7,7,4,4,4,1,4,4,1,4,1,7,7,7,4,4,44.185,247.717,249.113,49,5,60,30,1,1,0,7,7,7,7,1,4,7,7,7,1,1,1,1,1,7,7,7,1,1,7,1,1,1,1,1,7,1,1,1,1,1,1,1,1,1,1,1,1,7,7,1,4,1,1,1,7.056,108.808,109.524,50,7,200,100,1,1,0,1,1,0,0,7,7,7,7,1,1,7,7,1,1,1,1,7,1,7,7,7,1,1,1,1,1,1,1,1,7,1,7,7,7,1,4,1,1,1,1,1,1,7,4,7,7,1,1,1,5.695,102.045,103.511,48,7,600,100,1,1,0,54,2,,,6266aa7132e3a5bf1631ac1b,68f93eda9d39995d2bc88d21,68fa48bc9ed186e45c42bc77,Public transit pass,a public transit pass,Luxury hotel stay,a luxury hotel stay,Designer handbag,a designer handbag
2025-10-23 11:16:34,2025-10-23 11:44:41,0,72.225.148.23,100,1686,1,2025-10-23 11:44:41,R_5gRR5CTvAikHdcg,,,,,40.8327,-73.9712,anonymous,EN,1,2,1,4,5,4,6,6,2,6,2,5,1,6,2,6,2,2,7,2,2,7,3,2,7,2,4,7,7,6,5,5,4,6,7,6,1,1,2,6,3,6,1,4,1,4,4,6,10.267,435.531,437.662,53,7,500,150,1,6,0,2,2,1,4,7,2,1,1,6,6,7,6,2,2,3,7,7,1,1,1,1,4,1,1,1,7,1,7,7,7,7,7,6,4,1,1,1,1,7,1,2,2,2,3,2,93.656,412.377,413.665,54,1,60,30,7,6,1,1,0,0,0,5,5,1,4,7,1,2,3,4,4,1,3,1,1,4,7,7,1,1,1,1,4,3,1,7,7,7,7,7,7,4,5,1,1,1,1,1,1,7,1,4,4,7,7,7,18.157,419.161,420.302,50,2,100,100,7,7,1,55,2,I have no further comments.,,66366f1058966314508ed6e4,68f93eda9d39995d2bc88d21,68fa46c5e9cd820b05a5bb0a,Monthly car payment,monthly car payment,Physical video game,a physical video game,Meal kit subscription,a meal kit subscription
2025-10-23 11:19:10,2025-10-23 11:44:56,0,172.59.106.183,100,1546,1,2025-10-23 11:44:57,R_3NXs0oDlgzDAiZj,,,,,29.9734,-90.0885,anonymous,EN,1,2,1,6,7,1,7,5,4,5,1,1,7,6,7,7,7,1,1,5,6,7,1,7,1,4,1,1,7,6,7,7,7,7,7,7,1,1,1,7,7,7,1,7,7,1,6,7,9.719,341.503,344.039,52,7,150,50,6,7,0,1,1,1,5,7,7,5,1,3,7,1,1,1,1,1,7,1,1,1,1,1,1,1,1,1,7,1,7,7,7,7,7,7,1,1,1,1,6,7,1,1,7,7,7,7,103.599,580.947,586.167,50,5,400,300,7,7,0,1,0,0,0,7,7,3,7,6,1,7,1,7,1,1,1,7,1,5,7,7,7,1,1,1,1,1,1,1,7,7,7,7,7,7,7,7,1,1,1,1,5,1,1,1,7,7,1,1,9.611,333.335,335.128,50,7,800,450,7,7,0,44,2,,,653feb348f4df4e625de5909,68f93eda9d39995d2bc88d21,68fa4762b71b05ae4d3ea50c,Textbook,a textbook,Bike,a bike,Designer handbag,a designer handbag
2025-10-23 11:33:09,2025-10-23 11:45:49,0,98.168.212.64,100,759,1,2025-10-23 11:45:50,R_5jvTo5jGyPjnfiA,,,,,41.1429,-96.0178,anonymous,EN,1,2,1,6,4,2,5,7,4,7,4,4,5,7,7,1,2,7,7,7,1,1,4,1,1,1,4,1,7,2,7,7,7,7,7,3,1,1,1,2,7,7,7,6,1,1,1,1,7.714,183.666,184.308,84,4,60,60,4,2,0,7,7,7,7,2,4,7,6,1,4,5,6,7,5,4,1,6,1,5,7,6,4,4,6,7,7,1,1,1,1,1,4,1,1,1,4,4,4,4,4,4,1,1,4,2,2.752,204.095,205.024,87,7,700,200,1,4,0,1,0,0,0,4,4,4,4,4,4,1,4,2,7,7,2,7,2,2,1,3,5,3,5,2,7,7,7,7,2,7,1,5,1,1,1,3,1,1,5,6,6,2,5,4,5,1,7,7,8.357,211.674,212.347,94,2,100,70,3,7,1,32,2,the wording is confusing. Ones does not 'purchase' an electricity bill.,,66abc79f0812c1f89a25adfb,68f93eda9d39995d2bc88d21,68fa4aab5ad15fd05cdfc6dd,Physical video game,a physical video game,Monthly car payment,monthly car payment,Electricity bill,an electricity bill
2025-10-23 11:36:10,2025-10-23 11:45:53,0,98.161.208.12,100,582,1,2025-10-23 11:45:54,R_3Dura0QtZD6kKQP,,,,,33.7147,-112.2401,anonymous,EN,1,2,1,2,3,1,3,6,7,2,1,1,7,1,2,1,4,1,2,1,7,6,4,1,7,7,7,7,7,7,1,1,1,4,4,1,1,1,1,3,6,1,1,1,1,4,7,7,13.569,112.617,113.5,47,2,125,125,3,7,1,5,5,4,3,4,6,1,1,1,6,7,6,5,5,4,4,6,2,2,3,3,4,4,6,2,7,4,2,2,4,4,5,1,6,3,6,6,6,2,1,1,1,6,6,6,5.27,176.604,177.455,58,4,10,5,5,3,1,1,1,0,0,3,2,2,3,5,1,2,3,4,7,1,1,1,1,4,7,7,1,1,1,1,2,1,1,1,7,1,1,1,1,2,4,6,1,1,1,4,1,7,2,4,1,1,2,3,3.323,147.473,148.535,47,2,200,150,5,5,0,31,1,,,6734ab83047e85e2f8795acb,68f93eda9d39995d2bc88d21,68fa49877a14de28c25b8aa9,Electricity bill,an electricity bill,Parking,parking,Online course,a online course
2025-10-23 11:17:14,2025-10-23 11:46:11,0,74.80.146.247,100,1737,1,2025-10-23 11:46:12,R_6QR90va5mTeIMAr,,,,,37.751,-97.822,anonymous,EN,1,2,1,5,4,5,4,7,6,6,6,6,6,5,6,4,6,2,6,6,4,5,4,6,6,6,5,6,5,6,3,6,5,2,5,5,5,2,5,5,4,5,5,5,5,5,5,5,126.178,339.941,355.547,47,1,35,24,6,3,0,2,3,2,3,7,2,6,6,6,7,2,6,7,2,5,6,5,5,3,5,5,5,2,2,6,6,1,7,6,7,6,2,7,6,2,5,5,4,5,3,6,5,6,6,5,99.95,489.044,543.994,47,2,200,200,6,5,1,1,0,0,0,4,3,6,6,6,5,7,1,3,5,5,5,5,6,5,5,5,5,5,5,5,2,6,6,5,6,2,7,6,6,3,6,4,5,2,4,6,4,7,6,5,6,5,5,5,4.855,169.951,175.666,47,2,400,350,4,6,0,48,1,,,671fb466946348aad9a11d10,68f93eda9d39995d2bc88d21,68fa46f336b5f7f3e66e0c3d,Uber or Lyft,Uber or Lyft,Laptop,a laptop,Designer handbag,a designer handbag
2025-10-23 11:17:10,2025-10-23 11:46:23,0,74.80.146.100,100,1753,1,2025-10-23 11:46:24,R_6mUyfF0OHeOQhEX,,,,,37.751,-97.822,anonymous,EN,1,2,1,5,5,2,5,2,5,5,6,4,2,5,5,4,5,3,6,6,6,3,6,5,5,6,6,6,6,5,5,5,6,6,5,4,6,3,5,4,5,5,5,5,5,6,6,5,135.72,327.887,332.534,47,2,15,4000,6,6,1,2,3,4,6,6,5,6,3,5,5,2,5,2,2,2,6,5,2,3,2,5,5,4,6,4,4,5,6,7,6,7,5,7,7,2,2,1,6,6,5,5,4,6,7,7,117.604,504.476,506.228,53,4,96,50,4,3,1,1,0,0,0,6,4,2,4,6,5,5,3,5,6,6,5,5,5,3,7,6,6,4,2,5,3,5,4,4,3,7,5,4,5,6,5,4,4,4,5,6,5,5,3,3,6,6,6,5,13.881,179.831,185.666,46,2,350,100,6,5,0,36,1,"This was an interesting survey ",,67765e31285547a961cb8636,68f93eda9d39995d2bc88d21,68fa46d4f6ce0256a7c2102e,Luxury watch,a luxury watch,Electricity bill,an electricity bill,Luxury hotel stay,a luxury hotel stay
2025-10-23 11:31:07,2025-10-23 11:46:23,0,70.16.44.122,100,916,1,2025-10-23 11:46:24,R_5jpNR3b3jgn5o2y,,,,,43.0037,-78.8496,anonymous,EN,1,2,1,4,5,2,5,6,2,2,3,6,4,2,3,2,1,3,7,6,2,1,2,2,5,5,4,1,5,6,7,7,6,6,6,4,1,7,2,1,5,7,3,3,3,1,3,2,9.829,265.047,266.136,53,2,50,40,6,6,1,5,5,5,6,5,4,5,5,6,5,1,5,4,2,5,6,6,1,1,1,1,1,4,5,1,6,6,1,1,1,1,1,5,1,1,1,1,1,6,6,2,2,1,4,5,10.521,204.161,205.528,55,5,300,200,6,4,0,1,0,0,0,5,5,4,6,5,1,6,3,5,7,4,5,6,1,1,3,4,2,5,4,1,7,5,7,7,6,5,1,6,6,6,6,5,1,1,1,1,5,5,3,1,2,5,4,5,11.607,234.694,235.801,62,6,700,300,1,4,0,49,2,,,659c4cb7b44bbfadb4a77dff,68f93eda9d39995d2bc88d21,68fa4a31e164148a1c941318,Perfume,perfume,Luxury hotel stay,a luxury hotel stay,Monthly car payment,monthly car payment
2025-10-23 11:31:30,2025-10-23 11:47:12,0,76.105.58.255,100,941,1,2025-10-23 11:47:12,R_67lCEwD4qmFzL2C,,,,,39.2079,-120.999,anonymous,EN,1,2,1,7,7,7,7,1,7,7,7,7,1,7,6,1,1,7,7,7,1,1,1,1,1,1,1,1,7,7,7,7,7,4,6,5,1,1,1,1,2,7,7,5,4,1,1,1,15.071,186.149,187.759,47,7,500,35,1,1,0,4,1,5,6,4,3,6,1,3,7,6,7,6,1,3,5,1,6,4,1,1,3,6,6,1,7,7,7,7,7,6,7,4,1,7,1,1,6,5,1,1,5,6,6,6,105.205,384.209,385.251,52,1,800,800,5,6,0,1,1,0,0,7,7,7,7,1,6,7,6,7,1,1,1,1,1,7,7,1,1,1,1,1,1,1,2,1,7,7,7,7,7,7,7,1,1,1,1,1,3,7,7,7,3,1,1,1,7.827,171.937,172.962,46,7,1000,500,1,1,0,64,1,,,66e9cc5fb04f5ba6d8b5a3f1,68f93eda9d39995d2bc88d21,68fa4a2e9efa680ef0df119a,Designer handbag,a designer handbag,Laptop,a laptop,Luxury watch,a luxury watch
2025-10-23 11:39:21,2025-10-23 11:47:34,0,73.87.221.56,100,492,1,2025-10-23 11:47:34,R_60RXGMtztfLeCYh,,,,,38.9187,-75.4291,anonymous,EN,1,2,1,5,2,1,1,4,6,1,1,1,1,1,1,1,1,1,2,1,7,5,1,6,6,1,6,1,1,7,7,7,3,5,5,1,1,1,1,1,7,7,1,5,7,1,2,1,10.162,126.764,129.736,53,2,7,5,4,4,1,7,6,2,7,4,2,6,4,1,2,1,1,1,1,1,1,1,6,7,6,7,7,7,6,7,7,7,1,1,1,2,4,1,1,1,1,1,1,2,1,4,1,1,4,3,9.32,108.705,109.849,66,5,1400,1000,3,6,1,1,1,0,0,2,5,4,3,3,2,3,3,5,1,1,1,1,1,6,6,6,2,1,1,1,2,1,4,1,1,7,5,5,1,1,1,1,1,1,1,1,2,7,6,4,5,1,1,4,3.346,104.608,106.045,62,4,35,20,2,2,1,38,1,,,5b9ec956c8a17f000171f7ad,68f93eda9d39995d2bc88d21,68fa4c1fd7048bbe05bc359a,Shampoo,shampoo,Rent,rent,Restaurant dinner,a restaurant dinner
2025-10-23 11:33:16,2025-10-23 11:47:38,0,76.182.80.221,100,862,1,2025-10-23 11:47:39,R_1ITNuWIJbLEmm8p,,,,,35.7633,-78.71,anonymous,EN,1,2,1,4,4,1,3,6,1,3,1,1,1,1,1,1,1,5,7,7,4,1,1,1,7,7,1,1,1,6,7,7,1,1,1,1,1,1,1,1,1,7,6,1,7,7,7,7,10.16,369.701,371.493,53,1,9,8,6,6,1,1,1,1,1,7,7,1,1,1,7,7,1,7,1,1,1,1,7,4,7,7,1,7,1,1,7,4,1,1,1,4,4,7,5,1,1,2,1,1,1,7,7,1,4,1,15.298,152.096,153.336,47,7,100,50,1,5,0,1,1,0,0,5,6,1,7,6,1,6,5,7,1,1,1,1,1,7,7,7,7,1,1,1,1,1,7,1,7,7,7,4,1,1,1,1,1,1,1,1,1,5,7,1,1,1,1,1,8.984,162.65,163.592,50,7,150,135,7,5,0,55,2,,,67ba6db5e3ccb0154022d04f,68f93eda9d39995d2bc88d21,68fa4aa54c09546d8343d293,Fast food meal,a fast food meal,Online course,a online course,Theme park ticket,a theme park ticket
2025-10-23 11:17:00,2025-10-23 11:47:44,0,86.109.82.157,100,1844,1,2025-10-23 11:47:45,R_3TKAuT0gxg7AsHD,,,,,37.8117,-80.4434,anonymous,EN,1,2,1,4,2,1,4,6,2,2,2,2,6,1,4,1,4,1,4,3,2,4,2,4,3,6,2,2,5,5,6,6,6,6,6,6,1,2,4,2,2,6,1,2,3,6,6,6,18.599,714.124,715.339,86,1,250,350,7,7,0,2,2,2,3,6,2,3,4,4,6,1,5,2,4,2,4,3,2,6,6,3,3,6,2,3,6,6,6,6,6,6,5,6,2,2,1,2,6,6,3,4,4,6,6,6,18.394,332.165,333.49,81,1,400,500,7,7,1,1,0,0,0,2,2,3,1,3,3,2,1,2,5,2,5,5,5,2,4,6,2,2,2,3,3,3,4,3,6,5,6,5,4,2,3,2,5,2,5,2,6,6,2,5,6,3,4,5,6.992,275.374,277.687,94,1,30,30,5,6,1,34,1,The questions were clear,,67dbcd7722043bf1d1671b92,68f93eda9d39995d2bc88d21,68fa46dc0f769ae56322a4cf,Bike,a bike,Laptop,a laptop,Laundry detergent,laundry detergent
2025-10-23 11:27:21,2025-10-23 11:47:55,0,99.21.127.72,100,1233,1,2025-10-23 11:47:55,R_5ghW6Xi0hIRgfs2,,,,,42.1382,-83.2179,anonymous,EN,1,2,1,1,1,1,3,7,1,1,1,1,7,1,1,1,1,1,7,7,1,1,1,1,7,7,7,1,7,7,1,1,1,1,1,7,1,1,1,2,7,1,1,1,1,7,7,7,14.872,175.703,177.682,48,1,40,30,6,7,1,1,1,1,1,7,1,1,1,3,4,7,1,1,1,1,7,7,1,1,1,1,7,7,1,1,7,7,7,7,7,6,1,7,1,1,1,1,1,7,1,1,7,1,7,1,7.941,296.984,298.328,47,1,48,40,7,7,1,1,0,0,0,2,1,1,1,7,1,5,1,1,1,1,1,1,7,1,7,7,1,1,1,1,3,1,7,7,7,7,1,1,1,1,1,7,1,1,1,1,1,1,1,1,7,1,7,7,64.04,207.693,209.343,49,2,60,49,5,7,1,30,1,The survey was very engaging and informative.,,678e883a9ac653bfb7ff5f1f,68f93eda9d39995d2bc88d21,68fa49462a56387aad5c3cc6,Uber or Lyft,Uber or Lyft,Perfume,perfume,Gym membership,a gym membership
2025-10-23 11:17:21,2025-10-23 11:48:28,0,91.124.134.71,100,1866,1,2025-10-23 11:48:29,R_5E4K1nHpG2g9Mul,,,,,37.751,-97.822,anonymous,EN,1,2,2,6,5,1,5,4,4,1,1,3,3,1,6,1,1,1,7,7,1,1,1,1,5,4,7,7,7,5,1,1,1,2,4,1,1,1,1,1,4,7,1,1,2,4,4,4,17.178,359.272,360.793,54,1,19.99,10,6,6,1,5,4,1,6,4,1,3,1,7,1,1,1,1,1,4,7,7,4,1,1,1,1,1,7,1,7,1,7,7,1,1,1,1,2,2,1,2,4,7,1,1,1,1,1,1,7.44,617.748,620.002,49,4,120,50,4,4,0,1,0,0,0,4,4,1,5,5,2,2,3,5,4,1,1,2,1,1,7,7,1,1,1,1,1,4,4,1,7,1,7,5,1,1,1,1,3,7,1,1,4,7,1,4,5,7,4,4,22.326,314.423,316.701,52,1,40,20,7,7,1,37,1,,,5976cbb9947fc700018fe230,68f93eda9d39995d2bc88d21,68fa46f3a1e6a744065801e6,Netflix,a Netflix subscription,Concert ticket,a concert ticket,Restaurant dinner,a restaurant dinner
2025-10-23 11:18:27,2025-10-23 11:48:33,0,97.177.153.106,100,1806,1,2025-10-23 11:48:33,R_3IWezcRTxnJJisS,,,,,29.9375,-90.0848,anonymous,EN,1,2,1,5,6,4,6,4,3,6,6,6,3,1,1,1,1,5,6,1,2,1,1,2,1,1,3,1,6,7,1,1,1,1,1,1,1,1,1,1,1,1,1,1,4,1,1,5,90.232,247.394,248.282,85,6,500,500,6,2,0,1,3,1,4,5,4,5,1,2,5,1,1,1,1,1,6,4,6,1,1,4,6,6,6,1,7,1,7,7,7,7,7,2,1,1,1,1,6,7,3,2,4,5,6,6,2.381,196.102,200.936,89,2,100,100,6,6,1,1,0,0,0,4,4,1,7,6,4,7,3,6,7,1,1,1,1,4,5,1,6,4,4,4,1,6,4,1,6,6,7,6,7,6,5,5,5,1,1,1,6,6,1,3,5,6,6,6,2.111,126.893,127.603,90,6,1000,1000,7,6,1,33,2,,,67aced4b25f62493088645b8,68f93eda9d39995d2bc88d21,68fa471f5342625eaffe01ed,Luxury hotel stay,a luxury hotel stay,Bike,a bike,Laptop,a laptop
2025-10-23 11:38:01,2025-10-23 11:48:58,0,108.50.249.230,100,657,1,2025-10-23 11:48:59,R_5DDF0YaMrRa2YAV,,,,,40.8548,-74.0284,anonymous,EN,1,2,1,5,3,4,1,3,6,1,1,1,7,7,7,7,5,2,5,4,6,1,5,4,4,7,7,2,6,3,1,1,1,1,1,1,7,5,5,7,6,2,4,1,1,5,6,4,5.87,177.473,178.4,57,3,10,5,4,3,1,4,3,2,1,5,5,1,1,5,2,7,6,1,2,7,7,7,1,1,1,1,6,1,1,2,7,6,5,5,5,7,6,2,1,1,1,1,6,7,3,4,4,1,2,1,6.706,147.972,148.887,53,1,60,50,7,5,1,1,1,0,0,4,2,2,3,5,2,1,1,3,6,1,1,2,1,7,7,7,1,1,1,1,1,2,3,1,7,6,7,7,7,7,7,1,1,1,1,1,5,5,2,3,1,5,4,5,3.883,119.648,120.46,57,1,500,450,5,4,0,50,1,,,63e630188c3e4ac4a92b1ff5,68f93eda9d39995d2bc88d21,68fa4a37a023e997542837d5,Parking,parking,Physical video game,a physical video game,Bike,a bike
2025-10-23 11:16:32,2025-10-23 11:49:00,0,216.237.248.133,100,1948,1,2025-10-23 11:49:01,R_3avvzHvE4cZCb17,,,,,37.2845,-107.8646,anonymous,EN,1,2,1,4,4,1,5,4,1,4,4,7,1,1,1,1,1,6,7,4,6,1,1,1,4,1,1,1,7,7,4,1,4,1,1,1,1,1,1,1,7,1,4,5,4,1,1,1,352.436,1562.486,1563.287,66,4,150,100,7,6,1,1,1,1,3,5,2,1,1,3,6,1,1,1,1,3,7,7,3,1,1,1,6,1,6,1,7,1,7,7,7,7,7,6,1,1,1,1,5,7,1,4,4,7,3,4,2.728,97.628,98.059,53,2,250,250,7,7,0,1,0,0,0,3,3,2,6,4,4,4,5,5,1,1,1,2,1,6,7,4,4,1,1,1,2,1,2,1,6,1,4,1,1,1,1,1,1,1,1,1,7,6,6,6,7,1,1,1,10.666,93.547,94.541,46,5,150,100,6,5,1,27,2,,,6015ba06aa02256df4792d15,68f93eda9d39995d2bc88d21,68fa46a1aef58a68360c6851,Concert ticket,a concert ticket,Bike,a bike,Concert ticket,a concert ticket
2025-10-23 11:32:25,2025-10-23 11:49:05,0,71.227.106.247,100,1000,1,2025-10-23 11:49:06,R_6Nt6gUsnixhGQ9q,,,,,42.3914,-83.1493,anonymous,EN,1,2,1,4,3,2,3,5,6,3,2,6,1,2,1,2,2,4,7,7,1,1,1,1,2,6,6,1,7,7,6,7,1,1,1,1,2,1,1,1,5,6,2,6,7,1,5,1,21.345,247.221,253.915,46,2,8,6,5,5,0,6,5,2,6,5,1,7,4,3,6,1,1,6,1,4,7,7,2,1,2,6,5,1,2,7,7,7,7,7,7,7,6,7,1,1,1,1,5,7,1,3,3,5,4,4,111.156,303.735,305.184,49,5,300,250,1,4,0,1,0,0,0,6,6,2,6,5,2,7,5,1,6,6,6,7,1,4,7,7,1,1,1,1,1,1,3,2,7,7,7,7,7,7,7,7,1,1,1,1,3,7,1,3,3,4,4,6,8.689,192.30700000000002,196.674,51,5,1100,600,3,4,0,47,1,n/a,,6751029bbc56ad2917b27778,68f93eda9d39995d2bc88d21,68fa4a2fb15c91fe5a620970,Starbucks,Starbucks,Monthly car payment,monthly car payment,Laptop,a laptop
2025-10-23 11:27:46,2025-10-23 11:49:17,0,77.47.241.123,100,1291,1,2025-10-23 11:49:18,R_6A0QxHhEpbovKoa,,,,,37.751,-97.822,anonymous,EN,1,2,1,3,3,4,4,6,6,4,3,4,6,3,7,3,6,2,4,3,3,4,6,5,6,4,4,4,5,7,7,7,7,6,7,6,4,4,3,4,5,7,3,6,4,6,6,6,34.868,267.968,269.203,52,1,40,30,7,7,1,3,4,4,4,6,3,4,3,4,7,2,3,4,4,2,5,2,6,2,1,7,7,7,4,4,5,7,6,6,6,7,7,6,2,2,3,3,6,7,1,4,3,6,6,5,14.256,219.291,220.644,54,1,500,300,7,7,1,1,1,0,0,4,3,4,4,6,4,3,2,3,4,3,3,4,5,3,4,2,6,2,2,6,6,5,5,4,5,5,6,6,6,6,6,3,3,3,3,3,4,6,3,4,3,6,6,5,11.692,168.367,169.671,51,3,40,20,6,5,0,40,1,,,67c70ef486c8488303c97ed5,68f93eda9d39995d2bc88d21,68fa4963fbd5de1447c9ebad,Textbook,a textbook,Laptop,a laptop,Perfume,perfume
2025-10-23 11:35:53,2025-10-23 11:50:06,0,76.133.22.90,100,853,1,2025-10-23 11:50:07,R_7rqrR5KE0TrWqZu,,,,,37.26,-121.9173,anonymous,EN,1,2,1,3,3,2,1,6,6,1,1,1,7,6,6,7,6,1,5,3,1,6,3,2,7,6,6,1,6,7,7,7,7,6,6,1,1,1,1,5,7,7,1,6,6,3,7,6,14.445,259.694,262.738,54,1,10,7.50,7,7,1,3,3,1,5,6,5,1,1,1,7,3,2,5,6,1,6,6,4,6,2,3,7,7,6,1,6,7,7,7,7,7,7,1,1,1,2,4,5,7,2,6,5,2,6,6,8.175,213.01,213.846,49,1,12,10,7,6,1,1,0,0,0,6,7,6,7,3,2,7,4,7,7,7,5,6,5,7,7,5,6,1,2,1,1,4,2,1,7,7,7,6,5,1,1,1,1,1,1,4,7,7,7,7,6,1,1,1,9.736,165.989,166.645,53,6,100,50,3,2,1,44,1,Great survey!,,664ea702fbdc6c41eb8ee937,68f93eda9d39995d2bc88d21,68fa4b5100b12ebcf121efe9,Laundry detergent,laundry detergent,Shampoo,shampoo,Concert ticket,a concert ticket
2025-10-23 11:41:07,2025-10-23 11:50:20,0,170.85.131.10,100,553,1,2025-10-23 11:50:21,R_6BkCDgppLQRzQnI,,,,,33.7485,-84.3871,anonymous,EN,1,2,1,1,1,1,1,4,4,1,1,6,1,1,1,4,1,4,7,4,1,1,1,1,4,4,1,1,7,4,6,7,7,7,7,4,1,1,1,1,1,7,1,4,1,1,1,1,19.436,117.78,118.423,45,1,30,30,6,4,1,4,4,1,1,4,7,1,4,6,4,1,1,4,1,4,7,7,1,1,1,1,6,7,4,1,7,4,4,7,7,7,4,1,1,4,1,1,4,7,4,1,4,4,4,4,15.487,99.314,99.974,47,1,30,30,7,4,1,1,1,0,0,4,1,1,1,4,4,1,4,4,1,1,1,4,1,6,4,6,6,1,4,1,4,5,4,4,7,4,4,7,4,7,7,4,1,4,1,4,4,7,4,4,4,4,1,4,12.026,72.073,72.598,45,1,15,15,7,7,1,37,2,,,6564945a98aa29adc95a4672,68f93eda9d39995d2bc88d21,68fa4c85a2b8f8f840581629,Perfume,perfume,Perfume,perfume,Laundry detergent,laundry detergent
2025-10-23 11:34:03,2025-10-23 11:51:01,0,66.248.209.100,100,1017,1,2025-10-23 11:51:02,R_6HLg8bCTR5U0jdx,,,,,33.9043,-80.877,anonymous,EN,1,2,1,2,3,3,3,6,6,2,1,1,7,1,2,1,1,1,5,7,1,7,1,4,4,7,2,1,7,7,7,7,7,6,6,2,1,1,1,1,3,7,1,4,1,2,7,7,19.715,271.076,273.101,65,3,50,50,7,7,0,2,1,1,1,4,4,1,1,6,6,7,7,1,3,7,7,7,1,1,1,1,2,4,1,1,7,1,1,1,1,7,7,3,1,1,1,1,1,7,2,7,6,3,4,5,91.067,282.466,290.376,60,1,10,10,7,7,0,1,0,0,0,4,4,4,4,4,4,4,2,1,4,1,1,7,1,3,7,7,1,1,1,1,1,1,5,7,7,4,1,1,1,4,4,2,1,1,1,1,3,2,2,6,4,4,4,4,6.411,240.848,265.412,71,4,100,50,4,4,0,36,1,,,5ee5e3b02eebe932ee9559c5,68f93eda9d39995d2bc88d21,68fa49407c7c9f271a231ca8,Pair of sneakers,a pair of sneakers,Digital book,a digital book,Bike share membership,a bike share membership
2025-10-23 11:18:45,2025-10-23 11:51:05,0,173.162.26.90,100,1940,1,2025-10-23 11:51:06,R_3Uuur3Z7JlbinsJ,,,,,35.9716,-87.1392,anonymous,EN,1,2,1,7,6,4,6,3,5,6,6,7,5,3,5,6,4,3,6,7,2,2,2,2,1,1,3,2,6,1,1,1,1,5,3,5,2,4,4,4,3,5,5,5,7,5,5,5,9.099,144.233,144.844,63,5,500,100,2,4,0,6,6,5,7,2,6,5,4,2,5,5,5,7,6,4,2,2,6,2,6,6,1,1,6,1,6,6,7,7,7,4,6,2,1,2,1,2,6,2,6,6,6,2,4,4,5.701,134.822,135.185,62,6,500,100,1,4,0,1,0,0,0,5,5,4,3,4,5,3,4,4,5,5,6,7,6,5,5,3,3,2,6,6,1,5,4,1,6,2,1,1,1,5,4,2,5,6,5,5,3,4,5,5,4,4,4,4,5.928,143.591,144.11,74,6,150,25,2,4,0,34,1,,,6435c5530044bda6c396a599,68f93eda9d39995d2bc88d21,68fa474d55f1109a85254320,Online course,a online course,Textbook,a textbook,Digital book,a digital book
2025-10-23 11:40:34,2025-10-23 11:51:23,0,136.43.38.66,100,648,1,2025-10-23 11:51:24,R_6hiqmv68EPTDtu6,,,,,34.7281,-86.5878,anonymous,EN,1,2,1,5,4,5,4,5,5,4,5,5,3,4,4,5,3,6,4,4,5,6,5,5,5,5,4,3,5,3,4,4,6,5,6,4,5,6,5,5,4,5,6,5,5,5,4,5,51.498,133.824,134.809,70,3,150,125,4,5,0,5,4,5,3,6,3,3,4,5,5,4,5,5,3,5,4,6,4,5,4,4,5,5,5,5,5,4,5,5,4,3,5,4,5,5,4,5,4,4,2,6,3,4,5,5,3.024,42.815,125.046,77,3,200,150,3,4,0,1,0,0,0,3,5,5,5,5,3,5,5,5,4,5,6,5,5,5,4,5,5,3,6,4,4,5,5,5,4,5,4,5,4,4,5,4,6,4,4,5,5,4,5,5,4,5,4,5,37.301,59.404,159.787,70,3,175,100,3,4,0,24,2,,,60fcd2c0ef92b8427c66e83a,68f93eda9d39995d2bc88d21,68fa4c0e5b27c5695d6dd506,Concert ticket,a concert ticket,Bike,a bike,Pair of sneakers,a pair of sneakers
2025-10-23 11:29:52,2025-10-23 11:51:29,0,107.206.200.186,100,1296,1,2025-10-23 11:51:29,R_6GoLavIG6KLE0ct,,,,,33.839,-83.9007,anonymous,EN,1,2,1,4,4,2,2,4,4,4,2,2,5,4,4,2,2,4,7,4,2,1,1,1,4,1,1,7,5,3,1,1,1,6,5,5,1,2,1,1,4,4,2,2,2,2,6,6,34.251,354.742,355.102,50,1,15,10,4,6,0,4,4,2,4,4,3,3,1,4,6,1,1,2,3,1,2,7,1,2,1,1,4,7,2,1,7,7,7,7,7,7,4,2,1,1,1,4,5,7,1,2,3,1,5,4,3.375,262.638,263.659,46,1,40,30,6,6,1,1,0,0,0,3,4,1,1,5,1,2,1,1,5,2,4,2,5,2,6,6,1,6,1,4,6,6,5,1,7,7,7,7,7,4,5,3,3,1,1,3,4,7,2,4,7,1,3,2,3.515,260.19,260.777,46,1,20,20,7,6,1,29,2,,,66561a192a5f93ba36a281b3,68f93eda9d39995d2bc88d21,68fa4958069cbcedb1ae5cf1,Bike share membership,a bike share membership,Pair of sneakers,a pair of sneakers,Shampoo,shampoo
2025-10-23 11:34:59,2025-10-23 11:51:31,0,99.53.73.94,100,991,1,2025-10-23 11:51:32,R_1FK9nxVeLjfcvWu,,,,,38.2655,-85.5621,anonymous,EN,1,2,1,1,1,1,1,1,1,1,1,7,1,1,1,7,1,7,7,7,1,1,1,1,7,1,1,1,7,7,7,7,7,7,7,1,1,1,1,1,7,7,1,7,7,1,1,1,3.909,159.793,165.154,63,1,250,100,2,7,0,7,7,7,1,1,1,7,1,7,1,1,1,1,1,7,7,7,1,1,1,1,1,1,7,1,7,7,7,7,7,1,1,1,1,1,1,1,7,7,1,1,1,1,1,1,4.522,440.056,442.631,68,1,8,5,4,1,1,1,1,0,0,1,1,1,1,7,1,7,1,1,1,1,1,1,1,7,7,7,1,1,1,1,7,1,7,1,7,7,7,7,7,1,1,1,1,1,1,1,7,7,7,1,7,7,7,7,4.928,200.459,201.54,67,1,10,10,7,7,1,29,2,,,6109a2dbe566411f860e302a,68f93eda9d39995d2bc88d21,68fa4b1fc848c0b05f0b0afc,Bike,a bike,Starbucks,Starbucks,Fast food meal,a fast food meal
2025-10-23 11:18:58,2025-10-23 11:51:46,0,144.229.40.9,100,1967,1,2025-10-23 11:51:46,R_1jP5Ck7FeijS5BH,,,,,39.7503,-75.5453,anonymous,EN,1,2,1,1,1,1,1,7,7,1,1,1,4,1,1,1,1,1,1,6,7,6,1,2,7,1,7,3,7,3,7,7,7,1,1,6,1,1,1,3,7,2,7,2,1,7,7,7,37.528,371.56100000000004,373.97200000000004,48,1,2.5,3,7,7,1,1,1,1,1,7,6,1,1,1,1,1,1,1,1,3,7,7,1,1,1,1,3,1,5,1,7,2,7,7,7,1,1,1,1,1,1,1,3,7,1,1,1,7,6,6,12.563,610.356,611.895,49,1,11,10,3,4,1,1,0,0,0,5,5,4,5,4,3,2,1,5,5,7,7,1,1,1,7,1,1,3,1,1,3,7,7,1,7,1,7,7,7,7,7,6,1,1,1,2,7,7,1,1,1,4,7,7,4.978,439.872,443.021,49,2,120,90,7,7,0,39,1,,,62dc3847e0742087b3033fe5,68f93eda9d39995d2bc88d21,68fa47536e8d9793a3a2f789,Public transit pass,a public transit pass,Fast food meal,a fast food meal,Pair of sneakers,a pair of sneakers
2025-10-23 11:41:41,2025-10-23 11:53:04,0,173.47.253.96,100,683,1,2025-10-23 11:53:05,R_68CzU8lQHInnBBf,,,,,37.0494,-94.5069,anonymous,EN,1,2,1,7,7,4,7,4,2,5,5,1,7,4,4,5,2,1,2,7,4,7,4,7,7,4,7,7,7,7,3,1,1,3,3,4,1,1,1,3,5,7,6,2,2,2,4,5,19.51,216.599,217.318,49,7,1600,800,1,4,0,7,7,7,7,1,1,7,7,7,2,1,1,1,1,7,7,7,1,1,1,1,1,5,5,1,7,1,7,7,7,1,7,2,1,7,1,1,4,7,2,5,1,1,1,4,26.517,139.755,140.429,48,3,5000,1000,1,4,0,1,0,0,0,3,4,1,6,5,1,5,4,1,5,6,3,4,2,1,5,3,7,4,1,7,1,1,4,6,1,6,1,1,1,4,7,7,1,1,1,4,4,7,4,4,6,1,7,3,36.023,139.297,139.786,46,1,100,100,7,7,0,35,2,,,6647b11c05e40e04db826ccb,68f93eda9d39995d2bc88d21,68fa4c79bba9a2368095d147,Rent,rent,Luxury watch,a luxury watch,Life insurance,life insurance
2025-10-23 11:26:58,2025-10-23 11:54:55,0,70.22.1.9,100,1676,1,2025-10-23 11:54:56,R_51ZslqGxFeKXf2p,,,,,39.2124,-76.8776,anonymous,EN,1,2,1,3,5,1,1,3,1,6,1,5,6,1,1,1,1,4,7,3,1,4,1,1,2,6,3,1,7,6,7,7,1,1,1,1,1,1,1,1,1,5,1,4,4,7,6,7,12.018,312.085,313.022,49,1,13,7,4,3,1,4,7,2,6,4,3,7,5,6,6,6,6,6,5,4,7,7,1,4,2,1,2,7,3,7,7,3,2,1,2,7,6,7,3,2,1,2,3,7,3,6,4,3,7,6,4.911,591.981,593.194,70,2,100,60,4,6,0,1,0,0,0,2,3,6,2,5,6,1,1,1,7,7,7,1,1,1,6,6,1,5,1,3,7,7,7,1,7,7,7,7,7,7,7,4,1,1,1,1,4,7,1,3,4,1,6,6,34.311,309.006,309.92,49,1,20,16,6,6,1,32,2,,,5b3c4005b6b44100016160e7,68f93eda9d39995d2bc88d21,68fa493b8f637b0424f5a196,Fast food meal,a fast food meal,Gym membership,a gym membership,Laundry detergent,laundry detergent
2025-10-23 11:41:28,2025-10-23 11:55:11,0,107.145.242.152,100,823,1,2025-10-23 11:55:12,R_3LiZgm5aTnsfHxf,,,,,28.5978,-81.3024,anonymous,EN,1,2,1,7,7,1,7,4,4,7,4,1,1,1,1,1,1,1,7,7,1,1,1,1,7,4,4,7,7,7,1,7,7,7,7,1,1,1,1,1,1,4,1,4,7,1,4,4,11.174,238.358,239.711,45,7,1200,900,1,4,1,4,4,1,4,4,1,4,4,7,1,1,1,7,1,1,7,7,1,1,1,1,4,1,4,1,7,7,1,4,7,1,1,1,1,1,1,1,7,4,4,7,7,1,1,1,6.205,165.884,169.183,45,4,100,100,4,6,0,1,1,0,0,7,7,4,7,1,4,7,4,7,1,7,1,4,1,7,7,7,4,1,1,1,4,1,4,1,7,7,1,7,1,4,1,1,1,1,1,1,4,7,1,7,7,1,4,1,12.241,189.588,190.681,46,7,100,100,4,4,0,67,1,none,,67e46ccf0410df8605fde2c9,68f93eda9d39995d2bc88d21,68fa4c9e2a4d6e051cd7e891,Rent,rent,Concert ticket,a concert ticket,Luxury hotel stay,a luxury hotel stay
2025-10-23 11:35:28,2025-10-23 11:56:18,0,72.238.213.53,100,1250,1,2025-10-23 11:56:19,R_6i9FUILvK5SJMlC,,,,,28.3939,-81.4216,anonymous,EN,1,2,1,2,2,1,2,6,2,3,2,1,5,4,2,2,2,2,7,5,3,5,2,4,5,6,3,7,6,5,1,1,1,4,5,7,2,1,1,3,4,7,3,2,2,3,5,3,32.726,301.704,308.25,51,2,30,10,4,5,1,7,6,4,6,3,1,6,4,1,5,3,4,3,6,1,2,3,4,6,5,6,6,4,1,6,7,6,1,1,1,5,3,6,2,2,5,7,2,6,2,2,2,5,5,6,5.442,248.459,250.51,50,7,400,15,2,6,1,1,1,0,0,6,5,3,4,3,4,4,1,6,4,2,5,1,5,5,7,7,1,1,2,1,5,2,5,7,4,5,1,1,1,6,7,4,4,1,2,3,5,4,6,5,5,3,3,4,12.449,257.734,259.076,53,4,12,6,3,4,1,36,1,n/a,,6155bb7bd61da3e93bc842e8,68f93eda9d39995d2bc88d21,68fa4b0a36b5f7f3e66e0cab,Life insurance,life insurance,Health insurance,health insurance,Netflix,a Netflix subscription
2025-10-23 11:43:09,2025-10-23 11:56:39,0,206.83.150.47,100,810,1,2025-10-23 11:56:40,R_331pesygcwZBXBK,,,,,38.4104,-86.084,anonymous,EN,1,2,1,7,7,7,7,1,7,7,7,7,1,7,7,7,1,7,7,7,1,1,7,1,1,1,7,1,7,1,7,7,7,7,7,1,1,1,1,1,7,7,7,7,4,1,1,1,27.901,240.111,241.169,47,7,200,50,1,1,0,1,1,1,1,7,7,1,1,1,7,7,1,7,1,1,1,7,1,3,1,7,7,7,7,1,7,7,7,7,4,7,7,1,1,1,1,1,7,7,1,1,7,1,7,7,13.215,176.739,179.761,47,1,10,1,7,7,1,1,0,0,0,7,7,7,7,1,1,7,7,1,1,1,1,7,7,1,1,7,7,7,7,7,7,7,1,7,7,7,1,1,1,7,4,1,1,1,7,7,1,7,7,7,7,1,7,4,9.831,157.275,158.806,46,7,1000,0,4,4,0,59,2,,,5fd66ce8aec66457ff73d743,68f93eda9d39995d2bc88d21,68fa4d05710e404f5fcbe50e,Designer handbag,a designer handbag,Laundry detergent,laundry detergent,Health insurance,health insurance
2025-10-23 11:32:06,2025-10-23 11:57:28,0,185.22.43.150,100,1521,1,2025-10-23 11:57:29,R_3rah9fHtuCKiszn,,,,,37.751,-97.822,anonymous,EN,1,2,1,3,4,2,4,6,3,3,3,1,7,4,4,5,2,2,7,7,6,2,4,6,6,6,5,7,6,7,1,1,1,5,3,4,1,1,1,1,4,7,3,3,5,7,7,7,34.492,261.347,262.698,45,2,11,8,5,5,0,4,5,3,5,6,6,2,2,1,7,6,6,7,3,1,1,1,7,7,6,7,7,7,7,7,7,7,1,1,1,7,7,1,1,1,1,2,6,2,1,1,3,5,7,6,29.681,231.529,232.791,46,4,210,160,2,5,1,1,0,0,0,6,6,5,6,5,4,3,3,2,6,3,3,5,5,2,4,5,4,4,4,5,3,3,6,1,6,6,7,7,7,6,7,6,1,1,1,4,5,6,3,4,5,3,5,4,4.977,228.282,230.856,46,4,100,50,3,4,0,50,1,Have a great time.,,67191dfe860aa0ca395ac34b,68f93eda9d39995d2bc88d21,68fa4a6e2e9a0fc3eb70874c,Meal kit subscription,a meal kit subscription,Electricity bill,an electricity bill,Textbook,a textbook
2025-10-23 11:19:31,2025-10-23 11:58:12,0,172.56.68.52,100,2321,1,2025-10-23 11:58:13,R_7hAzujdYkLYDmhu,,,,,33.906,-84.184,anonymous,EN,1,2,1,4,4,4,4,4,1,4,2,3,5,1,1,1,1,4,7,7,1,4,4,1,1,1,1,5,7,1,1,2,2,4,2,7,1,1,1,1,1,7,2,6,1,3,4,4,28.953,1030.138,1031.33,62,2,200,100,7,7,0,2,2,2,4,7,6,2,2,3,7,1,1,7,1,4,5,6,1,2,2,2,4,7,3,1,7,7,7,7,1,1,1,1,1,1,1,1,2,7,1,4,7,5,6,7,23.181,477.269,478.575,66,2,20,15,7,7,0,1,0,0,0,2,4,1,2,6,6,2,2,2,7,1,1,7,1,4,6,6,2,6,4,6,4,6,6,1,7,7,7,7,1,1,1,1,1,1,1,1,2,7,1,7,7,6,7,7,14.855,284.896,289.97,62,2,20,15,6,7,0,49,1,,,6604106e909295cd8beb5500,68f93eda9d39995d2bc88d21,68fa47681e75c7cf19d94894,Life insurance,life insurance,Uber or Lyft,Uber or Lyft,Uber or Lyft,Uber or Lyft
2025-10-23 11:44:35,2025-10-23 11:58:22,0,97.86.196.26,100,827,1,2025-10-23 11:58:23,R_3isoVixjhuhshWU,,,,,38.3342,-90.9742,anonymous,EN,1,2,1,7,7,2,7,4,1,7,7,7,4,1,1,5,2,7,7,7,1,1,1,1,1,3,1,1,7,5,1,4,1,1,1,1,1,1,1,1,1,7,3,7,5,1,4,3,6.729,188.026,189.403,46,1,300,100,7,3,0,1,1,1,1,7,1,1,1,4,7,4,4,4,5,4,7,7,7,5,1,1,7,5,1,4,7,4,7,7,7,4,4,4,1,1,2,2,1,7,1,5,5,7,7,7,6.958,187.806,195.288,46,1,20,20,5,7,0,1,1,0,0,1,1,1,1,7,1,1,1,4,7,4,4,4,4,4,7,7,7,4,1,1,5,4,1,4,7,4,7,7,7,4,4,4,1,1,1,1,1,7,1,5,5,7,7,7,39.076,214.179,215.026,48,1,20,20,5,7,0,36,1,,,67001b28a9974a03b6ffec54,68f93eda9d39995d2bc88d21,68fa4d603873482438e08d2e,Luxury hotel stay,a luxury hotel stay,Public transit pass,a public transit pass,Public transit pass,a public transit pass
2025-10-23 11:19:10,2025-10-23 11:58:55,0,47.13.218.188,100,2385,1,2025-10-23 11:58:56,R_75rIl1FR5tzUBPj,,,,,33.9175,-87.306,anonymous,EN,1,3,1,4,4,4,4,3,7,5,5,7,4,5,1,7,1,5,7,7,5,1,5,7,4,2,7,7,1,7,1,1,1,1,4,1,5,5,6,7,7,4,5,7,7,1,4,3,1130.348,1130.348,1278.884,1,5,20,20,2,2,0,7,7,1,7,1,7,7,7,7,1,1,1,2,7,7,7,7,1,1,4,1,1,1,7,1,7,1,7,7,4,1,1,1,7,4,7,7,7,7,1,7,1,1,1,4,0,0,116.649,0,7,10,3,1,1,0,1,1,0,0,5,4,2,1,3,6,1,1,1,2,1,4,2,2,4,7,7,2,1,1,2,7,7,5,1,2,6,7,7,7,3,3,1,3,2,2,2,7,7,1,3,3,3,2,6,0,0,138.376,0,1,9,4,7,4,1,61,1,,,62ab399e15b98baaf3099d60,68f93eda9d39995d2bc88d21,68fa475ae23a72e623b8c5ad,Bike share membership,a bike share membership,Starbucks,Starbucks,Shampoo,shampoo
2025-10-23 11:18:16,2025-10-23 11:59:34,0,113.20.54.62,100,2478,1,2025-10-23 11:59:35,R_6eJXTLZOQC7iRuc,,,,,39.0814,-77.6443,anonymous,EN,1,2,1,1,3,1,3,5,5,2,1,3,6,1,1,3,1,3,4,6,4,5,1,6,4,7,2,1,7,6,7,5,3,1,1,1,1,1,1,1,1,6,2,5,7,4,7,5,356.951,699.996,703.215,46,2,45,30,5,5,1,2,4,3,5,5,1,4,1,5,6,6,2,3,1,2,4,1,7,3,5,5,4,6,5,6,6,5,7,7,5,5,7,5,3,1,1,1,6,7,5,4,6,4,4,5,400.153,698.137,700.318,46,2,150,100,7,5,1,1,0,0,0,5,7,5,7,3,1,3,4,1,5,1,1,7,3,7,1,3,7,6,1,4,5,7,6,7,5,6,1,1,1,7,7,7,1,1,1,3,5,6,1,3,4,4,6,7,6.265,229.265,231.92,47,4,150000,80000,7,7,1,38,2,No comments.,,682ca97ac203043cd8416fbf,68f93eda9d39995d2bc88d21,68fa46e0f7dee166b2a6a7b9,Restaurant dinner,a restaurant dinner,Textbook,a textbook,Life insurance,life insurance
2025-10-23 11:23:19,2025-10-23 12:04:02,0,73.238.53.219,100,2442,1,2025-10-23 12:04:02,R_1hSeggyD3h5fKCm,,,,,42.2229,-70.8819,anonymous,EN,1,2,1,7,7,7,7,2,7,7,4,2,5,2,4,4,4,2,2,3,7,7,7,7,7,7,6,7,5,7,2,1,1,7,4,2,2,1,2,3,7,5,6,4,2,2,2,3,229.639,1112.95,1124.302,52,7,2000,5,2,1,1,2,4,1,2,1,4,6,2,4,4,4,6,1,1,4,6,7,4,1,1,1,1,1,4,1,7,1,7,7,7,5,4,1,1,1,1,1,5,3,1,2,4,5,1,2,252.731,665.671,666.547,56,4,100,100,1,1,0,1,1,0,0,1,1,1,7,6,3,2,1,5,1,2,1,4,1,6,7,7,1,1,1,1,1,4,6,1,6,1,7,7,7,2,1,1,1,7,1,1,6,7,2,3,5,1,1,1,7.442,363.258,364.235,52,4,20,20,4,4,0,41,1,,,5f828a47a08cb43c715fe3a2,68f93eda9d39995d2bc88d21,68fa4806fcb91302fc9a229e,Health insurance,health insurance,Public transit pass,a public transit pass,Bottle of wine,a bottle of wine
2025-10-23 11:43:23,2025-10-23 12:07:28,0,50.49.222.226,100,1444,1,2025-10-23 12:07:29,R_1xPQ5B7rk38prif,,,,,41.328,-74.1894,anonymous,EN,1,2,1,4,4,4,4,4,1,4,4,7,2,1,1,4,1,5,7,7,1,1,1,1,1,2,4,1,7,7,7,3,6,4,4,1,1,1,1,1,5,7,7,7,2,1,1,1,214.492,619.721,623.436,52,5,30,25,3,2,0,3,6,1,6,6,1,4,5,7,1,4,6,2,1,1,7,7,1,1,1,1,1,5,4,1,7,7,7,7,7,7,7,6,1,1,1,1,4,7,1,2,4,1,6,4,8.788,303.769,305.473,49,7,600,200,7,7,0,1,0,0,0,5,5,4,4,4,4,4,4,7,4,1,2,4,1,4,7,7,6,1,1,1,4,4,4,2,7,7,7,5,6,4,4,1,1,1,1,1,4,7,4,5,6,1,1,1,6.818,234.47,237.706,58,5,30,25,4,2,0,55,2,none at the moment,,644f162cac2c2b8aa0583b89,68f93eda9d39995d2bc88d21,68fa4d12f0779c7fb8dd7dec,Bottle of wine,a bottle of wine,Designer handbag,a designer handbag,Bottle of wine,a bottle of wine
2025-10-23 11:31:07,2025-10-23 12:10:42,0,130.255.67.222,100,2374,1,2025-10-23 12:10:42,R_5KVIKFk97gObEAN,,,,,33.6988,-78.916,anonymous,EN,1,2,1,2,2,1,2,6,3,1,1,4,6,2,4,1,1,1,7,3,3,1,1,2,1,4,1,1,6,6,7,7,7,7,6,7,3,1,1,1,2,7,1,2,2,5,6,7,202.814,876.048,877.511,52,1,99,120,7,7,1,1,1,4,2,5,7,1,1,7,7,3,3,1,1,2,7,7,1,1,1,1,3,1,4,7,6,1,1,1,1,6,6,4,1,1,1,1,7,3,2,1,1,4,4,1,279.845,701.986,703.762,50,1,17,10,3,4,0,1,0,0,0,2,1,1,1,7,1,1,1,1,2,3,2,1,1,1,7,5,1,1,1,1,7,6,2,2,7,4,7,7,7,7,5,7,1,1,1,1,1,7,5,1,3,4,7,5,3.054,307.858,308.5,54,1,230,300,7,7,1,28,1,,,673bf98fb59b6d9e50a9080c,68f93eda9d39995d2bc88d21,68fa48b5fa12752d8091ff39,Pair of sneakers,a pair of sneakers,Bike share membership,a bike share membership,Perfume,perfume
2025-10-23 11:59:15,2025-10-23 12:10:51,0,141.111.217.140,100,696,1,2025-10-23 12:10:52,R_12QwT8nDSGmjchA,,,,,35.8663,-106.2676,anonymous,EN,1,2,1,3,4,1,3,4,1,3,1,5,5,2,1,7,3,1,7,6,1,3,1,3,7,7,1,5,7,7,7,7,4,1,1,5,1,1,1,1,1,7,1,6,7,7,6,6,11.088,217.313,218.65,49,1,50,40,6,4,1,4,4,1,4,4,4,1,1,1,1,1,1,1,1,1,7,7,1,1,1,1,3,6,2,1,5,6,7,7,7,1,1,3,1,1,1,1,1,5,5,5,5,1,2,3,10.986,196.347,198.491,48,1,15,12,6,1,1,1,1,0,0,3,5,3,5,2,3,1,1,1,5,1,1,1,1,1,7,7,1,1,1,1,4,4,4,4,7,7,7,7,1,1,1,1,1,1,1,1,4,6,1,3,6,6,5,5,6.79,146.584,147.6,49,1,9,6,4,4,1,50,1,,,673cd0592b76130dcd85d767,68f93eda9d39995d2bc88d21,68fa50cbe0a53518f033fe25,Restaurant dinner,a restaurant dinner,Bottle of wine,a bottle of wine,Starbucks,Starbucks
2025-10-23 11:57:10,2025-10-23 12:16:40,0,130.180.251.207,100,1170,1,2025-10-23 12:16:40,R_1KMBUAUJaehWh2B,,,,,40.7126,-74.0066,anonymous,EN,1,2,1,2,3,2,5,6,4,5,6,5,5,6,5,6,2,4,4,2,2,2,2,1,4,3,5,6,6,4,6,6,6,6,5,6,2,1,1,1,5,4,3,5,3,4,6,6,104.17,351.848,352.674,61,4,150,130,6,6,1,2,2,1,2,4,2,2,3,5,5,1,3,2,4,1,5,1,3,2,2,2,3,3,4,2,4,2,5,5,2,2,2,4,2,3,2,2,5,3,2,4,4,5,5,5,16.34,251.158,252.102,52,5,100,70,6,5,1,1,0,0,0,2,1,1,2,2,2,2,5,2,3,5,1,2,2,2,3,4,2,1,2,2,5,3,4,2,4,5,1,3,3,2,2,5,1,1,1,1,3,2,2,3,1,5,4,5,3.74,186.547,187.33499999999998,58,3,1500,1000,4,4,1,35,1,No comments,,63c3164c08ff110d63b44dc6,68f93eda9d39995d2bc88d21,68fa501317f1bc6f5946cbab,Gym membership,a gym membership,Netflix,a Netflix subscription,Rent,rent
2025-10-23 12:10:52,2025-10-23 12:17:51,0,174.28.77.144,100,418,1,2025-10-23 12:17:52,R_7Dp81DoctsGvLfz,,,,,35.0448,-106.6893,anonymous,EN,1,2,1,6,6,6,6,4,7,4,1,4,7,7,7,4,5,4,7,7,1,1,1,1,1,1,1,1,7,1,1,1,2,7,7,2,3,5,4,4,7,7,4,6,5,4,6,6,6.957,122.055,122.76,51,2,10,5,7,6,1,6,6,6,7,4,1,7,6,6,7,2,1,1,4,7,7,6,4,1,1,1,1,1,2,1,7,7,6,4,5,1,1,4,1,1,1,1,3,6,4,5,4,2,1,4,5.002,95.988,96.757,46,5,100,75,7,6,0,1,1,0,0,5,7,4,7,3,1,7,7,7,4,1,1,6,1,6,7,7,1,1,1,1,1,1,3,1,7,7,7,7,7,7,7,6,1,1,1,1,4,7,4,4,4,2,4,3,3.73,81.508,82.438,47,7,5000,1500,5,6,0,54,2,,,6604cab7499d144f955a7c9d,68f93eda9d39995d2bc88d21,68fa53840acb97a76a1d4ace,Digital book,a digital book,Theme park ticket,a theme park ticket,Luxury watch,a luxury watch
2025-10-23 12:11:03,2025-10-23 12:19:53,0,72.197.118.229,100,529,1,2025-10-23 12:19:53,R_5SBq8dr2JM4cYmy,,,,,32.5799,-117.0694,anonymous,EN,1,2,1,7,7,5,6,4,1,7,6,7,7,7,7,1,1,7,7,7,7,1,1,1,1,1,5,1,7,7,3,1,1,1,1,1,1,1,1,1,3,5,4,1,1,1,1,1,12.834,140.667,141.577,45,5,100,50,6,3,0,7,7,7,5,1,6,7,4,5,1,4,6,7,1,7,7,7,1,1,1,1,1,1,1,7,7,7,7,7,1,1,4,1,1,1,1,1,6,7,7,7,7,7,7,7,5.381,118.125,119.499,45,4,150,0,1,4,0,1,0,0,0,7,6,4,5,1,7,4,4,1,1,4,4,7,1,7,7,7,1,1,1,1,1,1,4,1,7,1,7,7,7,4,5,1,1,1,1,1,4,7,7,7,7,1,1,1,5.844,116.471,117.5,46,5,75,25,1,1,0,51,2,,,66ccd41993bcfa83410adbf0,68f93eda9d39995d2bc88d21,68fa538dc595f8762a43976f,Theme park ticket,a theme park ticket,Meal kit subscription,a meal kit subscription,Physical video game,a physical video game
2025-10-23 12:20:48,2025-10-23 12:32:30,0,67.86.58.130,100,702,1,2025-10-23 12:32:31,R_10pB1M6TUHiB0fv,,,,,40.325,-74.2682,anonymous,EN,1,2,1,2,3,1,3,7,7,1,4,3,6,1,1,7,6,4,7,6,2,1,1,1,5,4,7,5,6,7,1,1,7,7,5,7,7,6,1,1,5,4,5,1,7,3,7,7,30.831,223.079,224.121,52,1,10,10,7,7,1,6,5,4,2,3,2,1,4,2,1,1,6,7,1,1,7,6,5,5,1,1,7,7,5,5,7,7,7,7,7,1,1,1,1,1,1,6,5,7,1,3,5,6,7,7,10.973,161.658,162.641,48,1,21,15,7,4,1,1,0,0,0,5,3,3,4,6,3,1,4,1,7,1,4,1,1,1,7,7,1,7,1,1,7,5,7,7,7,7,1,1,1,7,7,7,1,1,1,1,6,3,1,1,3,1,7,4,6.807,155.904,157.028,49,1,30,25,7,7,1,60,2,,,5d49a0b751695e0001a188a8,68f93eda9d39995d2bc88d21,68fa55da9ffa32f77226b185,Uber or Lyft,Uber or Lyft,Restaurant dinner,a restaurant dinner,Gym membership,a gym membership
2025-10-23 00:14:55,2025-10-23 00:15:22,0,72.89.245.222,18,26,0,2025-10-30 00:15:27,R_3GEcKiMQklW4RK9,,,,,40.8271,-73.9359,anonymous,EN,1,2,2,,,,,,,,,,,,,,,,,,,,,,,,,,,,,,,,,,,,,,,,,,,,,,,,,,,,,,,,,,,,,,,,,,,,,,,,,,,,,,,,,,,,,,,,,,,,,,,,,,,,,,,,,,,,,,,,,,,,,,,,,,,,,,,,,,,,,,,,,,,,,,,,,,,,,,,,,,,,,,,,,,,,,,,,,,,,,,5f399a9b2a5c2c118b490bd5,68f93eda9d39995d2bc88d21,0nn8n6lsc7jd,Physical video game,a physical video game,Pair of sneakers,a pair of sneakers,Public transit pass,a public transit pass
2025-10-23 11:16:06,2025-10-23 11:16:13,0,136.60.6.3,6,7,0,2025-10-30 11:16:20,R_7H2xKGBUqG6jDga,,,,,30.2881,-97.764,anonymous,EN,1,,,,,,,,,,,,,,,,,,,,,,,,,,,,,,,,,,,,,,,,,,,,,,,,,,,,,,,,,,,,,,,,,,,,,,,,,,,,,,,,,,,,,,,,,,,,,,,,,,,,,,,,,,,,,,,,,,,,,,,,,,,,,,,,,,,,,,,,,,,,,,,,,,,,,,,,,,,,,,,,,,,,,,,,,,,,,,,,55d0945934e9060005e57258,68f93eda9d39995d2bc88d21,68fa46aeb11985d27e33abf5,,,,,,
2025-10-23 11:16:22,2025-10-23 11:16:49,0,192.228.52.233,18,26,0,2025-10-30 11:16:50,R_3pomlnR05VLkzr0,,,,,33.9641,-87.9014,anonymous,EN,1,2,1,,,,,,,,,,,,,,,,,,,,,,,,,,,,,,,,,,,,,,,,,,,,,,,,,,,,,,,,,,,,,,,,,,,,,,,,,,,,,,,,,,,,,,,,,,,,,,,,,,,,,,,,,,,,,,,,,,,,,,,,,,,,,,,,,,,,,,,,,,,,,,,,,,,,,,,,,,,,,,,,,,,,,,,,,,,,,,67673cda94b4d0cf1a6a7382,68f93eda9d39995d2bc88d21,68fa46bf925a87c78cf1d628,Textbook,a textbook,Monthly car payment,monthly car payment,Meal kit subscription,a meal kit subscription
2025-10-23 11:16:15,2025-10-23 11:16:49,0,72.108.2.171,18,33,0,2025-10-30 11:16:51,R_3qaLcCcQOrYKuyo,,,,,30.5429,-88.1839,anonymous,EN,1,2,1,,,,,,,,,,,,,,,,,,,,,,,,,,,,,,,,,,,,,,,,,,,,,,,,,,,,,,,,,,,,,,,,,,,,,,,,,,,,,,,,,,,,,,,,,,,,,,,,,,,,,,,,,,,,,,,,,,,,,,,,,,,,,,,,,,,,,,,,,,,,,,,,,,,,,,,,,,,,,,,,,,,,,,,,,,,,,,610d6c481ca4797b863fe3d1,68f93eda9d39995d2bc88d21,68fa46b64bd45b00a3cb2fac,Uber or Lyft,Uber or Lyft,Theme park ticket,a theme park ticket,Bottle of wine,a bottle of wine
2025-10-23 11:16:20,2025-10-23 11:18:03,0,108.217.72.81,18,102,0,2025-10-30 11:18:05,R_5Sp0XkSclL8UXDo,,,,,33.781,-118.2622,anonymous,EN,1,2,1,,,,,,,,,,,,,,,,,,,,,,,,,,,,,,,,,,,,,,,,,,,,,,,,,,,,,,,,,,,,,,,,,,,,,,,,,,,,,,,,,,,,,,,,,,,,,,,,,,,,,,,,,,,,,,,,,,,,,,,,,,,,,,,,,,,,,,,,,,,,,,,,,,,,,,,,,,,,,,,,,,,,,,,,,,,,,,5b5a822e1ad8270001c4f28d,68f93eda9d39995d2bc88d21,68fa46bebb5efd9a0aacdd52,Perfume,perfume,Textbook,a textbook,Health insurance,health insurance
2025-10-23 11:18:04,2025-10-23 11:18:38,0,76.152.91.21,15,34,0,2025-10-30 11:18:39,R_3P7yyQPysKgkBHX,,,,,41.7418,-70.4517,anonymous,EN,1,2,1,,,,,,,,,,,,,,,,,,,,,,,,,,,,,,,,,,,,,,,,,,,,,,,,,,,,,,,,,,,,,,,,,,,,,,,,,,,,,,,,,,,,,,,,,,,,,,,,,,,,,,,,,,,,,,,,,,,,,,,,,,,,,,,,,,,,,,,,,,,,,,,,,,,,,,,,,,,,,,,,,,,,,,,,,,,,,,5b915c9d22d85d000115c0f5,68f93eda9d39995d2bc88d21,68fa47122b12a960b804f279,,,,,,
2025-10-23 11:18:42,2025-10-23 11:19:12,0,172.223.153.72,18,29,0,2025-10-30 11:19:14,R_7D7M0fYryBrlVtj,,,,,35.8906,-83.7246,anonymous,EN,1,2,1,,,,,,,,,,,,,,,,,,,,,,,,,,,,,,,,,,,,,,,,,,,,,,,,,,,,,,,,,,,,,,,,,,,,,,,,,,,,,,,,,,,,,,,,,,,,,,,,,,,,,,,,,,,,,,,,,,,,,,,,,,,,,,,,,,,,,,,,,,,,,,,,,,,,,,,,,,,,,,,,,,,,,,,,,,,,,,5be1ac50ca095c0001b9f717,68f93eda9d39995d2bc88d21,68fa474c1abd6176e93bc893,Digital book,a digital book,Laptop,a laptop,Life insurance,life insurance
2025-10-23 11:16:48,2025-10-23 11:19:26,0,75.209.117.220,18,156,0,2025-10-30 11:19:34,R_5FKcGC8HAbQdqJe,,,,,41.3844,-81.7003,anonymous,EN,1,2,1,,,,,,,,,,,,,,,,,,,,,,,,,,,,,,,,,,,,,,,,,,,,,,,,,,,,,,,,,,,,,,,,,,,,,,,,,,,,,,,,,,,,,,,,,,,,,,,,,,,,,,,,,,,,,,,,,,,,,,,,,,,,,,,,,,,,,,,,,,,,,,,,,,,,,,,,,,,,,,,,,,,,,,,,,,,,,,62cbf51439a76e8fccd8a495,68f93eda9d39995d2bc88d21,68fa46c4694c9357a12f226a,Online course,a online course,Fast food meal,a fast food meal,Pair of sneakers,a pair of sneakers
2025-10-23 11:17:13,2025-10-23 11:22:46,0,107.128.2.67,41,332,0,2025-10-30 11:22:48,R_3CWtfEDMHbCxYFO,,,,,29.5531,-98.3598,anonymous,EN,1,2,1,3,2,1,3,7,1,3,1,4,7,1,1,3,1,2,7,4,2,3,1,5,1,1,1,1,7,7,7,7,7,7,7,7,1,1,1,1,3,7,1,3,2,4,7,7,7.494,113.283,157.811,54,1,500,300,7,7,0,,,,,,,,,,,,,,,,,,,,,,,,,,,,,,,,,,,,,,,,,,,,,,,,,,,,,,,,,,,,,,,,,,,,,,,,,,,,,,,,,,,,,,,,,,,,,,,,,,,,,,,,,,,,,,,,,,,,,,,5e1f8fbfb202032c463f3e06,68f93eda9d39995d2bc88d21,68fa46eb01705186f5afd601,Laptop,a laptop,Monthly car payment,monthly car payment,Electricity bill,an electricity bill
2025-10-23 11:23:44,2025-10-23 11:25:02,0,98.226.81.224,18,77,0,2025-10-30 11:25:05,R_1bTyIN3sCwoLvba,,,,,41.8907,-87.7908,anonymous,EN,1,2,1,,,,,,,,,,,,,,,,,,,,,,,,,,,,,,,,,,,,,,,,,,,,,,,,,,,,,,,,,,,,,,,,,,,,,,,,,,,,,,,,,,,,,,,,,,,,,,,,,,,,,,,,,,,,,,,,,,,,,,,,,,,,,,,,,,,,,,,,,,,,,,,,,,,,,,,,,,,,,,,,,,,,,,,,,,,,,,67505c42a18c872bab88ed42,68f93eda9d39995d2bc88d21,68fa47f88722092149ccad1e,Bike,a bike,Physical video game,a physical video game,Theme park ticket,a theme park ticket
2025-10-23 11:18:34,2025-10-23 11:22:59,0,65.30.250.73,41,264,0,2025-10-30 11:25:29,R_5j3ujtxcowlzi7X,,,,,44.1811,-88.4762,anonymous,EN,1,2,1,4,4,7,2,2,6,5,1,4,6,5,3,7,1,6,7,6,5,1,4,5,1,2,4,7,7,1,5,3,1,5,5,3,1,5,1,3,4,2,7,5,4,2,4,4,9.366,138.196,139.043,64,7,30,10,1,1,0,,,,,,,,,,,,,,,,,,,,,,,,,,,,,,,,,,,,,,,,,,,,,,,,,,,,,,,,,,,,,,,,,,,,,,,,,,,,,,,,,,,,,,,,,,,,,,,,,,,,,,,,,,,,,,,,,,,,,,,5ba596467c0ebe0001269842,68f93eda9d39995d2bc88d21,68fa47420524725525645e1b,Bike share membership,a bike share membership,Shampoo,shampoo,Bottle of wine,a bottle of wine
2025-10-23 11:18:36,2025-10-23 11:25:56,0,98.48.8.25,18,439,0,2025-10-30 11:26:03,R_60uyTjvyF9TYeGM,,,,,35.1814,-106.5067,anonymous,EN,1,2,1,,,,,,,,,,,,,,,,,,,,,,,,,,,,,,,,,,,,,,,,,,,,,,,,,,,,,,,,,,,,,,,,,,,,,,,,,,,,,,,,,,,,,,,,,,,,,,,,,,,,,,,,,,,,,,,,,,,,,,,,,,,,,,,,,,,,,,,,,,,,,,,,,,,,,,,,,,,,,,,,,,,,,,,,,,,,,,5fefefa4c9707d3516361c9c,68f93eda9d39995d2bc88d21,68fa474365c8616ca8cd95a0,Parking,parking,Meal kit subscription,a meal kit subscription,Restaurant dinner,a restaurant dinner
2025-10-23 11:24:08,2025-10-23 11:27:08,0,216.245.127.163,18,180,0,2025-10-30 11:27:17,R_3unGLl163IRFGeZ,,,,,34.0783,-89.8877,anonymous,EN,1,2,1,,,,,,,,,,,,,,,,,,,,,,,,,,,,,,,,,,,,,,,,,,,,,,,,,,,,,,,,,,,,,,,,,,,,,,,,,,,,,,,,,,,,,,,,,,,,,,,,,,,,,,,,,,,,,,,,,,,,,,,,,,,,,,,,,,,,,,,,,,,,,,,,,,,,,,,,,,,,,,,,,,,,,,,,,,,,,,5e84bd7c34d5d9072128fac1,68f93eda9d39995d2bc88d21,68fa4892607cee09af989f5a,Shampoo,shampoo,Digital book,a digital book,Laptop,a laptop
2025-10-23 11:16:00,2025-10-23 11:30:05,0,130.180.245.233,41,844,0,2025-10-30 11:30:09,R_14800sd14xxlzT9,,,,,40.7126,-74.0066,anonymous,EN,1,2,1,5,4,4,3,3,1,1,1,1,1,1,7,6,6,1,5,1,1,7,5,7,5,7,2,4,7,4,1,1,1,1,2,1,6,5,7,7,7,2,5,4,6,7,6,4,13.723,518.063,521.297,48,3,15,11,4,5,1,,,,,,,,,,,,,,,,,,,,,,,,,,,,,,,,,,,,,,,,,,,,,,,,,,,,,,,,,,,,,,,,,,,,,,,,,,,,,,,,,,,,,,,,,,,,,,,,,,,,,,,,,,,,,,,,,,,,,,,681fb4307ad889766965fc3b,68f93eda9d39995d2bc88d21,68fa46a8aef58a68360c6854,Parking,parking,Digital book,a digital book,Laundry detergent,laundry detergent
2025-10-23 11:18:44,2025-10-23 11:31:05,0,73.40.114.33,18,740,0,2025-10-30 11:31:08,R_3gXHmFvaT616ZC2,,,,,37.4365,-77.4807,anonymous,EN,1,2,2,,,,,,,,,,,,,,,,,,,,,,,,,,,,,,,,,,,,,,,,,,,,,,,,,,,,,,,,,,,,,,,,,,,,,,,,,,,,,,,,,,,,,,,,,,,,,,,,,,,,,,,,,,,,,,,,,,,,,,,,,,,,,,,,,,,,,,,,,,,,,,,,,,,,,,,,,,,,,,,,,,,,,,,,,,,,,,65c1501098be0f409188762f,68f93eda9d39995d2bc88d21,68fa47474ee8ac2b764f675c,Online course,a online course,Shampoo,shampoo,Concert ticket,a concert ticket
2025-10-23 11:32:57,2025-10-23 11:33:14,0,76.36.9.132,18,16,0,2025-10-30 11:33:17,R_6ndBUTpnu6UF4Jz,,,,,35.2227,-80.7938,anonymous,EN,1,2,1,,,,,,,,,,,,,,,,,,,,,,,,,,,,,,,,,,,,,,,,,,,,,,,,,,,,,,,,,,,,,,,,,,,,,,,,,,,,,,,,,,,,,,,,,,,,,,,,,,,,,,,,,,,,,,,,,,,,,,,,,,,,,,,,,,,,,,,,,,,,,,,,,,,,,,,,,,,,,,,,,,,,,,,,,,,,,,583b397f54686200010f1d20,68f93eda9d39995d2bc88d21,68fa471cfa354bb007716f13,Health insurance,health insurance,Pair of sneakers,a pair of sneakers,Gym membership,a gym membership
2025-10-23 11:18:22,2025-10-23 11:47:33,0,113.20.54.148,47,1750,0,2025-10-30 11:47:42,R_6jBsReeqvilL6hG,,,,,39.0814,-77.6443,anonymous,EN,1,2,1,1,1,1,2,6,3,1,1,1,4,1,2,2,1,1,2,3,7,3,1,6,5,7,5,1,7,7,7,7,7,4,5,4,1,1,1,1,5,7,1,3,5,3,7,5,38.599,319.521,321.524,47,1,40,30,7,7,1,2,4,1,3,5,3,1,1,1,5,1,1,3,3,1,6,4,5,3,1,5,5,5,6,5,5,5,5,7,5,3,3,6,1,1,3,5,5,2,1,1,2,4,7,6,44.173,373.031,376.429,47,,,,,,,,,,,,,,,,,,,,,,,,,,,,,,,,,,,,,,,,,,,,,,,,,,,,,,,,,,,,,,,,,,,,,,681ea8fbe1bf0ec361a63e94,68f93eda9d39995d2bc88d21,68fa46dcba0fc35928d20d79,Shampoo,shampoo,Public transit pass,a public transit pass,Online course,a online course
